  [1m[35mSQL (0.5ms)[0m  [1m[35mSET search_path TO public /*application='Lifeglow'*/[0m
  [1m[35m (265.3ms)[0m  [1m[35mCREATE DATABASE "lifeglow_development" ENCODING = 'unicode' /*application='Lifeglow'*/[0m
  [1m[35mSQL (0.3ms)[0m  [1m[35mSET search_path TO public /*application='Lifeglow'*/[0m
  [1m[35m (269.3ms)[0m  [1m[35mCREATE DATABASE "lifeglow_test" ENCODING = 'unicode' /*application='Lifeglow'*/[0m
  [1m[35m (15.6ms)[0m  [1m[35mCREATE TABLE "schema_migrations" ("version" character varying NOT NULL PRIMARY KEY) /*application='Lifeglow'*/[0m
  [1m[35m (25.4ms)[0m  [1m[35mCREATE TABLE "ar_internal_metadata" ("key" character varying NOT NULL PRIMARY KEY, "value" character varying, "created_at" timestamp(6) NOT NULL, "updated_at" timestamp(6) NOT NULL) /*application='Lifeglow'*/[0m
  [1m[35m (0.5ms)[0m  [1m[34mSELECT pg_try_advisory_lock(683520439475905920) /*application='Lifeglow'*/[0m
  [1m[36mActiveRecord::SchemaMigration Load (0.3ms)[0m  [1m[34mSELECT "schema_migrations"."version" FROM "schema_migrations" ORDER BY "schema_migrations"."version" ASC /*application='Lifeglow'*/[0m
  [1m[36mActiveRecord::InternalMetadata Load (0.5ms)[0m  [1m[34mSELECT * FROM "ar_internal_metadata" WHERE "ar_internal_metadata"."key" = 'environment' ORDER BY "ar_internal_metadata"."key" ASC LIMIT 1 /*application='Lifeglow'*/[0m
  [1m[36mActiveRecord::InternalMetadata Create (1.0ms)[0m  [1m[32mINSERT INTO "ar_internal_metadata" ("key", "value", "created_at", "updated_at") VALUES ('environment', 'development', '2024-11-21 15:43:54.873658', '2024-11-21 15:43:54.873660') RETURNING "key" /*application='Lifeglow'*/[0m
Migrating to DeviseCreateModels (20241121154302)
  [1m[36mTRANSACTION (0.0ms)[0m  [1m[35mBEGIN /*application='Lifeglow'*/[0m
  [1m[35m (10.9ms)[0m  [1m[35mCREATE TABLE "models" ("id" bigserial primary key, "email" character varying DEFAULT '' NOT NULL, "encrypted_password" character varying DEFAULT '' NOT NULL, "reset_password_token" character varying, "reset_password_sent_at" timestamp(6), "remember_created_at" timestamp(6), "created_at" timestamp(6) NOT NULL, "updated_at" timestamp(6) NOT NULL) /*application='Lifeglow'*/[0m
  [1m[35m (1.9ms)[0m  [1m[35mCREATE UNIQUE INDEX "index_models_on_email" ON "models" ("email") /*application='Lifeglow'*/[0m
  [1m[35m (1.8ms)[0m  [1m[35mCREATE UNIQUE INDEX "index_models_on_reset_password_token" ON "models" ("reset_password_token") /*application='Lifeglow'*/[0m
  [1m[36mActiveRecord::SchemaMigration Create (0.4ms)[0m  [1m[32mINSERT INTO "schema_migrations" ("version") VALUES ('20241121154302') RETURNING "version" /*application='Lifeglow'*/[0m
  [1m[36mTRANSACTION (0.9ms)[0m  [1m[35mCOMMIT /*application='Lifeglow'*/[0m
  [1m[35m (0.7ms)[0m  [1m[34mSELECT pg_advisory_unlock(683520439475905920) /*application='Lifeglow'*/[0m
  [1m[36mActiveRecord::SchemaMigration Load (1.1ms)[0m  [1m[34mSELECT "schema_migrations"."version" FROM "schema_migrations" ORDER BY "schema_migrations"."version" ASC /*application='Lifeglow'*/[0m
  [1m[35m (0.1ms)[0m  [1m[34mSELECT pg_try_advisory_lock(683520439475905920) /*application='Lifeglow'*/[0m
  [1m[36mActiveRecord::SchemaMigration Load (0.7ms)[0m  [1m[34mSELECT "schema_migrations"."version" FROM "schema_migrations" ORDER BY "schema_migrations"."version" ASC /*application='Lifeglow'*/[0m
  [1m[36mActiveRecord::InternalMetadata Load (0.6ms)[0m  [1m[34mSELECT * FROM "ar_internal_metadata" WHERE "ar_internal_metadata"."key" = 'environment' ORDER BY "ar_internal_metadata"."key" ASC LIMIT 1 /*application='Lifeglow'*/[0m
Migrating to DeviseCreateUsers (20241201042747)
  [1m[36mTRANSACTION (0.0ms)[0m  [1m[35mBEGIN /*application='Lifeglow'*/[0m
  [1m[35m (10.3ms)[0m  [1m[35mCREATE TABLE "users" ("id" bigserial primary key, "email" character varying DEFAULT '' NOT NULL, "encrypted_password" character varying DEFAULT '' NOT NULL, "reset_password_token" character varying, "reset_password_sent_at" timestamp(6), "remember_created_at" timestamp(6), "created_at" timestamp(6) NOT NULL, "updated_at" timestamp(6) NOT NULL) /*application='Lifeglow'*/[0m
  [1m[35m (1.6ms)[0m  [1m[35mCREATE UNIQUE INDEX "index_users_on_email" ON "users" ("email") /*application='Lifeglow'*/[0m
  [1m[35m (1.4ms)[0m  [1m[35mCREATE UNIQUE INDEX "index_users_on_reset_password_token" ON "users" ("reset_password_token") /*application='Lifeglow'*/[0m
  [1m[36mActiveRecord::SchemaMigration Create (0.1ms)[0m  [1m[32mINSERT INTO "schema_migrations" ("version") VALUES ('20241201042747') RETURNING "version" /*application='Lifeglow'*/[0m
  [1m[36mTRANSACTION (0.7ms)[0m  [1m[35mCOMMIT /*application='Lifeglow'*/[0m
  [1m[35m (0.1ms)[0m  [1m[34mSELECT pg_advisory_unlock(683520439475905920) /*application='Lifeglow'*/[0m
  [1m[36mActiveRecord::SchemaMigration Load (0.3ms)[0m  [1m[34mSELECT "schema_migrations"."version" FROM "schema_migrations" ORDER BY "schema_migrations"."version" ASC /*application='Lifeglow'*/[0m
Started GET "/" for 127.0.0.1 at 2024-12-01 10:17:47 +0545
  [1m[36mActiveRecord::SchemaMigration Load (0.6ms)[0m  [1m[34mSELECT "schema_migrations"."version" FROM "schema_migrations" ORDER BY "schema_migrations"."version" ASC /*application='Lifeglow'*/[0m
Processing by Rails::WelcomeController#index as HTML
  Rendering /home/nihal/.local/share/mise/installs/ruby/3.3.6/lib/ruby/gems/3.3.0/gems/railties-8.0.0/lib/rails/templates/rails/welcome/index.html.erb
  Rendered /home/nihal/.local/share/mise/installs/ruby/3.3.6/lib/ruby/gems/3.3.0/gems/railties-8.0.0/lib/rails/templates/rails/welcome/index.html.erb (Duration: 0.5ms | GC: 0.0ms)
Completed 200 OK in 24ms (Views: 4.0ms | ActiveRecord: 0.0ms (0 queries, 0 cached) | GC: 0.0ms)


Started GET "/" for 127.0.0.1 at 2024-12-01 10:17:53 +0545
Processing by Rails::WelcomeController#index as HTML
  Rendering /home/nihal/.local/share/mise/installs/ruby/3.3.6/lib/ruby/gems/3.3.0/gems/railties-8.0.0/lib/rails/templates/rails/welcome/index.html.erb
  Rendered /home/nihal/.local/share/mise/installs/ruby/3.3.6/lib/ruby/gems/3.3.0/gems/railties-8.0.0/lib/rails/templates/rails/welcome/index.html.erb (Duration: 0.1ms | GC: 0.0ms)
Completed 200 OK in 5ms (Views: 0.2ms | ActiveRecord: 0.0ms (0 queries, 0 cached) | GC: 0.0ms)


Started GET "/home/index" for 127.0.0.1 at 2024-12-01 10:17:57 +0545
  
ActionController::RoutingError (No route matches [GET] "/home/index"):
  
Started GET "/favicon.ico" for 127.0.0.1 at 2024-12-01 10:17:57 +0545
  
ActionController::RoutingError (No route matches [GET] "/favicon.ico"):
  
Started GET "/home" for 127.0.0.1 at 2024-12-01 10:18:02 +0545
  
ActionController::RoutingError (No route matches [GET] "/home"):
  
Started GET "/home" for 127.0.0.1 at 2024-12-01 10:18:06 +0545
  
ActionController::RoutingError (No route matches [GET] "/home"):
  
Started GET "/home" for 127.0.0.1 at 2024-12-01 10:20:59 +0545
  
ActionController::RoutingError (No route matches [GET] "/home"):
  
Started GET "/" for 127.0.0.1 at 2024-12-01 10:21:03 +0545
Processing by Rails::WelcomeController#index as HTML
  Rendering /home/nihal/.local/share/mise/installs/ruby/3.3.6/lib/ruby/gems/3.3.0/gems/railties-8.0.0/lib/rails/templates/rails/welcome/index.html.erb
  Rendered /home/nihal/.local/share/mise/installs/ruby/3.3.6/lib/ruby/gems/3.3.0/gems/railties-8.0.0/lib/rails/templates/rails/welcome/index.html.erb (Duration: 0.4ms | GC: 0.0ms)
Completed 200 OK in 6ms (Views: 1.5ms | ActiveRecord: 0.0ms (0 queries, 0 cached) | GC: 0.0ms)


Started GET "/" for 127.0.0.1 at 2024-12-01 10:21:05 +0545
Processing by Rails::WelcomeController#index as HTML
  Rendering /home/nihal/.local/share/mise/installs/ruby/3.3.6/lib/ruby/gems/3.3.0/gems/railties-8.0.0/lib/rails/templates/rails/welcome/index.html.erb
  Rendered /home/nihal/.local/share/mise/installs/ruby/3.3.6/lib/ruby/gems/3.3.0/gems/railties-8.0.0/lib/rails/templates/rails/welcome/index.html.erb (Duration: 0.1ms | GC: 0.0ms)
Completed 200 OK in 5ms (Views: 0.3ms | ActiveRecord: 0.0ms (0 queries, 0 cached) | GC: 0.0ms)


Started GET "/" for 127.0.0.1 at 2024-12-01 10:21:32 +0545
  [1m[36mActiveRecord::SchemaMigration Load (0.6ms)[0m  [1m[34mSELECT "schema_migrations"."version" FROM "schema_migrations" ORDER BY "schema_migrations"."version" ASC /*application='Lifeglow'*/[0m
Processing by Rails::WelcomeController#index as HTML
  Rendering /home/nihal/.local/share/mise/installs/ruby/3.3.6/lib/ruby/gems/3.3.0/gems/railties-8.0.0/lib/rails/templates/rails/welcome/index.html.erb
  Rendered /home/nihal/.local/share/mise/installs/ruby/3.3.6/lib/ruby/gems/3.3.0/gems/railties-8.0.0/lib/rails/templates/rails/welcome/index.html.erb (Duration: 0.4ms | GC: 0.0ms)
Completed 200 OK in 14ms (Views: 2.3ms | ActiveRecord: 0.0ms (0 queries, 0 cached) | GC: 0.0ms)


Started GET "/home" for 127.0.0.1 at 2024-12-01 10:21:37 +0545
  
ActionController::RoutingError (No route matches [GET] "/home"):
  
Started GET "/favicon.ico" for 127.0.0.1 at 2024-12-01 10:21:38 +0545
  
ActionController::RoutingError (No route matches [GET] "/favicon.ico"):
  
Started GET "/home" for 127.0.0.1 at 2024-12-01 10:23:24 +0545
  
ActionController::RoutingError (No route matches [GET] "/home"):
  
Started GET "/home" for 127.0.0.1 at 2024-12-01 10:23:26 +0545
  
ActionController::RoutingError (No route matches [GET] "/home"):
  
Started GET "/favicon.ico" for 127.0.0.1 at 2024-12-01 10:23:27 +0545
  
ActionController::RoutingError (No route matches [GET] "/favicon.ico"):
  
Started GET "/" for 127.0.0.1 at 2024-12-01 10:23:35 +0545
Processing by Rails::WelcomeController#index as HTML
  Rendering /home/nihal/.local/share/mise/installs/ruby/3.3.6/lib/ruby/gems/3.3.0/gems/railties-8.0.0/lib/rails/templates/rails/welcome/index.html.erb
  Rendered /home/nihal/.local/share/mise/installs/ruby/3.3.6/lib/ruby/gems/3.3.0/gems/railties-8.0.0/lib/rails/templates/rails/welcome/index.html.erb (Duration: 0.3ms | GC: 0.0ms)
Completed 200 OK in 6ms (Views: 0.9ms | ActiveRecord: 0.0ms (0 queries, 0 cached) | GC: 0.0ms)


Started GET "/" for 127.0.0.1 at 2024-12-01 10:23:37 +0545
Processing by Rails::WelcomeController#index as HTML
  Rendering /home/nihal/.local/share/mise/installs/ruby/3.3.6/lib/ruby/gems/3.3.0/gems/railties-8.0.0/lib/rails/templates/rails/welcome/index.html.erb
  Rendered /home/nihal/.local/share/mise/installs/ruby/3.3.6/lib/ruby/gems/3.3.0/gems/railties-8.0.0/lib/rails/templates/rails/welcome/index.html.erb (Duration: 0.1ms | GC: 0.0ms)
Completed 200 OK in 4ms (Views: 0.4ms | ActiveRecord: 0.0ms (0 queries, 0 cached) | GC: 0.0ms)


Started GET "/" for 127.0.0.1 at 2024-12-01 10:24:38 +0545
  [1m[36mActiveRecord::SchemaMigration Load (0.6ms)[0m  [1m[34mSELECT "schema_migrations"."version" FROM "schema_migrations" ORDER BY "schema_migrations"."version" ASC /*application='Lifeglow'*/[0m
Processing by Rails::WelcomeController#index as HTML
  Rendering /home/nihal/.local/share/mise/installs/ruby/3.3.6/lib/ruby/gems/3.3.0/gems/railties-8.0.0/lib/rails/templates/rails/welcome/index.html.erb
  Rendered /home/nihal/.local/share/mise/installs/ruby/3.3.6/lib/ruby/gems/3.3.0/gems/railties-8.0.0/lib/rails/templates/rails/welcome/index.html.erb (Duration: 0.4ms | GC: 0.0ms)
Completed 200 OK in 15ms (Views: 2.6ms | ActiveRecord: 0.0ms (0 queries, 0 cached) | GC: 0.0ms)


Started GET "/home/index" for 127.0.0.1 at 2024-12-01 10:24:46 +0545
  
ActionController::RoutingError (No route matches [GET] "/home/index"):
  
Started GET "/favicon.ico" for 127.0.0.1 at 2024-12-01 10:24:46 +0545
  
ActionController::RoutingError (No route matches [GET] "/favicon.ico"):
  
Started GET "/home" for 127.0.0.1 at 2024-12-01 10:24:49 +0545
  
ActionController::RoutingError (No route matches [GET] "/home"):
  
Started GET "/home" for 127.0.0.1 at 2024-12-01 10:25:45 +0545
  
ActionController::RoutingError (No route matches [GET] "/home"):
  
Started GET "/" for 127.0.0.1 at 2024-12-01 10:25:50 +0545
Processing by Rails::WelcomeController#index as HTML
  Rendering /home/nihal/.local/share/mise/installs/ruby/3.3.6/lib/ruby/gems/3.3.0/gems/railties-8.0.0/lib/rails/templates/rails/welcome/index.html.erb
  Rendered /home/nihal/.local/share/mise/installs/ruby/3.3.6/lib/ruby/gems/3.3.0/gems/railties-8.0.0/lib/rails/templates/rails/welcome/index.html.erb (Duration: 0.4ms | GC: 0.0ms)
Completed 200 OK in 5ms (Views: 1.0ms | ActiveRecord: 0.0ms (0 queries, 0 cached) | GC: 0.0ms)


Started GET "/home" for 127.0.0.1 at 2024-12-01 10:25:58 +0545
  
ActionController::RoutingError (No route matches [GET] "/home"):
  
Started GET "/" for ::1 at 2024-12-01 10:26:14 +0545
  [1m[36mActiveRecord::SchemaMigration Load (0.8ms)[0m  [1m[34mSELECT "schema_migrations"."version" FROM "schema_migrations" ORDER BY "schema_migrations"."version" ASC /*application='Lifeglow'*/[0m
Processing by Rails::WelcomeController#index as HTML
  Rendering /home/nihal/.local/share/mise/installs/ruby/3.3.6/lib/ruby/gems/3.3.0/gems/railties-8.0.0/lib/rails/templates/rails/welcome/index.html.erb
  Rendered /home/nihal/.local/share/mise/installs/ruby/3.3.6/lib/ruby/gems/3.3.0/gems/railties-8.0.0/lib/rails/templates/rails/welcome/index.html.erb (Duration: 0.5ms | GC: 0.0ms)
Completed 200 OK in 16ms (Views: 2.5ms | ActiveRecord: 0.0ms (0 queries, 0 cached) | GC: 0.0ms)


Started GET "/" for ::1 at 2024-12-01 10:26:18 +0545
Processing by Rails::WelcomeController#index as HTML
  Rendering /home/nihal/.local/share/mise/installs/ruby/3.3.6/lib/ruby/gems/3.3.0/gems/railties-8.0.0/lib/rails/templates/rails/welcome/index.html.erb
  Rendered /home/nihal/.local/share/mise/installs/ruby/3.3.6/lib/ruby/gems/3.3.0/gems/railties-8.0.0/lib/rails/templates/rails/welcome/index.html.erb (Duration: 0.1ms | GC: 0.0ms)
Completed 200 OK in 4ms (Views: 0.2ms | ActiveRecord: 0.0ms (0 queries, 0 cached) | GC: 0.0ms)


Started GET "/home" for ::1 at 2024-12-01 10:26:22 +0545
  
ActionController::RoutingError (No route matches [GET] "/home"):
  
Started GET "/favicon.ico" for ::1 at 2024-12-01 10:26:22 +0545
  
ActionController::RoutingError (No route matches [GET] "/favicon.ico"):
  
Started GET "/" for 127.0.0.1 at 2024-12-01 10:41:44 +0545
  [1m[36mActiveRecord::SchemaMigration Load (0.8ms)[0m  [1m[34mSELECT "schema_migrations"."version" FROM "schema_migrations" ORDER BY "schema_migrations"."version" ASC /*application='Lifeglow'*/[0m
Processing by Rails::WelcomeController#index as HTML
  Rendering /home/nihal/.local/share/mise/installs/ruby/3.3.6/lib/ruby/gems/3.3.0/gems/railties-8.0.0/lib/rails/templates/rails/welcome/index.html.erb
  Rendered /home/nihal/.local/share/mise/installs/ruby/3.3.6/lib/ruby/gems/3.3.0/gems/railties-8.0.0/lib/rails/templates/rails/welcome/index.html.erb (Duration: 0.5ms | GC: 0.0ms)
Completed 200 OK in 15ms (Views: 2.4ms | ActiveRecord: 0.0ms (0 queries, 0 cached) | GC: 0.0ms)


Started GET "/" for 127.0.0.1 at 2024-12-01 10:41:47 +0545
Processing by Rails::WelcomeController#index as HTML
  Rendering /home/nihal/.local/share/mise/installs/ruby/3.3.6/lib/ruby/gems/3.3.0/gems/railties-8.0.0/lib/rails/templates/rails/welcome/index.html.erb
  Rendered /home/nihal/.local/share/mise/installs/ruby/3.3.6/lib/ruby/gems/3.3.0/gems/railties-8.0.0/lib/rails/templates/rails/welcome/index.html.erb (Duration: 0.1ms | GC: 0.0ms)
Completed 200 OK in 4ms (Views: 0.4ms | ActiveRecord: 0.0ms (0 queries, 0 cached) | GC: 0.0ms)


Started GET "/" for 127.0.0.1 at 2024-12-01 10:41:50 +0545
Processing by Rails::WelcomeController#index as HTML
  Rendering /home/nihal/.local/share/mise/installs/ruby/3.3.6/lib/ruby/gems/3.3.0/gems/railties-8.0.0/lib/rails/templates/rails/welcome/index.html.erb
  Rendered /home/nihal/.local/share/mise/installs/ruby/3.3.6/lib/ruby/gems/3.3.0/gems/railties-8.0.0/lib/rails/templates/rails/welcome/index.html.erb (Duration: 0.1ms | GC: 0.0ms)
Completed 200 OK in 6ms (Views: 1.8ms | ActiveRecord: 0.0ms (0 queries, 0 cached) | GC: 0.0ms)


Started GET "/home/index" for 127.0.0.1 at 2024-12-01 10:41:55 +0545
  
ActionController::RoutingError (No route matches [GET] "/home/index"):
  
Started GET "/" for 127.0.0.1 at 2024-12-02 14:07:31 +0545
  [1m[36mActiveRecord::SchemaMigration Load (20.1ms)[0m  [1m[34mSELECT "schema_migrations"."version" FROM "schema_migrations" ORDER BY "schema_migrations"."version" ASC /*application='Lifeglow'*/[0m
Processing by HomesController#index as HTML
  Rendering layout layouts/application.html.erb
  Rendering homes/index.html.erb within layouts/application
  Rendered homes/index.html.erb within layouts/application (Duration: 1.4ms | GC: 0.0ms)
  Rendered layout layouts/application.html.erb (Duration: 2.4ms | GC: 0.0ms)
Completed 500 Internal Server Error in 31ms (ActiveRecord: 0.0ms (0 queries, 0 cached) | GC: 0.0ms)


  
ActionView::Template::Error (undefined local variable or method `new_user_session_path' for an instance of #<Class:0x0000756c79882a88>)
Caused by: NameError (undefined local variable or method `new_user_session_path' for an instance of #<Class:0x0000756c79882a88>)

Information for: ActionView::Template::Error (undefined local variable or method `new_user_session_path' for an instance of #<Class:0x0000756c79882a88>):
    1: <%= link_to 'Sign in', new_user_session_path %>
  
app/views/homes/index.html.erb:1

Information for cause: NameError (undefined local variable or method `new_user_session_path' for an instance of #<Class:0x0000756c79882a88>):
  
app/views/homes/index.html.erb:1
Started GET "/favicon.ico" for 127.0.0.1 at 2024-12-02 14:07:31 +0545
  
ActionController::RoutingError (No route matches [GET] "/favicon.ico"):
  
Started GET "/" for 127.0.0.1 at 2024-12-02 14:10:17 +0545
Processing by HomesController#index as HTML
  Rendering layout layouts/application.html.erb
  Rendering homes/index.html.erb within layouts/application
  Rendered homes/index.html.erb within layouts/application (Duration: 2.0ms | GC: 0.0ms)
  Rendered layout layouts/application.html.erb (Duration: 3.1ms | GC: 0.0ms)
Completed 500 Internal Server Error in 14ms (ActiveRecord: 0.0ms (0 queries, 0 cached) | GC: 0.5ms)


  
ActionView::Template::Error (undefined local variable or method `new_user_session_path' for an instance of #<Class:0x0000756c7a8921d0>)
Caused by: NameError (undefined local variable or method `new_user_session_path' for an instance of #<Class:0x0000756c7a8921d0>)

Information for: ActionView::Template::Error (undefined local variable or method `new_user_session_path' for an instance of #<Class:0x0000756c7a8921d0>):
    1: <%= link_to 'Sign in', new_user_session_path %>
  
app/views/homes/index.html.erb:1

Information for cause: NameError (undefined local variable or method `new_user_session_path' for an instance of #<Class:0x0000756c7a8921d0>):
  
app/views/homes/index.html.erb:1
Started GET "/favicon.ico" for 127.0.0.1 at 2024-12-02 14:10:18 +0545
  
ActionController::RoutingError (No route matches [GET] "/favicon.ico"):
  
Started GET "/" for 127.0.0.1 at 2024-12-02 14:13:03 +0545
Processing by HomesController#index as HTML
  Rendering layout layouts/application.html.erb
  Rendering homes/index.html.erb within layouts/application
  Rendered homes/index.html.erb within layouts/application (Duration: 0.9ms | GC: 0.0ms)
  Rendered layout layouts/application.html.erb (Duration: 29.8ms | GC: 1.1ms)
Completed 200 OK in 37ms (Views: 30.6ms | ActiveRecord: 0.0ms (0 queries, 0 cached) | GC: 1.2ms)


Started GET "/assets/application-8b441ae0.css" for 127.0.0.1 at 2024-12-02 14:13:03 +0545
Started GET "/assets/controllers/hello_controller-708796bd.js" for 127.0.0.1 at 2024-12-02 14:13:03 +0545
Started GET "/assets/application-bfcdf840.js" for 127.0.0.1 at 2024-12-02 14:13:03 +0545
Started GET "/assets/turbo.min-fae85750.js" for 127.0.0.1 at 2024-12-02 14:13:03 +0545
Started GET "/assets/controllers/index-ee64e1f1.js" for 127.0.0.1 at 2024-12-02 14:13:03 +0545
Started GET "/assets/stimulus.min-4b1e420e.js" for 127.0.0.1 at 2024-12-02 14:13:03 +0545
Started GET "/assets/stimulus-loading-1fc53fe7.js" for 127.0.0.1 at 2024-12-02 14:13:03 +0545
Started GET "/assets/controllers/application-3affb389.js" for 127.0.0.1 at 2024-12-02 14:13:03 +0545
Started GET "/signin" for 127.0.0.1 at 2024-12-02 14:13:05 +0545
Processing by Devise::SessionsController#new as HTML
  Rendering layout layouts/application.html.erb
  Rendering /home/nihal/.local/share/mise/installs/ruby/3.3.6/lib/ruby/gems/3.3.0/gems/devise-4.9.4/app/views/devise/sessions/new.html.erb within layouts/application
  Rendered /home/nihal/.local/share/mise/installs/ruby/3.3.6/lib/ruby/gems/3.3.0/gems/devise-4.9.4/app/views/devise/sessions/new.html.erb within layouts/application (Duration: 2.1ms | GC: 0.1ms)
  Rendered layout layouts/application.html.erb (Duration: 3.0ms | GC: 0.1ms)
Completed 500 Internal Server Error in 126ms (ActiveRecord: 49.2ms (0 queries, 0 cached) | GC: 0.9ms)


  
ActionView::Template::Error (undefined method `session_path' for an instance of #<Class:0x0000756c79778e80>)
Caused by: NoMethodError (undefined method `session_path' for an instance of #<Class:0x0000756c79778e80>)

Information for: ActionView::Template::Error (undefined method `session_path' for an instance of #<Class:0x0000756c79778e80>):
    1: <h2>Log in</h2>
    2: 
    3: <%= form_for(resource, as: resource_name, url: session_path(resource_name)) do |f| %>
    4:   <div class="field">
    5:     <%= f.label :email %><br />
    6:     <%= f.email_field :email, autofocus: true, autocomplete: "email" %>
  
railties (8.0.0) lib/rails/engine/lazy_route_set.rb:99:in `method_missing'
devise (4.9.4) app/views/devise/sessions/new.html.erb:3
actionview (8.0.0) lib/action_view/base.rb:281:in `public_send'
actionview (8.0.0) lib/action_view/base.rb:281:in `_run'
actionview (8.0.0) lib/action_view/template.rb:284:in `block in render'
activesupport (8.0.0) lib/active_support/notifications.rb:212:in `instrument'
actionview (8.0.0) lib/action_view/template.rb:583:in `instrument_render_template'
actionview (8.0.0) lib/action_view/template.rb:272:in `render'
actionview (8.0.0) lib/action_view/renderer/template_renderer.rb:66:in `block (2 levels) in render_template'
activesupport (8.0.0) lib/active_support/notifications.rb:210:in `block in instrument'
activesupport (8.0.0) lib/active_support/notifications/instrumenter.rb:58:in `instrument'
activesupport (8.0.0) lib/active_support/notifications.rb:210:in `instrument'
actionview (8.0.0) lib/action_view/renderer/template_renderer.rb:60:in `block in render_template'
actionview (8.0.0) lib/action_view/renderer/template_renderer.rb:76:in `block in render_with_layout'
activesupport (8.0.0) lib/active_support/notifications.rb:210:in `block in instrument'
activesupport (8.0.0) lib/active_support/notifications/instrumenter.rb:58:in `instrument'
activesupport (8.0.0) lib/active_support/notifications.rb:210:in `instrument'
actionview (8.0.0) lib/action_view/renderer/template_renderer.rb:75:in `render_with_layout'
actionview (8.0.0) lib/action_view/renderer/template_renderer.rb:59:in `render_template'
actionview (8.0.0) lib/action_view/renderer/template_renderer.rb:11:in `render'
actionview (8.0.0) lib/action_view/renderer/renderer.rb:58:in `render_template_to_object'
actionview (8.0.0) lib/action_view/renderer/renderer.rb:31:in `render_to_object'
actionview (8.0.0) lib/action_view/rendering.rb:136:in `block in _render_template'
actionview (8.0.0) lib/action_view/base.rb:308:in `in_rendering_context'
actionview (8.0.0) lib/action_view/rendering.rb:135:in `_render_template'
actionpack (8.0.0) lib/action_controller/metal/streaming.rb:179:in `_render_template'
actionview (8.0.0) lib/action_view/rendering.rb:122:in `render_to_body'
actionpack (8.0.0) lib/action_controller/metal/rendering.rb:186:in `render_to_body'
actionpack (8.0.0) lib/action_controller/metal/renderers.rb:140:in `render_to_body'
actionpack (8.0.0) lib/abstract_controller/rendering.rb:28:in `render'
actionpack (8.0.0) lib/action_controller/metal/rendering.rb:167:in `render'
actionpack (8.0.0) lib/action_controller/metal/instrumentation.rb:31:in `block (2 levels) in render'
activesupport (8.0.0) lib/active_support/benchmark.rb:17:in `realtime'
actionpack (8.0.0) lib/action_controller/metal/instrumentation.rb:31:in `block in render'
actionpack (8.0.0) lib/action_controller/metal/instrumentation.rb:100:in `cleanup_view_runtime'
activerecord (8.0.0) lib/active_record/railties/controller_runtime.rb:46:in `cleanup_view_runtime'
actionpack (8.0.0) lib/action_controller/metal/instrumentation.rb:30:in `render'
responders (3.1.1) lib/action_controller/responder.rb:245:in `default_render'
responders (3.1.1) lib/action_controller/responder.rb:175:in `to_html'
responders (3.1.1) lib/action_controller/responder.rb:168:in `respond'
responders (3.1.1) lib/action_controller/responder.rb:161:in `call'
responders (3.1.1) lib/action_controller/respond_with.rb:216:in `respond_with'
devise (4.9.4) app/controllers/devise/sessions_controller.rb:14:in `new'
actionpack (8.0.0) lib/action_controller/metal/basic_implicit_render.rb:8:in `send_action'
actionpack (8.0.0) lib/abstract_controller/base.rb:226:in `process_action'
actionpack (8.0.0) lib/action_controller/metal/rendering.rb:193:in `process_action'
actionpack (8.0.0) lib/abstract_controller/callbacks.rb:261:in `block in process_action'
activesupport (8.0.0) lib/active_support/callbacks.rb:120:in `block in run_callbacks'
turbo-rails (2.0.11) lib/turbo-rails.rb:24:in `with_request_id'
turbo-rails (2.0.11) app/controllers/concerns/turbo/request_id_tracking.rb:10:in `turbo_tracking_request_id'
activesupport (8.0.0) lib/active_support/callbacks.rb:129:in `block in run_callbacks'
actiontext (8.0.0) lib/action_text/rendering.rb:25:in `with_renderer'
actiontext (8.0.0) lib/action_text/engine.rb:71:in `block (4 levels) in <class:Engine>'
activesupport (8.0.0) lib/active_support/callbacks.rb:129:in `instance_exec'
activesupport (8.0.0) lib/active_support/callbacks.rb:129:in `block in run_callbacks'
activesupport (8.0.0) lib/active_support/callbacks.rb:140:in `run_callbacks'
actionpack (8.0.0) lib/abstract_controller/callbacks.rb:260:in `process_action'
actionpack (8.0.0) lib/action_controller/metal/rescue.rb:27:in `process_action'
actionpack (8.0.0) lib/action_controller/metal/instrumentation.rb:76:in `block in process_action'
activesupport (8.0.0) lib/active_support/notifications.rb:210:in `block in instrument'
activesupport (8.0.0) lib/active_support/notifications/instrumenter.rb:58:in `instrument'
activesupport (8.0.0) lib/active_support/notifications.rb:210:in `instrument'
actionpack (8.0.0) lib/action_controller/metal/instrumentation.rb:75:in `process_action'
actionpack (8.0.0) lib/action_controller/metal/params_wrapper.rb:259:in `process_action'
activerecord (8.0.0) lib/active_record/railties/controller_runtime.rb:39:in `process_action'
actionpack (8.0.0) lib/abstract_controller/base.rb:163:in `process'
actionview (8.0.0) lib/action_view/rendering.rb:40:in `process'
actionpack (8.0.0) lib/action_controller/metal.rb:252:in `dispatch'
actionpack (8.0.0) lib/action_controller/metal.rb:335:in `dispatch'
actionpack (8.0.0) lib/action_dispatch/routing/route_set.rb:67:in `dispatch'
actionpack (8.0.0) lib/action_dispatch/routing/route_set.rb:50:in `serve'
actionpack (8.0.0) lib/action_dispatch/routing/mapper.rb:32:in `block in <class:Constraints>'
actionpack (8.0.0) lib/action_dispatch/routing/mapper.rb:62:in `serve'
actionpack (8.0.0) lib/action_dispatch/journey/router.rb:53:in `block in serve'
actionpack (8.0.0) lib/action_dispatch/journey/router.rb:133:in `block in find_routes'
actionpack (8.0.0) lib/action_dispatch/journey/router.rb:126:in `each'
actionpack (8.0.0) lib/action_dispatch/journey/router.rb:126:in `find_routes'
actionpack (8.0.0) lib/action_dispatch/journey/router.rb:34:in `serve'
actionpack (8.0.0) lib/action_dispatch/routing/route_set.rb:908:in `call'
railties (8.0.0) lib/rails/engine/lazy_route_set.rb:68:in `call'
warden (1.2.9) lib/warden/manager.rb:36:in `block in call'
warden (1.2.9) lib/warden/manager.rb:34:in `catch'
warden (1.2.9) lib/warden/manager.rb:34:in `call'
rack (3.1.8) lib/rack/tempfile_reaper.rb:20:in `call'
rack (3.1.8) lib/rack/etag.rb:29:in `call'
rack (3.1.8) lib/rack/conditional_get.rb:31:in `call'
rack (3.1.8) lib/rack/head.rb:15:in `call'
actionpack (8.0.0) lib/action_dispatch/http/permissions_policy.rb:38:in `call'
actionpack (8.0.0) lib/action_dispatch/http/content_security_policy.rb:35:in `call'
rack-session (2.0.0) lib/rack/session/abstract/id.rb:272:in `context'
rack-session (2.0.0) lib/rack/session/abstract/id.rb:266:in `call'
actionpack (8.0.0) lib/action_dispatch/middleware/cookies.rb:706:in `call'
activerecord (8.0.0) lib/active_record/migration.rb:671:in `call'
actionpack (8.0.0) lib/action_dispatch/middleware/callbacks.rb:31:in `block in call'
activesupport (8.0.0) lib/active_support/callbacks.rb:100:in `run_callbacks'
actionpack (8.0.0) lib/action_dispatch/middleware/callbacks.rb:30:in `call'
actionpack (8.0.0) lib/action_dispatch/middleware/executor.rb:16:in `call'
actionpack (8.0.0) lib/action_dispatch/middleware/actionable_exceptions.rb:18:in `call'
actionpack (8.0.0) lib/action_dispatch/middleware/debug_exceptions.rb:31:in `call'
web-console (4.2.1) lib/web_console/middleware.rb:132:in `call_app'
web-console (4.2.1) lib/web_console/middleware.rb:28:in `block in call'
web-console (4.2.1) lib/web_console/middleware.rb:17:in `catch'
web-console (4.2.1) lib/web_console/middleware.rb:17:in `call'
actionpack (8.0.0) lib/action_dispatch/middleware/show_exceptions.rb:32:in `call'
railties (8.0.0) lib/rails/rack/logger.rb:41:in `call_app'
railties (8.0.0) lib/rails/rack/logger.rb:29:in `call'
actionpack (8.0.0) lib/action_dispatch/middleware/remote_ip.rb:96:in `call'
actionpack (8.0.0) lib/action_dispatch/middleware/request_id.rb:34:in `call'
rack (3.1.8) lib/rack/method_override.rb:28:in `call'
rack (3.1.8) lib/rack/runtime.rb:24:in `call'
actionpack (8.0.0) lib/action_dispatch/middleware/server_timing.rb:61:in `block in call'
actionpack (8.0.0) lib/action_dispatch/middleware/server_timing.rb:26:in `collect_events'
actionpack (8.0.0) lib/action_dispatch/middleware/server_timing.rb:60:in `call'
actionpack (8.0.0) lib/action_dispatch/middleware/executor.rb:16:in `call'
actionpack (8.0.0) lib/action_dispatch/middleware/static.rb:27:in `call'
rack (3.1.8) lib/rack/sendfile.rb:114:in `call'
actionpack (8.0.0) lib/action_dispatch/middleware/host_authorization.rb:143:in `call'
railties (8.0.0) lib/rails/engine.rb:535:in `call'
puma (6.4.3) lib/puma/configuration.rb:272:in `call'
puma (6.4.3) lib/puma/request.rb:100:in `block in handle_request'
puma (6.4.3) lib/puma/thread_pool.rb:378:in `with_force_shutdown'
puma (6.4.3) lib/puma/request.rb:99:in `handle_request'
puma (6.4.3) lib/puma/server.rb:464:in `process_client'
puma (6.4.3) lib/puma/server.rb:245:in `block in run'
puma (6.4.3) lib/puma/thread_pool.rb:155:in `block in spawn_thread'

Information for cause: NoMethodError (undefined method `session_path' for an instance of #<Class:0x0000756c79778e80>):
  
railties (8.0.0) lib/rails/engine/lazy_route_set.rb:99:in `method_missing'
devise (4.9.4) app/views/devise/sessions/new.html.erb:3
actionview (8.0.0) lib/action_view/base.rb:281:in `public_send'
actionview (8.0.0) lib/action_view/base.rb:281:in `_run'
actionview (8.0.0) lib/action_view/template.rb:284:in `block in render'
activesupport (8.0.0) lib/active_support/notifications.rb:212:in `instrument'
actionview (8.0.0) lib/action_view/template.rb:583:in `instrument_render_template'
actionview (8.0.0) lib/action_view/template.rb:272:in `render'
actionview (8.0.0) lib/action_view/renderer/template_renderer.rb:66:in `block (2 levels) in render_template'
activesupport (8.0.0) lib/active_support/notifications.rb:210:in `block in instrument'
activesupport (8.0.0) lib/active_support/notifications/instrumenter.rb:58:in `instrument'
activesupport (8.0.0) lib/active_support/notifications.rb:210:in `instrument'
actionview (8.0.0) lib/action_view/renderer/template_renderer.rb:60:in `block in render_template'
actionview (8.0.0) lib/action_view/renderer/template_renderer.rb:76:in `block in render_with_layout'
activesupport (8.0.0) lib/active_support/notifications.rb:210:in `block in instrument'
activesupport (8.0.0) lib/active_support/notifications/instrumenter.rb:58:in `instrument'
activesupport (8.0.0) lib/active_support/notifications.rb:210:in `instrument'
actionview (8.0.0) lib/action_view/renderer/template_renderer.rb:75:in `render_with_layout'
actionview (8.0.0) lib/action_view/renderer/template_renderer.rb:59:in `render_template'
actionview (8.0.0) lib/action_view/renderer/template_renderer.rb:11:in `render'
actionview (8.0.0) lib/action_view/renderer/renderer.rb:58:in `render_template_to_object'
actionview (8.0.0) lib/action_view/renderer/renderer.rb:31:in `render_to_object'
actionview (8.0.0) lib/action_view/rendering.rb:136:in `block in _render_template'
actionview (8.0.0) lib/action_view/base.rb:308:in `in_rendering_context'
actionview (8.0.0) lib/action_view/rendering.rb:135:in `_render_template'
actionpack (8.0.0) lib/action_controller/metal/streaming.rb:179:in `_render_template'
actionview (8.0.0) lib/action_view/rendering.rb:122:in `render_to_body'
actionpack (8.0.0) lib/action_controller/metal/rendering.rb:186:in `render_to_body'
actionpack (8.0.0) lib/action_controller/metal/renderers.rb:140:in `render_to_body'
actionpack (8.0.0) lib/abstract_controller/rendering.rb:28:in `render'
actionpack (8.0.0) lib/action_controller/metal/rendering.rb:167:in `render'
actionpack (8.0.0) lib/action_controller/metal/instrumentation.rb:31:in `block (2 levels) in render'
activesupport (8.0.0) lib/active_support/benchmark.rb:17:in `realtime'
actionpack (8.0.0) lib/action_controller/metal/instrumentation.rb:31:in `block in render'
actionpack (8.0.0) lib/action_controller/metal/instrumentation.rb:100:in `cleanup_view_runtime'
activerecord (8.0.0) lib/active_record/railties/controller_runtime.rb:46:in `cleanup_view_runtime'
actionpack (8.0.0) lib/action_controller/metal/instrumentation.rb:30:in `render'
responders (3.1.1) lib/action_controller/responder.rb:245:in `default_render'
responders (3.1.1) lib/action_controller/responder.rb:175:in `to_html'
responders (3.1.1) lib/action_controller/responder.rb:168:in `respond'
responders (3.1.1) lib/action_controller/responder.rb:161:in `call'
responders (3.1.1) lib/action_controller/respond_with.rb:216:in `respond_with'
devise (4.9.4) app/controllers/devise/sessions_controller.rb:14:in `new'
actionpack (8.0.0) lib/action_controller/metal/basic_implicit_render.rb:8:in `send_action'
actionpack (8.0.0) lib/abstract_controller/base.rb:226:in `process_action'
actionpack (8.0.0) lib/action_controller/metal/rendering.rb:193:in `process_action'
actionpack (8.0.0) lib/abstract_controller/callbacks.rb:261:in `block in process_action'
activesupport (8.0.0) lib/active_support/callbacks.rb:120:in `block in run_callbacks'
turbo-rails (2.0.11) lib/turbo-rails.rb:24:in `with_request_id'
turbo-rails (2.0.11) app/controllers/concerns/turbo/request_id_tracking.rb:10:in `turbo_tracking_request_id'
activesupport (8.0.0) lib/active_support/callbacks.rb:129:in `block in run_callbacks'
actiontext (8.0.0) lib/action_text/rendering.rb:25:in `with_renderer'
actiontext (8.0.0) lib/action_text/engine.rb:71:in `block (4 levels) in <class:Engine>'
activesupport (8.0.0) lib/active_support/callbacks.rb:129:in `instance_exec'
activesupport (8.0.0) lib/active_support/callbacks.rb:129:in `block in run_callbacks'
activesupport (8.0.0) lib/active_support/callbacks.rb:140:in `run_callbacks'
actionpack (8.0.0) lib/abstract_controller/callbacks.rb:260:in `process_action'
actionpack (8.0.0) lib/action_controller/metal/rescue.rb:27:in `process_action'
actionpack (8.0.0) lib/action_controller/metal/instrumentation.rb:76:in `block in process_action'
activesupport (8.0.0) lib/active_support/notifications.rb:210:in `block in instrument'
activesupport (8.0.0) lib/active_support/notifications/instrumenter.rb:58:in `instrument'
activesupport (8.0.0) lib/active_support/notifications.rb:210:in `instrument'
actionpack (8.0.0) lib/action_controller/metal/instrumentation.rb:75:in `process_action'
actionpack (8.0.0) lib/action_controller/metal/params_wrapper.rb:259:in `process_action'
activerecord (8.0.0) lib/active_record/railties/controller_runtime.rb:39:in `process_action'
actionpack (8.0.0) lib/abstract_controller/base.rb:163:in `process'
actionview (8.0.0) lib/action_view/rendering.rb:40:in `process'
actionpack (8.0.0) lib/action_controller/metal.rb:252:in `dispatch'
actionpack (8.0.0) lib/action_controller/metal.rb:335:in `dispatch'
actionpack (8.0.0) lib/action_dispatch/routing/route_set.rb:67:in `dispatch'
actionpack (8.0.0) lib/action_dispatch/routing/route_set.rb:50:in `serve'
actionpack (8.0.0) lib/action_dispatch/routing/mapper.rb:32:in `block in <class:Constraints>'
actionpack (8.0.0) lib/action_dispatch/routing/mapper.rb:62:in `serve'
actionpack (8.0.0) lib/action_dispatch/journey/router.rb:53:in `block in serve'
actionpack (8.0.0) lib/action_dispatch/journey/router.rb:133:in `block in find_routes'
actionpack (8.0.0) lib/action_dispatch/journey/router.rb:126:in `each'
actionpack (8.0.0) lib/action_dispatch/journey/router.rb:126:in `find_routes'
actionpack (8.0.0) lib/action_dispatch/journey/router.rb:34:in `serve'
actionpack (8.0.0) lib/action_dispatch/routing/route_set.rb:908:in `call'
railties (8.0.0) lib/rails/engine/lazy_route_set.rb:68:in `call'
warden (1.2.9) lib/warden/manager.rb:36:in `block in call'
warden (1.2.9) lib/warden/manager.rb:34:in `catch'
warden (1.2.9) lib/warden/manager.rb:34:in `call'
rack (3.1.8) lib/rack/tempfile_reaper.rb:20:in `call'
rack (3.1.8) lib/rack/etag.rb:29:in `call'
rack (3.1.8) lib/rack/conditional_get.rb:31:in `call'
rack (3.1.8) lib/rack/head.rb:15:in `call'
actionpack (8.0.0) lib/action_dispatch/http/permissions_policy.rb:38:in `call'
actionpack (8.0.0) lib/action_dispatch/http/content_security_policy.rb:35:in `call'
rack-session (2.0.0) lib/rack/session/abstract/id.rb:272:in `context'
rack-session (2.0.0) lib/rack/session/abstract/id.rb:266:in `call'
actionpack (8.0.0) lib/action_dispatch/middleware/cookies.rb:706:in `call'
activerecord (8.0.0) lib/active_record/migration.rb:671:in `call'
actionpack (8.0.0) lib/action_dispatch/middleware/callbacks.rb:31:in `block in call'
activesupport (8.0.0) lib/active_support/callbacks.rb:100:in `run_callbacks'
actionpack (8.0.0) lib/action_dispatch/middleware/callbacks.rb:30:in `call'
actionpack (8.0.0) lib/action_dispatch/middleware/executor.rb:16:in `call'
actionpack (8.0.0) lib/action_dispatch/middleware/actionable_exceptions.rb:18:in `call'
actionpack (8.0.0) lib/action_dispatch/middleware/debug_exceptions.rb:31:in `call'
web-console (4.2.1) lib/web_console/middleware.rb:132:in `call_app'
web-console (4.2.1) lib/web_console/middleware.rb:28:in `block in call'
web-console (4.2.1) lib/web_console/middleware.rb:17:in `catch'
web-console (4.2.1) lib/web_console/middleware.rb:17:in `call'
actionpack (8.0.0) lib/action_dispatch/middleware/show_exceptions.rb:32:in `call'
railties (8.0.0) lib/rails/rack/logger.rb:41:in `call_app'
railties (8.0.0) lib/rails/rack/logger.rb:29:in `call'
actionpack (8.0.0) lib/action_dispatch/middleware/remote_ip.rb:96:in `call'
actionpack (8.0.0) lib/action_dispatch/middleware/request_id.rb:34:in `call'
rack (3.1.8) lib/rack/method_override.rb:28:in `call'
rack (3.1.8) lib/rack/runtime.rb:24:in `call'
actionpack (8.0.0) lib/action_dispatch/middleware/server_timing.rb:61:in `block in call'
actionpack (8.0.0) lib/action_dispatch/middleware/server_timing.rb:26:in `collect_events'
actionpack (8.0.0) lib/action_dispatch/middleware/server_timing.rb:60:in `call'
actionpack (8.0.0) lib/action_dispatch/middleware/executor.rb:16:in `call'
actionpack (8.0.0) lib/action_dispatch/middleware/static.rb:27:in `call'
rack (3.1.8) lib/rack/sendfile.rb:114:in `call'
actionpack (8.0.0) lib/action_dispatch/middleware/host_authorization.rb:143:in `call'
railties (8.0.0) lib/rails/engine.rb:535:in `call'
puma (6.4.3) lib/puma/configuration.rb:272:in `call'
puma (6.4.3) lib/puma/request.rb:100:in `block in handle_request'
puma (6.4.3) lib/puma/thread_pool.rb:378:in `with_force_shutdown'
puma (6.4.3) lib/puma/request.rb:99:in `handle_request'
puma (6.4.3) lib/puma/server.rb:464:in `process_client'
puma (6.4.3) lib/puma/server.rb:245:in `block in run'
puma (6.4.3) lib/puma/thread_pool.rb:155:in `block in spawn_thread'
Started GET "/" for 127.0.0.1 at 2024-12-02 14:14:19 +0545
  [1m[36mActiveRecord::SchemaMigration Load (0.8ms)[0m  [1m[34mSELECT "schema_migrations"."version" FROM "schema_migrations" ORDER BY "schema_migrations"."version" ASC /*application='Lifeglow'*/[0m
Processing by HomesController#index as HTML
  Rendering layout layouts/application.html.erb
  Rendering homes/index.html.erb within layouts/application
  Rendered homes/index.html.erb within layouts/application (Duration: 1.0ms | GC: 0.0ms)
  Rendered layout layouts/application.html.erb (Duration: 12.0ms | GC: 0.0ms)
Completed 200 OK in 39ms (Views: 15.0ms | ActiveRecord: 0.0ms (0 queries, 0 cached) | GC: 0.0ms)


Started GET "/signin" for 127.0.0.1 at 2024-12-02 14:14:20 +0545
Processing by Devise::SessionsController#new as HTML
  Rendering layout layouts/application.html.erb
  Rendering /home/nihal/.local/share/mise/installs/ruby/3.3.6/lib/ruby/gems/3.3.0/gems/devise-4.9.4/app/views/devise/sessions/new.html.erb within layouts/application
  Rendered /home/nihal/.local/share/mise/installs/ruby/3.3.6/lib/ruby/gems/3.3.0/gems/devise-4.9.4/app/views/devise/shared/_links.html.erb (Duration: 4.4ms | GC: 0.0ms)
  Rendered /home/nihal/.local/share/mise/installs/ruby/3.3.6/lib/ruby/gems/3.3.0/gems/devise-4.9.4/app/views/devise/sessions/new.html.erb within layouts/application (Duration: 38.0ms | GC: 0.5ms)
  Rendered layout layouts/application.html.erb (Duration: 39.9ms | GC: 0.5ms)
Completed 200 OK in 92ms (Views: 43.2ms | ActiveRecord: 9.1ms (0 queries, 0 cached) | GC: 10.8ms)


Started GET "/signin" for 127.0.0.1 at 2024-12-02 14:20:36 +0545
Processing by Devise::SessionsController#new as HTML
  Rendering layout layouts/application.html.erb
  Rendering /home/nihal/.local/share/mise/installs/ruby/3.3.6/lib/ruby/gems/3.3.0/gems/devise-4.9.4/app/views/devise/sessions/new.html.erb within layouts/application
  Rendered /home/nihal/.local/share/mise/installs/ruby/3.3.6/lib/ruby/gems/3.3.0/gems/devise-4.9.4/app/views/devise/shared/_links.html.erb (Duration: 0.2ms | GC: 0.0ms)
  Rendered /home/nihal/.local/share/mise/installs/ruby/3.3.6/lib/ruby/gems/3.3.0/gems/devise-4.9.4/app/views/devise/sessions/new.html.erb within layouts/application (Duration: 4.8ms | GC: 0.0ms)
  Rendered layout layouts/application.html.erb (Duration: 5.6ms | GC: 0.0ms)
Completed 200 OK in 12ms (Views: 6.4ms | ActiveRecord: 0.0ms (0 queries, 0 cached) | GC: 0.0ms)


Started GET "/signin" for 127.0.0.1 at 2024-12-02 14:20:41 +0545
Processing by Devise::SessionsController#new as HTML
  Rendering layout layouts/application.html.erb
  Rendering /home/nihal/.local/share/mise/installs/ruby/3.3.6/lib/ruby/gems/3.3.0/gems/devise-4.9.4/app/views/devise/sessions/new.html.erb within layouts/application
  Rendered /home/nihal/.local/share/mise/installs/ruby/3.3.6/lib/ruby/gems/3.3.0/gems/devise-4.9.4/app/views/devise/shared/_links.html.erb (Duration: 0.2ms | GC: 0.0ms)
  Rendered /home/nihal/.local/share/mise/installs/ruby/3.3.6/lib/ruby/gems/3.3.0/gems/devise-4.9.4/app/views/devise/sessions/new.html.erb within layouts/application (Duration: 3.3ms | GC: 0.0ms)
  Rendered layout layouts/application.html.erb (Duration: 4.3ms | GC: 0.0ms)
Completed 200 OK in 10ms (Views: 4.5ms | ActiveRecord: 0.0ms (0 queries, 0 cached) | GC: 0.0ms)


Started GET "/signin" for 127.0.0.1 at 2024-12-02 14:21:16 +0545
  
ActionController::RoutingError (No route matches [GET] "/signin"):
  
Started GET "/signin" for 127.0.0.1 at 2024-12-02 14:21:23 +0545
  [1m[36mActiveRecord::SchemaMigration Load (0.8ms)[0m  [1m[34mSELECT "schema_migrations"."version" FROM "schema_migrations" ORDER BY "schema_migrations"."version" ASC /*application='Lifeglow'*/[0m
  
ActionController::RoutingError (No route matches [GET] "/signin"):
  
Started GET "/signin" for 127.0.0.1 at 2024-12-02 14:21:34 +0545
Processing by Devise::SessionsController#new as HTML
  Rendering layout layouts/application.html.erb
  Rendering /home/nihal/.local/share/mise/installs/ruby/3.3.6/lib/ruby/gems/3.3.0/gems/devise-4.9.4/app/views/devise/sessions/new.html.erb within layouts/application
  Rendered /home/nihal/.local/share/mise/installs/ruby/3.3.6/lib/ruby/gems/3.3.0/gems/devise-4.9.4/app/views/devise/shared/_links.html.erb (Duration: 1.2ms | GC: 0.0ms)
  Rendered /home/nihal/.local/share/mise/installs/ruby/3.3.6/lib/ruby/gems/3.3.0/gems/devise-4.9.4/app/views/devise/sessions/new.html.erb within layouts/application (Duration: 7.8ms | GC: 0.0ms)
  Rendered layout layouts/application.html.erb (Duration: 24.1ms | GC: 9.1ms)
Completed 200 OK in 69ms (Views: 26.6ms | ActiveRecord: 5.8ms (0 queries, 0 cached) | GC: 9.3ms)


Started GET "/" for 127.0.0.1 at 2024-12-02 14:21:38 +0545
Processing by HomesController#index as HTML
  Rendering layout layouts/application.html.erb
  Rendering homes/index.html.erb within layouts/application
  Rendered homes/index.html.erb within layouts/application (Duration: 1.8ms | GC: 0.0ms)
  Rendered layout layouts/application.html.erb (Duration: 3.9ms | GC: 0.2ms)
Completed 200 OK in 13ms (Views: 4.8ms | ActiveRecord: 0.0ms (0 queries, 0 cached) | GC: 0.2ms)


Started GET "/signin" for 127.0.0.1 at 2024-12-02 14:21:58 +0545
Processing by Devise::SessionsController#new as HTML
  Rendering layout layouts/application.html.erb
  Rendering /home/nihal/.local/share/mise/installs/ruby/3.3.6/lib/ruby/gems/3.3.0/gems/devise-4.9.4/app/views/devise/sessions/new.html.erb within layouts/application
  Rendered /home/nihal/.local/share/mise/installs/ruby/3.3.6/lib/ruby/gems/3.3.0/gems/devise-4.9.4/app/views/devise/shared/_links.html.erb (Duration: 0.6ms | GC: 0.0ms)
  Rendered /home/nihal/.local/share/mise/installs/ruby/3.3.6/lib/ruby/gems/3.3.0/gems/devise-4.9.4/app/views/devise/sessions/new.html.erb within layouts/application (Duration: 5.5ms | GC: 0.0ms)
  Rendered layout layouts/application.html.erb (Duration: 6.1ms | GC: 0.0ms)
Completed 200 OK in 15ms (Views: 8.2ms | ActiveRecord: 0.0ms (0 queries, 0 cached) | GC: 0.0ms)


Started GET "/users/password/new" for 127.0.0.1 at 2024-12-02 14:21:59 +0545
Processing by Devise::PasswordsController#new as HTML
  Rendering layout layouts/application.html.erb
  Rendering /home/nihal/.local/share/mise/installs/ruby/3.3.6/lib/ruby/gems/3.3.0/gems/devise-4.9.4/app/views/devise/passwords/new.html.erb within layouts/application
  Rendered /home/nihal/.local/share/mise/installs/ruby/3.3.6/lib/ruby/gems/3.3.0/gems/devise-4.9.4/app/views/devise/shared/_error_messages.html.erb (Duration: 0.6ms | GC: 0.0ms)
  Rendered /home/nihal/.local/share/mise/installs/ruby/3.3.6/lib/ruby/gems/3.3.0/gems/devise-4.9.4/app/views/devise/shared/_links.html.erb (Duration: 0.6ms | GC: 0.0ms)
  Rendered /home/nihal/.local/share/mise/installs/ruby/3.3.6/lib/ruby/gems/3.3.0/gems/devise-4.9.4/app/views/devise/passwords/new.html.erb within layouts/application (Duration: 4.0ms | GC: 0.4ms)
  Rendered layout layouts/application.html.erb (Duration: 5.3ms | GC: 0.4ms)
Completed 200 OK in 30ms (Views: 6.1ms | ActiveRecord: 0.0ms (0 queries, 0 cached) | GC: 0.4ms)


Started GET "/users/sign_up" for 127.0.0.1 at 2024-12-02 14:21:59 +0545
Processing by Devise::RegistrationsController#new as HTML
  Rendering layout layouts/application.html.erb
  Rendering /home/nihal/.local/share/mise/installs/ruby/3.3.6/lib/ruby/gems/3.3.0/gems/devise-4.9.4/app/views/devise/registrations/new.html.erb within layouts/application
  Rendered /home/nihal/.local/share/mise/installs/ruby/3.3.6/lib/ruby/gems/3.3.0/gems/devise-4.9.4/app/views/devise/shared/_error_messages.html.erb (Duration: 0.4ms | GC: 0.0ms)
  Rendered /home/nihal/.local/share/mise/installs/ruby/3.3.6/lib/ruby/gems/3.3.0/gems/devise-4.9.4/app/views/devise/shared/_links.html.erb (Duration: 0.5ms | GC: 0.0ms)
  Rendered /home/nihal/.local/share/mise/installs/ruby/3.3.6/lib/ruby/gems/3.3.0/gems/devise-4.9.4/app/views/devise/registrations/new.html.erb within layouts/application (Duration: 7.4ms | GC: 0.0ms)
  Rendered layout layouts/application.html.erb (Duration: 8.4ms | GC: 0.0ms)
Completed 200 OK in 36ms (Views: 27.4ms | ActiveRecord: 0.0ms (0 queries, 0 cached) | GC: 0.4ms)


Started GET "/" for 127.0.0.1 at 2024-12-02 14:23:06 +0545
Processing by HomesController#index as HTML
  Rendering layout layouts/application.html.erb
  Rendering homes/index.html.erb within layouts/application
  Rendered homes/index.html.erb within layouts/application (Duration: 0.8ms | GC: 0.0ms)
  Rendered layout layouts/application.html.erb (Duration: 0.9ms | GC: 0.0ms)
Completed 500 Internal Server Error in 8ms (ActiveRecord: 0.0ms (0 queries, 0 cached) | GC: 0.0ms)


  
ActionView::Template::Error (undefined local variable or method `new_user_registration' for an instance of #<Class:0x000078cb6e10b230>)
Caused by: NameError (undefined local variable or method `new_user_registration' for an instance of #<Class:0x000078cb6e10b230>)

Information for: ActionView::Template::Error (undefined local variable or method `new_user_registration' for an instance of #<Class:0x000078cb6e10b230>):
    1: <%= link_to 'Sign in', new_user_session_path %>
    2: <%= link_to 'Sign up', new_user_registration %>
  
app/views/homes/index.html.erb:2

Information for cause: NameError (undefined local variable or method `new_user_registration' for an instance of #<Class:0x000078cb6e10b230>):
  
app/views/homes/index.html.erb:2
Started GET "/" for 127.0.0.1 at 2024-12-02 14:23:33 +0545
Processing by HomesController#index as HTML
  Rendering layout layouts/application.html.erb
  Rendering homes/index.html.erb within layouts/application
  Rendered homes/index.html.erb within layouts/application (Duration: 1.0ms | GC: 0.2ms)
  Rendered layout layouts/application.html.erb (Duration: 1.1ms | GC: 0.2ms)
Completed 500 Internal Server Error in 7ms (ActiveRecord: 0.0ms (0 queries, 0 cached) | GC: 0.2ms)


  
ActionView::Template::Error (undefined local variable or method `new_user_registration' for an instance of #<Class:0x000078cb6e13afa8>)
Caused by: NameError (undefined local variable or method `new_user_registration' for an instance of #<Class:0x000078cb6e13afa8>)

Information for: ActionView::Template::Error (undefined local variable or method `new_user_registration' for an instance of #<Class:0x000078cb6e13afa8>):
    1: <%= link_to 'Sign in', new_user_session_path %>
    2: <%= link_to 'Sign up', new_user_registration %>
  
app/views/homes/index.html.erb:2

Information for cause: NameError (undefined local variable or method `new_user_registration' for an instance of #<Class:0x000078cb6e13afa8>):
  
app/views/homes/index.html.erb:2
Started GET "/" for 127.0.0.1 at 2024-12-02 14:24:48 +0545
Processing by HomesController#index as HTML
  Rendering layout layouts/application.html.erb
  Rendering homes/index.html.erb within layouts/application
  Rendered homes/index.html.erb within layouts/application (Duration: 1.1ms | GC: 0.0ms)
  Rendered layout layouts/application.html.erb (Duration: 5.9ms | GC: 0.0ms)
Completed 200 OK in 11ms (Views: 6.8ms | ActiveRecord: 0.0ms (0 queries, 0 cached) | GC: 0.0ms)


Started GET "/users/sign_up" for 127.0.0.1 at 2024-12-02 14:24:49 +0545
Processing by Devise::RegistrationsController#new as HTML
  Rendering layout layouts/application.html.erb
  Rendering /home/nihal/.local/share/mise/installs/ruby/3.3.6/lib/ruby/gems/3.3.0/gems/devise-4.9.4/app/views/devise/registrations/new.html.erb within layouts/application
  Rendered /home/nihal/.local/share/mise/installs/ruby/3.3.6/lib/ruby/gems/3.3.0/gems/devise-4.9.4/app/views/devise/shared/_error_messages.html.erb (Duration: 0.6ms | GC: 0.0ms)
  Rendered /home/nihal/.local/share/mise/installs/ruby/3.3.6/lib/ruby/gems/3.3.0/gems/devise-4.9.4/app/views/devise/shared/_links.html.erb (Duration: 0.6ms | GC: 0.0ms)
  Rendered /home/nihal/.local/share/mise/installs/ruby/3.3.6/lib/ruby/gems/3.3.0/gems/devise-4.9.4/app/views/devise/registrations/new.html.erb within layouts/application (Duration: 6.5ms | GC: 2.4ms)
  Rendered layout layouts/application.html.erb (Duration: 7.8ms | GC: 2.4ms)
Completed 200 OK in 42ms (Views: 9.3ms | ActiveRecord: 2.9ms (0 queries, 0 cached) | GC: 2.4ms)


Started GET "/signin" for 127.0.0.1 at 2024-12-02 14:24:52 +0545
Processing by Devise::SessionsController#new as HTML
  Rendering layout layouts/application.html.erb
  Rendering /home/nihal/.local/share/mise/installs/ruby/3.3.6/lib/ruby/gems/3.3.0/gems/devise-4.9.4/app/views/devise/sessions/new.html.erb within layouts/application
  Rendered /home/nihal/.local/share/mise/installs/ruby/3.3.6/lib/ruby/gems/3.3.0/gems/devise-4.9.4/app/views/devise/shared/_links.html.erb (Duration: 1.0ms | GC: 0.0ms)
  Rendered /home/nihal/.local/share/mise/installs/ruby/3.3.6/lib/ruby/gems/3.3.0/gems/devise-4.9.4/app/views/devise/sessions/new.html.erb within layouts/application (Duration: 7.1ms | GC: 0.3ms)
  Rendered layout layouts/application.html.erb (Duration: 8.2ms | GC: 0.3ms)
Completed 200 OK in 16ms (Views: 9.0ms | ActiveRecord: 0.0ms (0 queries, 0 cached) | GC: 0.3ms)


Started GET "/signin" for 127.0.0.1 at 2024-12-02 14:24:56 +0545
Processing by Devise::SessionsController#new as HTML
  Rendering layout layouts/application.html.erb
  Rendering /home/nihal/.local/share/mise/installs/ruby/3.3.6/lib/ruby/gems/3.3.0/gems/devise-4.9.4/app/views/devise/sessions/new.html.erb within layouts/application
  Rendered /home/nihal/.local/share/mise/installs/ruby/3.3.6/lib/ruby/gems/3.3.0/gems/devise-4.9.4/app/views/devise/shared/_links.html.erb (Duration: 0.2ms | GC: 0.0ms)
  Rendered /home/nihal/.local/share/mise/installs/ruby/3.3.6/lib/ruby/gems/3.3.0/gems/devise-4.9.4/app/views/devise/sessions/new.html.erb within layouts/application (Duration: 1.7ms | GC: 0.0ms)
  Rendered layout layouts/application.html.erb (Duration: 2.3ms | GC: 0.3ms)
Completed 200 OK in 8ms (Views: 2.5ms | ActiveRecord: 0.0ms (0 queries, 0 cached) | GC: 0.3ms)


Started GET "/signin" for 127.0.0.1 at 2024-12-02 16:30:40 +0545
Processing by Devise::SessionsController#new as HTML
  Rendering layout layouts/application.html.erb
  Rendering /home/nihal/.local/share/mise/installs/ruby/3.3.6/lib/ruby/gems/3.3.0/gems/devise-4.9.4/app/views/devise/sessions/new.html.erb within layouts/application
  Rendered /home/nihal/.local/share/mise/installs/ruby/3.3.6/lib/ruby/gems/3.3.0/gems/devise-4.9.4/app/views/devise/shared/_links.html.erb (Duration: 1.0ms | GC: 0.3ms)
  Rendered /home/nihal/.local/share/mise/installs/ruby/3.3.6/lib/ruby/gems/3.3.0/gems/devise-4.9.4/app/views/devise/sessions/new.html.erb within layouts/application (Duration: 4.5ms | GC: 2.0ms)
  Rendered layout layouts/application.html.erb (Duration: 8.9ms | GC: 3.8ms)
Completed 200 OK in 35ms (Views: 10.9ms | ActiveRecord: 2.5ms (0 queries, 0 cached) | GC: 3.9ms)


Started POST "/signin" for 127.0.0.1 at 2024-12-02 16:30:49 +0545
Processing by Devise::SessionsController#create as TURBO_STREAM
  Parameters: {"authenticity_token"=>"[FILTERED]", "user"=>{"email"=>"[FILTERED]", "password"=>"[FILTERED]", "remember_me"=>"1"}, "commit"=>"Log in"}
  [1m[36mUser Load (1.6ms)[0m  [1m[34mSELECT "users".* FROM "users" WHERE "users"."email" = 'n@lifeflow.com' ORDER BY "users"."id" ASC LIMIT 1 /*action='create',application='Lifeglow',controller='sessions'*/[0m
Completed 401 Unauthorized in 37ms (ActiveRecord: 1.4ms (1 query, 0 cached) | GC: 5.2ms)


Processing by Devise::SessionsController#new as TURBO_STREAM
  Parameters: {"authenticity_token"=>"[FILTERED]", "user"=>{"email"=>"[FILTERED]", "password"=>"[FILTERED]", "remember_me"=>"1"}, "commit"=>"Log in"}
  Rendering layout layouts/application.html.erb
  Rendering /home/nihal/.local/share/mise/installs/ruby/3.3.6/lib/ruby/gems/3.3.0/gems/devise-4.9.4/app/views/devise/sessions/new.html.erb within layouts/application
  Rendered /home/nihal/.local/share/mise/installs/ruby/3.3.6/lib/ruby/gems/3.3.0/gems/devise-4.9.4/app/views/devise/shared/_links.html.erb (Duration: 4.2ms | GC: 0.2ms)
  Rendered /home/nihal/.local/share/mise/installs/ruby/3.3.6/lib/ruby/gems/3.3.0/gems/devise-4.9.4/app/views/devise/sessions/new.html.erb within layouts/application (Duration: 5.7ms | GC: 0.4ms)
  Rendered layout layouts/application.html.erb (Duration: 6.7ms | GC: 0.8ms)
Completed 200 OK in 217ms (Views: 7.2ms | ActiveRecord: 0.0ms (0 queries, 0 cached) | GC: 2.1ms)


Started GET "/users/sign_up" for 127.0.0.1 at 2024-12-02 16:30:50 +0545
Processing by Devise::RegistrationsController#new as HTML
  Rendering layout layouts/application.html.erb
  Rendering /home/nihal/.local/share/mise/installs/ruby/3.3.6/lib/ruby/gems/3.3.0/gems/devise-4.9.4/app/views/devise/registrations/new.html.erb within layouts/application
  Rendered /home/nihal/.local/share/mise/installs/ruby/3.3.6/lib/ruby/gems/3.3.0/gems/devise-4.9.4/app/views/devise/shared/_error_messages.html.erb (Duration: 0.2ms | GC: 0.0ms)
  Rendered /home/nihal/.local/share/mise/installs/ruby/3.3.6/lib/ruby/gems/3.3.0/gems/devise-4.9.4/app/views/devise/shared/_links.html.erb (Duration: 0.3ms | GC: 0.0ms)
  Rendered /home/nihal/.local/share/mise/installs/ruby/3.3.6/lib/ruby/gems/3.3.0/gems/devise-4.9.4/app/views/devise/registrations/new.html.erb within layouts/application (Duration: 4.8ms | GC: 1.2ms)
  Rendered layout layouts/application.html.erb (Duration: 6.3ms | GC: 1.6ms)
Completed 200 OK in 14ms (Views: 7.0ms | ActiveRecord: 0.0ms (0 queries, 0 cached) | GC: 2.4ms)


Started GET "/signin" for 127.0.0.1 at 2024-12-02 16:31:03 +0545
Processing by Devise::SessionsController#new as HTML
  Rendering layout layouts/application.html.erb
  Rendering /home/nihal/.local/share/mise/installs/ruby/3.3.6/lib/ruby/gems/3.3.0/gems/devise-4.9.4/app/views/devise/sessions/new.html.erb within layouts/application
  Rendered /home/nihal/.local/share/mise/installs/ruby/3.3.6/lib/ruby/gems/3.3.0/gems/devise-4.9.4/app/views/devise/shared/_links.html.erb (Duration: 3.8ms | GC: 0.0ms)
  Rendered /home/nihal/.local/share/mise/installs/ruby/3.3.6/lib/ruby/gems/3.3.0/gems/devise-4.9.4/app/views/devise/sessions/new.html.erb within layouts/application (Duration: 10.1ms | GC: 0.6ms)
  Rendered layout layouts/application.html.erb (Duration: 11.7ms | GC: 0.7ms)
Completed 200 OK in 23ms (Views: 13.3ms | ActiveRecord: 0.0ms (0 queries, 0 cached) | GC: 1.8ms)


Started POST "/users" for 127.0.0.1 at 2024-12-02 16:31:04 +0545
Processing by Devise::RegistrationsController#create as TURBO_STREAM
  Parameters: {"authenticity_token"=>"[FILTERED]", "user"=>{"email"=>"[FILTERED]", "password"=>"[FILTERED]", "password_confirmation"=>"[FILTERED]"}, "commit"=>"Sign up"}
  [1m[36mTRANSACTION (0.2ms)[0m  [1m[35mBEGIN /*action='create',application='Lifeglow',controller='registrations'*/[0m
  [1m[36mUser Exists? (1.6ms)[0m  [1m[34mSELECT 1 AS one FROM "users" WHERE "users"."email" = 'n@lifeflow.com' LIMIT 1 /*action='create',application='Lifeglow',controller='registrations'*/[0m
  [1m[36mUser Create (18.9ms)[0m  [1m[32mINSERT INTO "users" ("email", "encrypted_password", "reset_password_token", "reset_password_sent_at", "remember_created_at", "created_at", "updated_at") VALUES ('n@lifeflow.com', '$2a$12$1dGu1rFQaC7/m6RgFuUZV.RmkL3H9MRZ9cT.4eC3l7Pe7cRajY8pC', NULL, NULL, NULL, '2024-12-02 10:46:04.444815', '2024-12-02 10:46:04.444815') RETURNING "id" /*action='create',application='Lifeglow',controller='registrations'*/[0m
  [1m[36mTRANSACTION (1.0ms)[0m  [1m[35mCOMMIT /*action='create',application='Lifeglow',controller='registrations'*/[0m
Redirected to http://127.0.0.1:3000/
Completed 303 See Other in 230ms (ActiveRecord: 21.7ms (2 queries, 0 cached) | GC: 2.2ms)


Started GET "/" for 127.0.0.1 at 2024-12-02 16:31:04 +0545
Processing by HomesController#index as TURBO_STREAM
  Rendering layout layouts/application.html.erb
  Rendering homes/index.html.erb within layouts/application
  Rendered homes/index.html.erb within layouts/application (Duration: 1.1ms | GC: 0.0ms)
  Rendered layout layouts/application.html.erb (Duration: 2.5ms | GC: 0.0ms)
Completed 200 OK in 8ms (Views: 3.7ms | ActiveRecord: 0.0ms (0 queries, 0 cached) | GC: 0.0ms)


Started GET "/users/sign_up" for 127.0.0.1 at 2024-12-02 16:42:54 +0545
  [1m[36mActiveRecord::SchemaMigration Load (0.2ms)[0m  [1m[34mSELECT "schema_migrations"."version" FROM "schema_migrations" ORDER BY "schema_migrations"."version" ASC /*application='Lifeglow'*/[0m
Processing by Devise::RegistrationsController#new as HTML
  [1m[36mUser Load (0.5ms)[0m  [1m[34mSELECT "users".* FROM "users" WHERE "users"."id" = 1 ORDER BY "users"."id" ASC LIMIT 1 /*action='new',application='Lifeglow',controller='registrations'*/[0m
Redirected to http://127.0.0.1:3000/
Filter chain halted as :require_no_authentication rendered or redirected
Completed 302 Found in 26ms (ActiveRecord: 3.6ms (1 query, 0 cached) | GC: 0.2ms)


Started GET "/" for 127.0.0.1 at 2024-12-02 16:42:54 +0545
Processing by HomesController#index as HTML
  Rendering layout layouts/application.html.erb
  Rendering homes/index.html.erb within layouts/application
  Rendered homes/index.html.erb within layouts/application (Duration: 1.7ms | GC: 0.0ms)
  Rendered layout layouts/application.html.erb (Duration: 6.1ms | GC: 0.0ms)
Completed 200 OK in 14ms (Views: 9.6ms | ActiveRecord: 0.0ms (0 queries, 0 cached) | GC: 0.9ms)


Started GET "/" for 127.0.0.1 at 2024-12-02 16:42:55 +0545
Processing by HomesController#index as HTML
  Rendering layout layouts/application.html.erb
  Rendering homes/index.html.erb within layouts/application
  Rendered homes/index.html.erb within layouts/application (Duration: 0.8ms | GC: 0.0ms)
  Rendered layout layouts/application.html.erb (Duration: 2.4ms | GC: 0.0ms)
Completed 200 OK in 7ms (Views: 2.9ms | ActiveRecord: 0.0ms (0 queries, 0 cached) | GC: 0.0ms)


Started GET "/users/sign_up" for 127.0.0.1 at 2024-12-02 16:42:57 +0545
Processing by Devise::RegistrationsController#new as HTML
  [1m[36mUser Load (0.6ms)[0m  [1m[34mSELECT "users".* FROM "users" WHERE "users"."id" = 1 ORDER BY "users"."id" ASC LIMIT 1 /*action='new',application='Lifeglow',controller='registrations'*/[0m
Redirected to http://127.0.0.1:3000/
Filter chain halted as :require_no_authentication rendered or redirected
Completed 302 Found in 6ms (ActiveRecord: 0.6ms (1 query, 0 cached) | GC: 0.0ms)


Started GET "/" for 127.0.0.1 at 2024-12-02 16:42:57 +0545
Processing by HomesController#index as HTML
  Rendering layout layouts/application.html.erb
  Rendering homes/index.html.erb within layouts/application
  Rendered homes/index.html.erb within layouts/application (Duration: 0.2ms | GC: 0.0ms)
  Rendered layout layouts/application.html.erb (Duration: 0.8ms | GC: 0.0ms)
Completed 200 OK in 5ms (Views: 1.1ms | ActiveRecord: 0.0ms (0 queries, 0 cached) | GC: 0.0ms)


Started GET "/signin" for 127.0.0.1 at 2024-12-02 16:42:57 +0545
Processing by Devise::SessionsController#new as HTML
  [1m[36mUser Load (0.4ms)[0m  [1m[34mSELECT "users".* FROM "users" WHERE "users"."id" = 1 ORDER BY "users"."id" ASC LIMIT 1 /*action='new',application='Lifeglow',controller='sessions'*/[0m
Redirected to http://127.0.0.1:3000/
Filter chain halted as :require_no_authentication rendered or redirected
Completed 302 Found in 8ms (ActiveRecord: 0.4ms (1 query, 0 cached) | GC: 0.0ms)


Started GET "/" for 127.0.0.1 at 2024-12-02 16:42:57 +0545
Processing by HomesController#index as HTML
  Rendering layout layouts/application.html.erb
  Rendering homes/index.html.erb within layouts/application
  Rendered homes/index.html.erb within layouts/application (Duration: 0.1ms | GC: 0.0ms)
  Rendered layout layouts/application.html.erb (Duration: 0.5ms | GC: 0.0ms)
Completed 200 OK in 4ms (Views: 0.7ms | ActiveRecord: 0.0ms (0 queries, 0 cached) | GC: 0.0ms)


Started GET "/users/sign_up" for 127.0.0.1 at 2024-12-02 16:42:59 +0545
Processing by Devise::RegistrationsController#new as HTML
  [1m[36mUser Load (0.6ms)[0m  [1m[34mSELECT "users".* FROM "users" WHERE "users"."id" = 1 ORDER BY "users"."id" ASC LIMIT 1 /*action='new',application='Lifeglow',controller='registrations'*/[0m
Redirected to http://127.0.0.1:3000/
Filter chain halted as :require_no_authentication rendered or redirected
Completed 302 Found in 6ms (ActiveRecord: 0.6ms (1 query, 0 cached) | GC: 0.0ms)


Started GET "/" for 127.0.0.1 at 2024-12-02 16:42:59 +0545
Processing by HomesController#index as HTML
  Rendering layout layouts/application.html.erb
  Rendering homes/index.html.erb within layouts/application
  Rendered homes/index.html.erb within layouts/application (Duration: 0.1ms | GC: 0.0ms)
  Rendered layout layouts/application.html.erb (Duration: 1.5ms | GC: 0.0ms)
Completed 200 OK in 6ms (Views: 1.7ms | ActiveRecord: 0.0ms (0 queries, 0 cached) | GC: 0.0ms)


Started GET "/users/sign_up" for 127.0.0.1 at 2024-12-02 16:43:01 +0545
Processing by Devise::RegistrationsController#new as HTML
  [1m[36mUser Load (0.4ms)[0m  [1m[34mSELECT "users".* FROM "users" WHERE "users"."id" = 1 ORDER BY "users"."id" ASC LIMIT 1 /*action='new',application='Lifeglow',controller='registrations'*/[0m
Redirected to http://127.0.0.1:3000/
Filter chain halted as :require_no_authentication rendered or redirected
Completed 302 Found in 4ms (ActiveRecord: 0.4ms (1 query, 0 cached) | GC: 0.0ms)


Started GET "/" for 127.0.0.1 at 2024-12-02 16:43:01 +0545
Processing by HomesController#index as HTML
  Rendering layout layouts/application.html.erb
  Rendering homes/index.html.erb within layouts/application
  Rendered homes/index.html.erb within layouts/application (Duration: 0.1ms | GC: 0.0ms)
  Rendered layout layouts/application.html.erb (Duration: 0.5ms | GC: 0.0ms)
Completed 200 OK in 6ms (Views: 1.1ms | ActiveRecord: 0.0ms (0 queries, 0 cached) | GC: 0.4ms)


Started GET "/" for 127.0.0.1 at 2024-12-02 16:44:41 +0545
Processing by HomesController#index as HTML
  Rendering layout layouts/application.html.erb
  Rendering homes/index.html.erb within layouts/application
  Rendered homes/index.html.erb within layouts/application (Duration: 0.8ms | GC: 0.0ms)
  Rendered layout layouts/application.html.erb (Duration: 11.1ms | GC: 0.0ms)
Completed 200 OK in 19ms (Views: 14.1ms | ActiveRecord: 0.0ms (0 queries, 0 cached) | GC: 0.1ms)


Started GET "/" for 127.0.0.1 at 2024-12-02 16:44:44 +0545
Processing by HomesController#index as HTML
  Rendering layout layouts/application.html.erb
  Rendering homes/index.html.erb within layouts/application
  Rendered homes/index.html.erb within layouts/application (Duration: 0.4ms | GC: 0.0ms)
  Rendered layout layouts/application.html.erb (Duration: 1.4ms | GC: 0.0ms)
Completed 200 OK in 7ms (Views: 2.5ms | ActiveRecord: 0.0ms (0 queries, 0 cached) | GC: 0.0ms)


Started GET "/signin" for 127.0.0.1 at 2024-12-02 16:44:44 +0545
Processing by Devise::SessionsController#new as HTML
  [1m[36mUser Load (0.2ms)[0m  [1m[34mSELECT "users".* FROM "users" WHERE "users"."id" = 1 ORDER BY "users"."id" ASC LIMIT 1 /*action='new',application='Lifeglow',controller='sessions'*/[0m
Redirected to http://127.0.0.1:3000/
Filter chain halted as :require_no_authentication rendered or redirected
Completed 302 Found in 21ms (ActiveRecord: 4.6ms (1 query, 0 cached) | GC: 0.0ms)


Started GET "/" for 127.0.0.1 at 2024-12-02 16:44:44 +0545
Processing by HomesController#index as HTML
  Rendering layout layouts/application.html.erb
  Rendering homes/index.html.erb within layouts/application
  Rendered homes/index.html.erb within layouts/application (Duration: 0.2ms | GC: 0.0ms)
  Rendered layout layouts/application.html.erb (Duration: 1.0ms | GC: 0.0ms)
Completed 200 OK in 5ms (Views: 1.5ms | ActiveRecord: 0.0ms (0 queries, 0 cached) | GC: 0.0ms)


Started GET "/" for 127.0.0.1 at 2024-12-02 16:47:50 +0545
  
ActionController::RoutingError (uninitialized constant DashboardsController)
Caused by: ActionDispatch::MissingController (uninitialized constant DashboardsController)
Caused by: NameError (uninitialized constant DashboardsController)

Information for: ActionController::RoutingError (uninitialized constant DashboardsController):
  

Information for cause: ActionDispatch::MissingController (uninitialized constant DashboardsController):
  
actionpack (8.0.0) lib/action_dispatch/http/request.rb:102:in `rescue in controller_class_for'
actionpack (8.0.0) lib/action_dispatch/http/request.rb:98:in `controller_class_for'
actionpack (8.0.0) lib/action_dispatch/http/request.rb:91:in `controller_class'
actionpack (8.0.0) lib/action_dispatch/routing/route_set.rb:61:in `controller'
actionpack (8.0.0) lib/action_dispatch/routing/route_set.rb:48:in `serve'
actionpack (8.0.0) lib/action_dispatch/journey/router.rb:53:in `block in serve'
actionpack (8.0.0) lib/action_dispatch/journey/router.rb:133:in `block in find_routes'
actionpack (8.0.0) lib/action_dispatch/journey/router.rb:126:in `each'
actionpack (8.0.0) lib/action_dispatch/journey/router.rb:126:in `find_routes'
actionpack (8.0.0) lib/action_dispatch/journey/router.rb:34:in `serve'
actionpack (8.0.0) lib/action_dispatch/routing/route_set.rb:908:in `call'
railties (8.0.0) lib/rails/engine/lazy_route_set.rb:68:in `call'
warden (1.2.9) lib/warden/manager.rb:36:in `block in call'
warden (1.2.9) lib/warden/manager.rb:34:in `catch'
warden (1.2.9) lib/warden/manager.rb:34:in `call'
rack (3.1.8) lib/rack/tempfile_reaper.rb:20:in `call'
rack (3.1.8) lib/rack/etag.rb:29:in `call'
rack (3.1.8) lib/rack/conditional_get.rb:31:in `call'
rack (3.1.8) lib/rack/head.rb:15:in `call'
actionpack (8.0.0) lib/action_dispatch/http/permissions_policy.rb:38:in `call'
actionpack (8.0.0) lib/action_dispatch/http/content_security_policy.rb:35:in `call'
rack-session (2.0.0) lib/rack/session/abstract/id.rb:272:in `context'
rack-session (2.0.0) lib/rack/session/abstract/id.rb:266:in `call'
actionpack (8.0.0) lib/action_dispatch/middleware/cookies.rb:706:in `call'
activerecord (8.0.0) lib/active_record/migration.rb:671:in `call'
actionpack (8.0.0) lib/action_dispatch/middleware/callbacks.rb:31:in `block in call'
activesupport (8.0.0) lib/active_support/callbacks.rb:100:in `run_callbacks'
actionpack (8.0.0) lib/action_dispatch/middleware/callbacks.rb:30:in `call'
actionpack (8.0.0) lib/action_dispatch/middleware/executor.rb:16:in `call'
actionpack (8.0.0) lib/action_dispatch/middleware/actionable_exceptions.rb:18:in `call'
actionpack (8.0.0) lib/action_dispatch/middleware/debug_exceptions.rb:31:in `call'
web-console (4.2.1) lib/web_console/middleware.rb:132:in `call_app'
web-console (4.2.1) lib/web_console/middleware.rb:28:in `block in call'
web-console (4.2.1) lib/web_console/middleware.rb:17:in `catch'
web-console (4.2.1) lib/web_console/middleware.rb:17:in `call'
actionpack (8.0.0) lib/action_dispatch/middleware/show_exceptions.rb:32:in `call'
railties (8.0.0) lib/rails/rack/logger.rb:41:in `call_app'
railties (8.0.0) lib/rails/rack/logger.rb:29:in `call'
actionpack (8.0.0) lib/action_dispatch/middleware/remote_ip.rb:96:in `call'
actionpack (8.0.0) lib/action_dispatch/middleware/request_id.rb:34:in `call'
rack (3.1.8) lib/rack/method_override.rb:28:in `call'
rack (3.1.8) lib/rack/runtime.rb:24:in `call'
actionpack (8.0.0) lib/action_dispatch/middleware/server_timing.rb:61:in `block in call'
actionpack (8.0.0) lib/action_dispatch/middleware/server_timing.rb:26:in `collect_events'
actionpack (8.0.0) lib/action_dispatch/middleware/server_timing.rb:60:in `call'
actionpack (8.0.0) lib/action_dispatch/middleware/executor.rb:16:in `call'
actionpack (8.0.0) lib/action_dispatch/middleware/static.rb:27:in `call'
rack (3.1.8) lib/rack/sendfile.rb:114:in `call'
actionpack (8.0.0) lib/action_dispatch/middleware/host_authorization.rb:143:in `call'
railties (8.0.0) lib/rails/engine.rb:535:in `call'
puma (6.4.3) lib/puma/configuration.rb:272:in `call'
puma (6.4.3) lib/puma/request.rb:100:in `block in handle_request'
puma (6.4.3) lib/puma/thread_pool.rb:378:in `with_force_shutdown'
puma (6.4.3) lib/puma/request.rb:99:in `handle_request'
puma (6.4.3) lib/puma/server.rb:464:in `process_client'
puma (6.4.3) lib/puma/server.rb:245:in `block in run'
puma (6.4.3) lib/puma/thread_pool.rb:155:in `block in spawn_thread'

Information for cause: NameError (uninitialized constant DashboardsController):
  
activesupport (8.0.0) lib/active_support/inflector/methods.rb:290:in `constantize'
activesupport (8.0.0) lib/active_support/core_ext/string/inflections.rb:74:in `constantize'
actionpack (8.0.0) lib/action_dispatch/http/request.rb:99:in `controller_class_for'
actionpack (8.0.0) lib/action_dispatch/http/request.rb:91:in `controller_class'
actionpack (8.0.0) lib/action_dispatch/routing/route_set.rb:61:in `controller'
actionpack (8.0.0) lib/action_dispatch/routing/route_set.rb:48:in `serve'
actionpack (8.0.0) lib/action_dispatch/journey/router.rb:53:in `block in serve'
actionpack (8.0.0) lib/action_dispatch/journey/router.rb:133:in `block in find_routes'
actionpack (8.0.0) lib/action_dispatch/journey/router.rb:126:in `each'
actionpack (8.0.0) lib/action_dispatch/journey/router.rb:126:in `find_routes'
actionpack (8.0.0) lib/action_dispatch/journey/router.rb:34:in `serve'
actionpack (8.0.0) lib/action_dispatch/routing/route_set.rb:908:in `call'
railties (8.0.0) lib/rails/engine/lazy_route_set.rb:68:in `call'
warden (1.2.9) lib/warden/manager.rb:36:in `block in call'
warden (1.2.9) lib/warden/manager.rb:34:in `catch'
warden (1.2.9) lib/warden/manager.rb:34:in `call'
rack (3.1.8) lib/rack/tempfile_reaper.rb:20:in `call'
rack (3.1.8) lib/rack/etag.rb:29:in `call'
rack (3.1.8) lib/rack/conditional_get.rb:31:in `call'
rack (3.1.8) lib/rack/head.rb:15:in `call'
actionpack (8.0.0) lib/action_dispatch/http/permissions_policy.rb:38:in `call'
actionpack (8.0.0) lib/action_dispatch/http/content_security_policy.rb:35:in `call'
rack-session (2.0.0) lib/rack/session/abstract/id.rb:272:in `context'
rack-session (2.0.0) lib/rack/session/abstract/id.rb:266:in `call'
actionpack (8.0.0) lib/action_dispatch/middleware/cookies.rb:706:in `call'
activerecord (8.0.0) lib/active_record/migration.rb:671:in `call'
actionpack (8.0.0) lib/action_dispatch/middleware/callbacks.rb:31:in `block in call'
activesupport (8.0.0) lib/active_support/callbacks.rb:100:in `run_callbacks'
actionpack (8.0.0) lib/action_dispatch/middleware/callbacks.rb:30:in `call'
actionpack (8.0.0) lib/action_dispatch/middleware/executor.rb:16:in `call'
actionpack (8.0.0) lib/action_dispatch/middleware/actionable_exceptions.rb:18:in `call'
actionpack (8.0.0) lib/action_dispatch/middleware/debug_exceptions.rb:31:in `call'
web-console (4.2.1) lib/web_console/middleware.rb:132:in `call_app'
web-console (4.2.1) lib/web_console/middleware.rb:28:in `block in call'
web-console (4.2.1) lib/web_console/middleware.rb:17:in `catch'
web-console (4.2.1) lib/web_console/middleware.rb:17:in `call'
actionpack (8.0.0) lib/action_dispatch/middleware/show_exceptions.rb:32:in `call'
railties (8.0.0) lib/rails/rack/logger.rb:41:in `call_app'
railties (8.0.0) lib/rails/rack/logger.rb:29:in `call'
actionpack (8.0.0) lib/action_dispatch/middleware/remote_ip.rb:96:in `call'
actionpack (8.0.0) lib/action_dispatch/middleware/request_id.rb:34:in `call'
rack (3.1.8) lib/rack/method_override.rb:28:in `call'
rack (3.1.8) lib/rack/runtime.rb:24:in `call'
actionpack (8.0.0) lib/action_dispatch/middleware/server_timing.rb:61:in `block in call'
actionpack (8.0.0) lib/action_dispatch/middleware/server_timing.rb:26:in `collect_events'
actionpack (8.0.0) lib/action_dispatch/middleware/server_timing.rb:60:in `call'
actionpack (8.0.0) lib/action_dispatch/middleware/executor.rb:16:in `call'
actionpack (8.0.0) lib/action_dispatch/middleware/static.rb:27:in `call'
rack (3.1.8) lib/rack/sendfile.rb:114:in `call'
actionpack (8.0.0) lib/action_dispatch/middleware/host_authorization.rb:143:in `call'
railties (8.0.0) lib/rails/engine.rb:535:in `call'
puma (6.4.3) lib/puma/configuration.rb:272:in `call'
puma (6.4.3) lib/puma/request.rb:100:in `block in handle_request'
puma (6.4.3) lib/puma/thread_pool.rb:378:in `with_force_shutdown'
puma (6.4.3) lib/puma/request.rb:99:in `handle_request'
puma (6.4.3) lib/puma/server.rb:464:in `process_client'
puma (6.4.3) lib/puma/server.rb:245:in `block in run'
puma (6.4.3) lib/puma/thread_pool.rb:155:in `block in spawn_thread'
Started GET "/" for 127.0.0.1 at 2024-12-02 16:49:27 +0545
  
ActionController::RoutingError (uninitialized constant DashboardsController)
Caused by: ActionDispatch::MissingController (uninitialized constant DashboardsController)
Caused by: NameError (uninitialized constant DashboardsController)

Information for: ActionController::RoutingError (uninitialized constant DashboardsController):
  

Information for cause: ActionDispatch::MissingController (uninitialized constant DashboardsController):
  
actionpack (8.0.0) lib/action_dispatch/http/request.rb:102:in `rescue in controller_class_for'
actionpack (8.0.0) lib/action_dispatch/http/request.rb:98:in `controller_class_for'
actionpack (8.0.0) lib/action_dispatch/http/request.rb:91:in `controller_class'
actionpack (8.0.0) lib/action_dispatch/routing/route_set.rb:61:in `controller'
actionpack (8.0.0) lib/action_dispatch/routing/route_set.rb:48:in `serve'
actionpack (8.0.0) lib/action_dispatch/journey/router.rb:53:in `block in serve'
actionpack (8.0.0) lib/action_dispatch/journey/router.rb:133:in `block in find_routes'
actionpack (8.0.0) lib/action_dispatch/journey/router.rb:126:in `each'
actionpack (8.0.0) lib/action_dispatch/journey/router.rb:126:in `find_routes'
actionpack (8.0.0) lib/action_dispatch/journey/router.rb:34:in `serve'
actionpack (8.0.0) lib/action_dispatch/routing/route_set.rb:908:in `call'
railties (8.0.0) lib/rails/engine/lazy_route_set.rb:68:in `call'
warden (1.2.9) lib/warden/manager.rb:36:in `block in call'
warden (1.2.9) lib/warden/manager.rb:34:in `catch'
warden (1.2.9) lib/warden/manager.rb:34:in `call'
rack (3.1.8) lib/rack/tempfile_reaper.rb:20:in `call'
rack (3.1.8) lib/rack/etag.rb:29:in `call'
rack (3.1.8) lib/rack/conditional_get.rb:31:in `call'
rack (3.1.8) lib/rack/head.rb:15:in `call'
actionpack (8.0.0) lib/action_dispatch/http/permissions_policy.rb:38:in `call'
actionpack (8.0.0) lib/action_dispatch/http/content_security_policy.rb:35:in `call'
rack-session (2.0.0) lib/rack/session/abstract/id.rb:272:in `context'
rack-session (2.0.0) lib/rack/session/abstract/id.rb:266:in `call'
actionpack (8.0.0) lib/action_dispatch/middleware/cookies.rb:706:in `call'
activerecord (8.0.0) lib/active_record/migration.rb:671:in `call'
actionpack (8.0.0) lib/action_dispatch/middleware/callbacks.rb:31:in `block in call'
activesupport (8.0.0) lib/active_support/callbacks.rb:100:in `run_callbacks'
actionpack (8.0.0) lib/action_dispatch/middleware/callbacks.rb:30:in `call'
actionpack (8.0.0) lib/action_dispatch/middleware/executor.rb:16:in `call'
actionpack (8.0.0) lib/action_dispatch/middleware/actionable_exceptions.rb:18:in `call'
actionpack (8.0.0) lib/action_dispatch/middleware/debug_exceptions.rb:31:in `call'
web-console (4.2.1) lib/web_console/middleware.rb:132:in `call_app'
web-console (4.2.1) lib/web_console/middleware.rb:28:in `block in call'
web-console (4.2.1) lib/web_console/middleware.rb:17:in `catch'
web-console (4.2.1) lib/web_console/middleware.rb:17:in `call'
actionpack (8.0.0) lib/action_dispatch/middleware/show_exceptions.rb:32:in `call'
railties (8.0.0) lib/rails/rack/logger.rb:41:in `call_app'
railties (8.0.0) lib/rails/rack/logger.rb:29:in `call'
actionpack (8.0.0) lib/action_dispatch/middleware/remote_ip.rb:96:in `call'
actionpack (8.0.0) lib/action_dispatch/middleware/request_id.rb:34:in `call'
rack (3.1.8) lib/rack/method_override.rb:28:in `call'
rack (3.1.8) lib/rack/runtime.rb:24:in `call'
actionpack (8.0.0) lib/action_dispatch/middleware/server_timing.rb:61:in `block in call'
actionpack (8.0.0) lib/action_dispatch/middleware/server_timing.rb:26:in `collect_events'
actionpack (8.0.0) lib/action_dispatch/middleware/server_timing.rb:60:in `call'
actionpack (8.0.0) lib/action_dispatch/middleware/executor.rb:16:in `call'
actionpack (8.0.0) lib/action_dispatch/middleware/static.rb:27:in `call'
rack (3.1.8) lib/rack/sendfile.rb:114:in `call'
actionpack (8.0.0) lib/action_dispatch/middleware/host_authorization.rb:143:in `call'
railties (8.0.0) lib/rails/engine.rb:535:in `call'
puma (6.4.3) lib/puma/configuration.rb:272:in `call'
puma (6.4.3) lib/puma/request.rb:100:in `block in handle_request'
puma (6.4.3) lib/puma/thread_pool.rb:378:in `with_force_shutdown'
puma (6.4.3) lib/puma/request.rb:99:in `handle_request'
puma (6.4.3) lib/puma/server.rb:464:in `process_client'
puma (6.4.3) lib/puma/server.rb:245:in `block in run'
puma (6.4.3) lib/puma/thread_pool.rb:155:in `block in spawn_thread'

Information for cause: NameError (uninitialized constant DashboardsController):
  
activesupport (8.0.0) lib/active_support/inflector/methods.rb:290:in `constantize'
activesupport (8.0.0) lib/active_support/core_ext/string/inflections.rb:74:in `constantize'
actionpack (8.0.0) lib/action_dispatch/http/request.rb:99:in `controller_class_for'
actionpack (8.0.0) lib/action_dispatch/http/request.rb:91:in `controller_class'
actionpack (8.0.0) lib/action_dispatch/routing/route_set.rb:61:in `controller'
actionpack (8.0.0) lib/action_dispatch/routing/route_set.rb:48:in `serve'
actionpack (8.0.0) lib/action_dispatch/journey/router.rb:53:in `block in serve'
actionpack (8.0.0) lib/action_dispatch/journey/router.rb:133:in `block in find_routes'
actionpack (8.0.0) lib/action_dispatch/journey/router.rb:126:in `each'
actionpack (8.0.0) lib/action_dispatch/journey/router.rb:126:in `find_routes'
actionpack (8.0.0) lib/action_dispatch/journey/router.rb:34:in `serve'
actionpack (8.0.0) lib/action_dispatch/routing/route_set.rb:908:in `call'
railties (8.0.0) lib/rails/engine/lazy_route_set.rb:68:in `call'
warden (1.2.9) lib/warden/manager.rb:36:in `block in call'
warden (1.2.9) lib/warden/manager.rb:34:in `catch'
warden (1.2.9) lib/warden/manager.rb:34:in `call'
rack (3.1.8) lib/rack/tempfile_reaper.rb:20:in `call'
rack (3.1.8) lib/rack/etag.rb:29:in `call'
rack (3.1.8) lib/rack/conditional_get.rb:31:in `call'
rack (3.1.8) lib/rack/head.rb:15:in `call'
actionpack (8.0.0) lib/action_dispatch/http/permissions_policy.rb:38:in `call'
actionpack (8.0.0) lib/action_dispatch/http/content_security_policy.rb:35:in `call'
rack-session (2.0.0) lib/rack/session/abstract/id.rb:272:in `context'
rack-session (2.0.0) lib/rack/session/abstract/id.rb:266:in `call'
actionpack (8.0.0) lib/action_dispatch/middleware/cookies.rb:706:in `call'
activerecord (8.0.0) lib/active_record/migration.rb:671:in `call'
actionpack (8.0.0) lib/action_dispatch/middleware/callbacks.rb:31:in `block in call'
activesupport (8.0.0) lib/active_support/callbacks.rb:100:in `run_callbacks'
actionpack (8.0.0) lib/action_dispatch/middleware/callbacks.rb:30:in `call'
actionpack (8.0.0) lib/action_dispatch/middleware/executor.rb:16:in `call'
actionpack (8.0.0) lib/action_dispatch/middleware/actionable_exceptions.rb:18:in `call'
actionpack (8.0.0) lib/action_dispatch/middleware/debug_exceptions.rb:31:in `call'
web-console (4.2.1) lib/web_console/middleware.rb:132:in `call_app'
web-console (4.2.1) lib/web_console/middleware.rb:28:in `block in call'
web-console (4.2.1) lib/web_console/middleware.rb:17:in `catch'
web-console (4.2.1) lib/web_console/middleware.rb:17:in `call'
actionpack (8.0.0) lib/action_dispatch/middleware/show_exceptions.rb:32:in `call'
railties (8.0.0) lib/rails/rack/logger.rb:41:in `call_app'
railties (8.0.0) lib/rails/rack/logger.rb:29:in `call'
actionpack (8.0.0) lib/action_dispatch/middleware/remote_ip.rb:96:in `call'
actionpack (8.0.0) lib/action_dispatch/middleware/request_id.rb:34:in `call'
rack (3.1.8) lib/rack/method_override.rb:28:in `call'
rack (3.1.8) lib/rack/runtime.rb:24:in `call'
actionpack (8.0.0) lib/action_dispatch/middleware/server_timing.rb:61:in `block in call'
actionpack (8.0.0) lib/action_dispatch/middleware/server_timing.rb:26:in `collect_events'
actionpack (8.0.0) lib/action_dispatch/middleware/server_timing.rb:60:in `call'
actionpack (8.0.0) lib/action_dispatch/middleware/executor.rb:16:in `call'
actionpack (8.0.0) lib/action_dispatch/middleware/static.rb:27:in `call'
rack (3.1.8) lib/rack/sendfile.rb:114:in `call'
actionpack (8.0.0) lib/action_dispatch/middleware/host_authorization.rb:143:in `call'
railties (8.0.0) lib/rails/engine.rb:535:in `call'
puma (6.4.3) lib/puma/configuration.rb:272:in `call'
puma (6.4.3) lib/puma/request.rb:100:in `block in handle_request'
puma (6.4.3) lib/puma/thread_pool.rb:378:in `with_force_shutdown'
puma (6.4.3) lib/puma/request.rb:99:in `handle_request'
puma (6.4.3) lib/puma/server.rb:464:in `process_client'
puma (6.4.3) lib/puma/server.rb:245:in `block in run'
puma (6.4.3) lib/puma/thread_pool.rb:155:in `block in spawn_thread'
Started GET "/" for 127.0.0.1 at 2024-12-02 16:49:42 +0545
  [1m[36mActiveRecord::SchemaMigration Load (0.9ms)[0m  [1m[34mSELECT "schema_migrations"."version" FROM "schema_migrations" ORDER BY "schema_migrations"."version" ASC /*application='Lifeglow'*/[0m
  
ActionController::RoutingError (uninitialized constant DashboardsController)
Caused by: ActionDispatch::MissingController (uninitialized constant DashboardsController)
Caused by: NameError (uninitialized constant DashboardsController)

Information for: ActionController::RoutingError (uninitialized constant DashboardsController):
  

Information for cause: ActionDispatch::MissingController (uninitialized constant DashboardsController):
  
actionpack (8.0.0) lib/action_dispatch/http/request.rb:102:in `rescue in controller_class_for'
actionpack (8.0.0) lib/action_dispatch/http/request.rb:98:in `controller_class_for'
actionpack (8.0.0) lib/action_dispatch/http/request.rb:91:in `controller_class'
actionpack (8.0.0) lib/action_dispatch/routing/route_set.rb:61:in `controller'
actionpack (8.0.0) lib/action_dispatch/routing/route_set.rb:48:in `serve'
actionpack (8.0.0) lib/action_dispatch/journey/router.rb:53:in `block in serve'
actionpack (8.0.0) lib/action_dispatch/journey/router.rb:133:in `block in find_routes'
actionpack (8.0.0) lib/action_dispatch/journey/router.rb:126:in `each'
actionpack (8.0.0) lib/action_dispatch/journey/router.rb:126:in `find_routes'
actionpack (8.0.0) lib/action_dispatch/journey/router.rb:34:in `serve'
actionpack (8.0.0) lib/action_dispatch/routing/route_set.rb:908:in `call'
railties (8.0.0) lib/rails/engine/lazy_route_set.rb:68:in `call'
warden (1.2.9) lib/warden/manager.rb:36:in `block in call'
warden (1.2.9) lib/warden/manager.rb:34:in `catch'
warden (1.2.9) lib/warden/manager.rb:34:in `call'
rack (3.1.8) lib/rack/tempfile_reaper.rb:20:in `call'
rack (3.1.8) lib/rack/etag.rb:29:in `call'
rack (3.1.8) lib/rack/conditional_get.rb:31:in `call'
rack (3.1.8) lib/rack/head.rb:15:in `call'
actionpack (8.0.0) lib/action_dispatch/http/permissions_policy.rb:38:in `call'
actionpack (8.0.0) lib/action_dispatch/http/content_security_policy.rb:35:in `call'
rack-session (2.0.0) lib/rack/session/abstract/id.rb:272:in `context'
rack-session (2.0.0) lib/rack/session/abstract/id.rb:266:in `call'
actionpack (8.0.0) lib/action_dispatch/middleware/cookies.rb:706:in `call'
activerecord (8.0.0) lib/active_record/migration.rb:671:in `call'
actionpack (8.0.0) lib/action_dispatch/middleware/callbacks.rb:31:in `block in call'
activesupport (8.0.0) lib/active_support/callbacks.rb:100:in `run_callbacks'
actionpack (8.0.0) lib/action_dispatch/middleware/callbacks.rb:30:in `call'
actionpack (8.0.0) lib/action_dispatch/middleware/executor.rb:16:in `call'
actionpack (8.0.0) lib/action_dispatch/middleware/actionable_exceptions.rb:18:in `call'
actionpack (8.0.0) lib/action_dispatch/middleware/debug_exceptions.rb:31:in `call'
web-console (4.2.1) lib/web_console/middleware.rb:132:in `call_app'
web-console (4.2.1) lib/web_console/middleware.rb:28:in `block in call'
web-console (4.2.1) lib/web_console/middleware.rb:17:in `catch'
web-console (4.2.1) lib/web_console/middleware.rb:17:in `call'
actionpack (8.0.0) lib/action_dispatch/middleware/show_exceptions.rb:32:in `call'
railties (8.0.0) lib/rails/rack/logger.rb:41:in `call_app'
railties (8.0.0) lib/rails/rack/logger.rb:29:in `call'
actionpack (8.0.0) lib/action_dispatch/middleware/remote_ip.rb:96:in `call'
actionpack (8.0.0) lib/action_dispatch/middleware/request_id.rb:34:in `call'
rack (3.1.8) lib/rack/method_override.rb:28:in `call'
rack (3.1.8) lib/rack/runtime.rb:24:in `call'
actionpack (8.0.0) lib/action_dispatch/middleware/server_timing.rb:61:in `block in call'
actionpack (8.0.0) lib/action_dispatch/middleware/server_timing.rb:26:in `collect_events'
actionpack (8.0.0) lib/action_dispatch/middleware/server_timing.rb:60:in `call'
actionpack (8.0.0) lib/action_dispatch/middleware/executor.rb:16:in `call'
actionpack (8.0.0) lib/action_dispatch/middleware/static.rb:27:in `call'
rack (3.1.8) lib/rack/sendfile.rb:114:in `call'
actionpack (8.0.0) lib/action_dispatch/middleware/host_authorization.rb:143:in `call'
railties (8.0.0) lib/rails/engine.rb:535:in `call'
puma (6.4.3) lib/puma/configuration.rb:272:in `call'
puma (6.4.3) lib/puma/request.rb:100:in `block in handle_request'
puma (6.4.3) lib/puma/thread_pool.rb:378:in `with_force_shutdown'
puma (6.4.3) lib/puma/request.rb:99:in `handle_request'
puma (6.4.3) lib/puma/server.rb:464:in `process_client'
puma (6.4.3) lib/puma/server.rb:245:in `block in run'
puma (6.4.3) lib/puma/thread_pool.rb:155:in `block in spawn_thread'

Information for cause: NameError (uninitialized constant DashboardsController):
  
activesupport (8.0.0) lib/active_support/inflector/methods.rb:290:in `constantize'
activesupport (8.0.0) lib/active_support/core_ext/string/inflections.rb:74:in `constantize'
actionpack (8.0.0) lib/action_dispatch/http/request.rb:99:in `controller_class_for'
actionpack (8.0.0) lib/action_dispatch/http/request.rb:91:in `controller_class'
actionpack (8.0.0) lib/action_dispatch/routing/route_set.rb:61:in `controller'
actionpack (8.0.0) lib/action_dispatch/routing/route_set.rb:48:in `serve'
actionpack (8.0.0) lib/action_dispatch/journey/router.rb:53:in `block in serve'
actionpack (8.0.0) lib/action_dispatch/journey/router.rb:133:in `block in find_routes'
actionpack (8.0.0) lib/action_dispatch/journey/router.rb:126:in `each'
actionpack (8.0.0) lib/action_dispatch/journey/router.rb:126:in `find_routes'
actionpack (8.0.0) lib/action_dispatch/journey/router.rb:34:in `serve'
actionpack (8.0.0) lib/action_dispatch/routing/route_set.rb:908:in `call'
railties (8.0.0) lib/rails/engine/lazy_route_set.rb:68:in `call'
warden (1.2.9) lib/warden/manager.rb:36:in `block in call'
warden (1.2.9) lib/warden/manager.rb:34:in `catch'
warden (1.2.9) lib/warden/manager.rb:34:in `call'
rack (3.1.8) lib/rack/tempfile_reaper.rb:20:in `call'
rack (3.1.8) lib/rack/etag.rb:29:in `call'
rack (3.1.8) lib/rack/conditional_get.rb:31:in `call'
rack (3.1.8) lib/rack/head.rb:15:in `call'
actionpack (8.0.0) lib/action_dispatch/http/permissions_policy.rb:38:in `call'
actionpack (8.0.0) lib/action_dispatch/http/content_security_policy.rb:35:in `call'
rack-session (2.0.0) lib/rack/session/abstract/id.rb:272:in `context'
rack-session (2.0.0) lib/rack/session/abstract/id.rb:266:in `call'
actionpack (8.0.0) lib/action_dispatch/middleware/cookies.rb:706:in `call'
activerecord (8.0.0) lib/active_record/migration.rb:671:in `call'
actionpack (8.0.0) lib/action_dispatch/middleware/callbacks.rb:31:in `block in call'
activesupport (8.0.0) lib/active_support/callbacks.rb:100:in `run_callbacks'
actionpack (8.0.0) lib/action_dispatch/middleware/callbacks.rb:30:in `call'
actionpack (8.0.0) lib/action_dispatch/middleware/executor.rb:16:in `call'
actionpack (8.0.0) lib/action_dispatch/middleware/actionable_exceptions.rb:18:in `call'
actionpack (8.0.0) lib/action_dispatch/middleware/debug_exceptions.rb:31:in `call'
web-console (4.2.1) lib/web_console/middleware.rb:132:in `call_app'
web-console (4.2.1) lib/web_console/middleware.rb:28:in `block in call'
web-console (4.2.1) lib/web_console/middleware.rb:17:in `catch'
web-console (4.2.1) lib/web_console/middleware.rb:17:in `call'
actionpack (8.0.0) lib/action_dispatch/middleware/show_exceptions.rb:32:in `call'
railties (8.0.0) lib/rails/rack/logger.rb:41:in `call_app'
railties (8.0.0) lib/rails/rack/logger.rb:29:in `call'
actionpack (8.0.0) lib/action_dispatch/middleware/remote_ip.rb:96:in `call'
actionpack (8.0.0) lib/action_dispatch/middleware/request_id.rb:34:in `call'
rack (3.1.8) lib/rack/method_override.rb:28:in `call'
rack (3.1.8) lib/rack/runtime.rb:24:in `call'
actionpack (8.0.0) lib/action_dispatch/middleware/server_timing.rb:61:in `block in call'
actionpack (8.0.0) lib/action_dispatch/middleware/server_timing.rb:26:in `collect_events'
actionpack (8.0.0) lib/action_dispatch/middleware/server_timing.rb:60:in `call'
actionpack (8.0.0) lib/action_dispatch/middleware/executor.rb:16:in `call'
actionpack (8.0.0) lib/action_dispatch/middleware/static.rb:27:in `call'
rack (3.1.8) lib/rack/sendfile.rb:114:in `call'
actionpack (8.0.0) lib/action_dispatch/middleware/host_authorization.rb:143:in `call'
railties (8.0.0) lib/rails/engine.rb:535:in `call'
puma (6.4.3) lib/puma/configuration.rb:272:in `call'
puma (6.4.3) lib/puma/request.rb:100:in `block in handle_request'
puma (6.4.3) lib/puma/thread_pool.rb:378:in `with_force_shutdown'
puma (6.4.3) lib/puma/request.rb:99:in `handle_request'
puma (6.4.3) lib/puma/server.rb:464:in `process_client'
puma (6.4.3) lib/puma/server.rb:245:in `block in run'
puma (6.4.3) lib/puma/thread_pool.rb:155:in `block in spawn_thread'
Started GET "/" for 127.0.0.1 at 2024-12-02 16:51:36 +0545
  [1m[36mActiveRecord::SchemaMigration Load (0.8ms)[0m  [1m[34mSELECT "schema_migrations"."version" FROM "schema_migrations" ORDER BY "schema_migrations"."version" ASC /*application='Lifeglow'*/[0m
  
ActionController::RoutingError (uninitialized constant DashboardsController)
Caused by: ActionDispatch::MissingController (uninitialized constant DashboardsController)
Caused by: NameError (uninitialized constant DashboardsController)

Information for: ActionController::RoutingError (uninitialized constant DashboardsController):
  

Information for cause: ActionDispatch::MissingController (uninitialized constant DashboardsController):
  
actionpack (8.0.0) lib/action_dispatch/http/request.rb:102:in `rescue in controller_class_for'
actionpack (8.0.0) lib/action_dispatch/http/request.rb:98:in `controller_class_for'
actionpack (8.0.0) lib/action_dispatch/http/request.rb:91:in `controller_class'
actionpack (8.0.0) lib/action_dispatch/routing/route_set.rb:61:in `controller'
actionpack (8.0.0) lib/action_dispatch/routing/route_set.rb:48:in `serve'
actionpack (8.0.0) lib/action_dispatch/journey/router.rb:53:in `block in serve'
actionpack (8.0.0) lib/action_dispatch/journey/router.rb:133:in `block in find_routes'
actionpack (8.0.0) lib/action_dispatch/journey/router.rb:126:in `each'
actionpack (8.0.0) lib/action_dispatch/journey/router.rb:126:in `find_routes'
actionpack (8.0.0) lib/action_dispatch/journey/router.rb:34:in `serve'
actionpack (8.0.0) lib/action_dispatch/routing/route_set.rb:908:in `call'
railties (8.0.0) lib/rails/engine/lazy_route_set.rb:68:in `call'
warden (1.2.9) lib/warden/manager.rb:36:in `block in call'
warden (1.2.9) lib/warden/manager.rb:34:in `catch'
warden (1.2.9) lib/warden/manager.rb:34:in `call'
rack (3.1.8) lib/rack/tempfile_reaper.rb:20:in `call'
rack (3.1.8) lib/rack/etag.rb:29:in `call'
rack (3.1.8) lib/rack/conditional_get.rb:31:in `call'
rack (3.1.8) lib/rack/head.rb:15:in `call'
actionpack (8.0.0) lib/action_dispatch/http/permissions_policy.rb:38:in `call'
actionpack (8.0.0) lib/action_dispatch/http/content_security_policy.rb:35:in `call'
rack-session (2.0.0) lib/rack/session/abstract/id.rb:272:in `context'
rack-session (2.0.0) lib/rack/session/abstract/id.rb:266:in `call'
actionpack (8.0.0) lib/action_dispatch/middleware/cookies.rb:706:in `call'
activerecord (8.0.0) lib/active_record/migration.rb:671:in `call'
actionpack (8.0.0) lib/action_dispatch/middleware/callbacks.rb:31:in `block in call'
activesupport (8.0.0) lib/active_support/callbacks.rb:100:in `run_callbacks'
actionpack (8.0.0) lib/action_dispatch/middleware/callbacks.rb:30:in `call'
actionpack (8.0.0) lib/action_dispatch/middleware/executor.rb:16:in `call'
actionpack (8.0.0) lib/action_dispatch/middleware/actionable_exceptions.rb:18:in `call'
actionpack (8.0.0) lib/action_dispatch/middleware/debug_exceptions.rb:31:in `call'
web-console (4.2.1) lib/web_console/middleware.rb:132:in `call_app'
web-console (4.2.1) lib/web_console/middleware.rb:28:in `block in call'
web-console (4.2.1) lib/web_console/middleware.rb:17:in `catch'
web-console (4.2.1) lib/web_console/middleware.rb:17:in `call'
actionpack (8.0.0) lib/action_dispatch/middleware/show_exceptions.rb:32:in `call'
railties (8.0.0) lib/rails/rack/logger.rb:41:in `call_app'
railties (8.0.0) lib/rails/rack/logger.rb:29:in `call'
actionpack (8.0.0) lib/action_dispatch/middleware/remote_ip.rb:96:in `call'
actionpack (8.0.0) lib/action_dispatch/middleware/request_id.rb:34:in `call'
rack (3.1.8) lib/rack/method_override.rb:28:in `call'
rack (3.1.8) lib/rack/runtime.rb:24:in `call'
actionpack (8.0.0) lib/action_dispatch/middleware/server_timing.rb:61:in `block in call'
actionpack (8.0.0) lib/action_dispatch/middleware/server_timing.rb:26:in `collect_events'
actionpack (8.0.0) lib/action_dispatch/middleware/server_timing.rb:60:in `call'
actionpack (8.0.0) lib/action_dispatch/middleware/executor.rb:16:in `call'
actionpack (8.0.0) lib/action_dispatch/middleware/static.rb:27:in `call'
rack (3.1.8) lib/rack/sendfile.rb:114:in `call'
actionpack (8.0.0) lib/action_dispatch/middleware/host_authorization.rb:143:in `call'
railties (8.0.0) lib/rails/engine.rb:535:in `call'
puma (6.4.3) lib/puma/configuration.rb:272:in `call'
puma (6.4.3) lib/puma/request.rb:100:in `block in handle_request'
puma (6.4.3) lib/puma/thread_pool.rb:378:in `with_force_shutdown'
puma (6.4.3) lib/puma/request.rb:99:in `handle_request'
puma (6.4.3) lib/puma/server.rb:464:in `process_client'
puma (6.4.3) lib/puma/server.rb:245:in `block in run'
puma (6.4.3) lib/puma/thread_pool.rb:155:in `block in spawn_thread'

Information for cause: NameError (uninitialized constant DashboardsController):
  
activesupport (8.0.0) lib/active_support/inflector/methods.rb:290:in `constantize'
activesupport (8.0.0) lib/active_support/core_ext/string/inflections.rb:74:in `constantize'
actionpack (8.0.0) lib/action_dispatch/http/request.rb:99:in `controller_class_for'
actionpack (8.0.0) lib/action_dispatch/http/request.rb:91:in `controller_class'
actionpack (8.0.0) lib/action_dispatch/routing/route_set.rb:61:in `controller'
actionpack (8.0.0) lib/action_dispatch/routing/route_set.rb:48:in `serve'
actionpack (8.0.0) lib/action_dispatch/journey/router.rb:53:in `block in serve'
actionpack (8.0.0) lib/action_dispatch/journey/router.rb:133:in `block in find_routes'
actionpack (8.0.0) lib/action_dispatch/journey/router.rb:126:in `each'
actionpack (8.0.0) lib/action_dispatch/journey/router.rb:126:in `find_routes'
actionpack (8.0.0) lib/action_dispatch/journey/router.rb:34:in `serve'
actionpack (8.0.0) lib/action_dispatch/routing/route_set.rb:908:in `call'
railties (8.0.0) lib/rails/engine/lazy_route_set.rb:68:in `call'
warden (1.2.9) lib/warden/manager.rb:36:in `block in call'
warden (1.2.9) lib/warden/manager.rb:34:in `catch'
warden (1.2.9) lib/warden/manager.rb:34:in `call'
rack (3.1.8) lib/rack/tempfile_reaper.rb:20:in `call'
rack (3.1.8) lib/rack/etag.rb:29:in `call'
rack (3.1.8) lib/rack/conditional_get.rb:31:in `call'
rack (3.1.8) lib/rack/head.rb:15:in `call'
actionpack (8.0.0) lib/action_dispatch/http/permissions_policy.rb:38:in `call'
actionpack (8.0.0) lib/action_dispatch/http/content_security_policy.rb:35:in `call'
rack-session (2.0.0) lib/rack/session/abstract/id.rb:272:in `context'
rack-session (2.0.0) lib/rack/session/abstract/id.rb:266:in `call'
actionpack (8.0.0) lib/action_dispatch/middleware/cookies.rb:706:in `call'
activerecord (8.0.0) lib/active_record/migration.rb:671:in `call'
actionpack (8.0.0) lib/action_dispatch/middleware/callbacks.rb:31:in `block in call'
activesupport (8.0.0) lib/active_support/callbacks.rb:100:in `run_callbacks'
actionpack (8.0.0) lib/action_dispatch/middleware/callbacks.rb:30:in `call'
actionpack (8.0.0) lib/action_dispatch/middleware/executor.rb:16:in `call'
actionpack (8.0.0) lib/action_dispatch/middleware/actionable_exceptions.rb:18:in `call'
actionpack (8.0.0) lib/action_dispatch/middleware/debug_exceptions.rb:31:in `call'
web-console (4.2.1) lib/web_console/middleware.rb:132:in `call_app'
web-console (4.2.1) lib/web_console/middleware.rb:28:in `block in call'
web-console (4.2.1) lib/web_console/middleware.rb:17:in `catch'
web-console (4.2.1) lib/web_console/middleware.rb:17:in `call'
actionpack (8.0.0) lib/action_dispatch/middleware/show_exceptions.rb:32:in `call'
railties (8.0.0) lib/rails/rack/logger.rb:41:in `call_app'
railties (8.0.0) lib/rails/rack/logger.rb:29:in `call'
actionpack (8.0.0) lib/action_dispatch/middleware/remote_ip.rb:96:in `call'
actionpack (8.0.0) lib/action_dispatch/middleware/request_id.rb:34:in `call'
rack (3.1.8) lib/rack/method_override.rb:28:in `call'
rack (3.1.8) lib/rack/runtime.rb:24:in `call'
actionpack (8.0.0) lib/action_dispatch/middleware/server_timing.rb:61:in `block in call'
actionpack (8.0.0) lib/action_dispatch/middleware/server_timing.rb:26:in `collect_events'
actionpack (8.0.0) lib/action_dispatch/middleware/server_timing.rb:60:in `call'
actionpack (8.0.0) lib/action_dispatch/middleware/executor.rb:16:in `call'
actionpack (8.0.0) lib/action_dispatch/middleware/static.rb:27:in `call'
rack (3.1.8) lib/rack/sendfile.rb:114:in `call'
actionpack (8.0.0) lib/action_dispatch/middleware/host_authorization.rb:143:in `call'
railties (8.0.0) lib/rails/engine.rb:535:in `call'
puma (6.4.3) lib/puma/configuration.rb:272:in `call'
puma (6.4.3) lib/puma/request.rb:100:in `block in handle_request'
puma (6.4.3) lib/puma/thread_pool.rb:378:in `with_force_shutdown'
puma (6.4.3) lib/puma/request.rb:99:in `handle_request'
puma (6.4.3) lib/puma/server.rb:464:in `process_client'
puma (6.4.3) lib/puma/server.rb:245:in `block in run'
puma (6.4.3) lib/puma/thread_pool.rb:155:in `block in spawn_thread'
Started GET "/" for 127.0.0.1 at 2024-12-02 16:54:33 +0545
Processing by DashboardsController#index as HTML
  [1m[36mUser Load (0.8ms)[0m  [1m[34mSELECT "users".* FROM "users" WHERE "users"."id" = 1 ORDER BY "users"."id" ASC LIMIT 1 /*action='index',application='Lifeglow',controller='dashboards'*/[0m
  Rendering layout layouts/application.html.erb
  Rendering dashboards/index.html.erb within layouts/application
  Rendered dashboards/index.html.erb within layouts/application (Duration: 0.6ms | GC: 0.0ms)
  Rendered layout layouts/application.html.erb (Duration: 19.0ms | GC: 10.3ms)
Completed 200 OK in 64ms (Views: 20.0ms | ActiveRecord: 15.3ms (1 query, 0 cached) | GC: 10.3ms)


Started GET "/" for 127.0.0.1 at 2024-12-02 17:01:58 +0545
Processing by DashboardsController#index as HTML
  [1m[36mUser Load (0.9ms)[0m  [1m[34mSELECT "users".* FROM "users" WHERE "users"."id" = 1 ORDER BY "users"."id" ASC LIMIT 1 /*action='index',application='Lifeglow',controller='dashboards'*/[0m
  Rendering layout layouts/application.html.erb
  Rendering dashboards/index.html.erb within layouts/application
  Rendered dashboards/index.html.erb within layouts/application (Duration: 1.1ms | GC: 0.0ms)
  Rendered layout layouts/application.html.erb (Duration: 2.3ms | GC: 0.0ms)
Completed 500 Internal Server Error in 34ms (ActiveRecord: 2.6ms (1 query, 0 cached) | GC: 0.0ms)


  
ActionView::SyntaxErrorInTemplate (Encountered a syntax error while rendering template: check <h1>Dashboards</h1>
<%= 'Over&Out', destroy_user_session_path %>
)
Caused by: ActiveSupport::SyntaxErrorProxy (/home/nihal/lifeglow/app/views/dashboards/index.html.erb:2: syntax error, unexpected ',', expecting ')'
...put_buffer.append=( 'Over&Out', destroy_user_session_path );
...                              ^
)

Information for: ActionView::SyntaxErrorInTemplate (Encountered a syntax error while rendering template: check <h1>Dashboards</h1>
<%= 'Over&Out', destroy_user_session_path %>
):
1:    <h1>Dashboards</h1>
2:    <%= 'Over&Out', destroy_user_session_path %>
  
app/views/dashboards/index.html.erb:2: syntax error, unexpected ',', expecting ')'

Information for cause: ActiveSupport::SyntaxErrorProxy (/home/nihal/lifeglow/app/views/dashboards/index.html.erb:2: syntax error, unexpected ',', expecting ')'
...put_buffer.append=( 'Over&Out', destroy_user_session_path );
...                              ^
):
  
app/views/dashboards/index.html.erb:2: syntax error, unexpected ',', expecting ')'
Started GET "/" for 127.0.0.1 at 2024-12-02 17:02:25 +0545
Processing by DashboardsController#index as HTML
  [1m[36mUser Load (0.2ms)[0m  [1m[34mSELECT "users".* FROM "users" WHERE "users"."id" = 1 ORDER BY "users"."id" ASC LIMIT 1 /*action='index',application='Lifeglow',controller='dashboards'*/[0m
  Rendering layout layouts/application.html.erb
  Rendering dashboards/index.html.erb within layouts/application
  Rendered dashboards/index.html.erb within layouts/application (Duration: 1.5ms | GC: 0.5ms)
  Rendered layout layouts/application.html.erb (Duration: 7.8ms | GC: 3.2ms)
Completed 200 OK in 34ms (Views: 9.4ms | ActiveRecord: 2.5ms (1 query, 0 cached) | GC: 6.9ms)


Started GET "/signout" for 127.0.0.1 at 2024-12-02 17:02:26 +0545
  
ActionController::RoutingError (No route matches [GET] "/signout"):
  
Started GET "/signout" for 127.0.0.1 at 2024-12-02 17:02:31 +0545
  
ActionController::RoutingError (No route matches [GET] "/signout"):
  
Started GET "/signout" for 127.0.0.1 at 2024-12-02 17:05:51 +0545
  
ActionController::RoutingError (No route matches [GET] "/signout"):
  
Started GET "/" for 127.0.0.1 at 2024-12-02 17:05:55 +0545
Processing by DashboardsController#index as HTML
  [1m[36mUser Load (0.2ms)[0m  [1m[34mSELECT "users".* FROM "users" WHERE "users"."id" = 1 ORDER BY "users"."id" ASC LIMIT 1 /*action='index',application='Lifeglow',controller='dashboards'*/[0m
  Rendering layout layouts/application.html.erb
  Rendering dashboards/index.html.erb within layouts/application
  Rendered dashboards/index.html.erb within layouts/application (Duration: 0.4ms | GC: 0.0ms)
  Rendered layout layouts/application.html.erb (Duration: 2.8ms | GC: 0.0ms)
Completed 200 OK in 26ms (Views: 4.4ms | ActiveRecord: 2.5ms (1 query, 0 cached) | GC: 0.0ms)


Started GET "/signout" for 127.0.0.1 at 2024-12-02 17:05:56 +0545
  
ActionController::RoutingError (No route matches [GET] "/signout"):
  
Started GET "/" for 127.0.0.1 at 2024-12-02 17:06:08 +0545
  [1m[36mActiveRecord::SchemaMigration Load (0.6ms)[0m  [1m[34mSELECT "schema_migrations"."version" FROM "schema_migrations" ORDER BY "schema_migrations"."version" ASC /*application='Lifeglow'*/[0m
Processing by DashboardsController#index as HTML
  [1m[36mUser Load (0.4ms)[0m  [1m[34mSELECT "users".* FROM "users" WHERE "users"."id" = 1 ORDER BY "users"."id" ASC LIMIT 1 /*action='index',application='Lifeglow',controller='dashboards'*/[0m
  Rendering layout layouts/application.html.erb
  Rendering dashboards/index.html.erb within layouts/application
  Rendered dashboards/index.html.erb within layouts/application (Duration: 0.7ms | GC: 0.0ms)
  Rendered layout layouts/application.html.erb (Duration: 21.9ms | GC: 11.9ms)
Completed 200 OK in 70ms (Views: 23.9ms | ActiveRecord: 14.6ms (1 query, 0 cached) | GC: 11.9ms)


Started GET "/signout" for 127.0.0.1 at 2024-12-02 17:06:10 +0545
  
ActionController::RoutingError (No route matches [GET] "/signout"):
  
Started GET "/signout" for 127.0.0.1 at 2024-12-02 17:07:41 +0545
  
ActionController::RoutingError (No route matches [GET] "/signout"):
  
Started GET "/signout" for 127.0.0.1 at 2024-12-02 17:07:47 +0545
  
ActionController::RoutingError (No route matches [GET] "/signout"):
  
Started GET "/signout" for 127.0.0.1 at 2024-12-02 17:09:47 +0545
  
ActionController::RoutingError (No route matches [GET] "/signout"):
  
Started GET "/" for 127.0.0.1 at 2024-12-02 17:09:55 +0545
Processing by DashboardsController#index as HTML
  [1m[36mUser Load (0.5ms)[0m  [1m[34mSELECT "users".* FROM "users" WHERE "users"."id" = 1 ORDER BY "users"."id" ASC LIMIT 1 /*action='index',application='Lifeglow',controller='dashboards'*/[0m
  Rendering layout layouts/application.html.erb
  Rendering dashboards/index.html.erb within layouts/application
  Rendered dashboards/index.html.erb within layouts/application (Duration: 2.0ms | GC: 0.0ms)
  Rendered layout layouts/application.html.erb (Duration: 10.0ms | GC: 0.0ms)
Completed 200 OK in 44ms (Views: 11.0ms | ActiveRecord: 3.5ms (1 query, 0 cached) | GC: 0.5ms)


Started GET "/signout" for 127.0.0.1 at 2024-12-02 17:09:57 +0545
  
ActionController::RoutingError (No route matches [GET] "/signout"):
  
Started GET "/" for 127.0.0.1 at 2024-12-02 17:10:11 +0545
  [1m[36mActiveRecord::SchemaMigration Load (0.9ms)[0m  [1m[34mSELECT "schema_migrations"."version" FROM "schema_migrations" ORDER BY "schema_migrations"."version" ASC /*application='Lifeglow'*/[0m
Processing by DashboardsController#index as HTML
  [1m[36mUser Load (0.6ms)[0m  [1m[34mSELECT "users".* FROM "users" WHERE "users"."id" = 1 ORDER BY "users"."id" ASC LIMIT 1 /*action='index',application='Lifeglow',controller='dashboards'*/[0m
  Rendering layout layouts/application.html.erb
  Rendering dashboards/index.html.erb within layouts/application
  Rendered dashboards/index.html.erb within layouts/application (Duration: 1.0ms | GC: 0.0ms)
  Rendered layout layouts/application.html.erb (Duration: 26.9ms | GC: 11.9ms)
Completed 200 OK in 85ms (Views: 29.4ms | ActiveRecord: 21.6ms (1 query, 0 cached) | GC: 11.9ms)


Started GET "/signout" for 127.0.0.1 at 2024-12-02 17:10:13 +0545
  
ActionController::RoutingError (No route matches [GET] "/signout"):
  
Started GET "/signout" for 127.0.0.1 at 2024-12-02 17:11:17 +0545
  
ActionController::RoutingError (No route matches [GET] "/signout"):
  
Started GET "/" for 127.0.0.1 at 2024-12-02 17:11:21 +0545
Processing by DashboardsController#index as HTML
  [1m[36mUser Load (0.4ms)[0m  [1m[34mSELECT "users".* FROM "users" WHERE "users"."id" = 1 ORDER BY "users"."id" ASC LIMIT 1 /*action='index',application='Lifeglow',controller='dashboards'*/[0m
  Rendering layout layouts/application.html.erb
  Rendering dashboards/index.html.erb within layouts/application
  Rendered dashboards/index.html.erb within layouts/application (Duration: 1.1ms | GC: 0.0ms)
  Rendered layout layouts/application.html.erb (Duration: 5.9ms | GC: 0.0ms)
Completed 200 OK in 40ms (Views: 6.8ms | ActiveRecord: 3.2ms (1 query, 0 cached) | GC: 0.0ms)


Started GET "/signout" for 127.0.0.1 at 2024-12-02 17:11:22 +0545
  
ActionController::RoutingError (No route matches [GET] "/signout"):
  
Started GET "/" for 127.0.0.1 at 2024-12-02 17:14:18 +0545
  [1m[36mActiveRecord::SchemaMigration Load (0.6ms)[0m  [1m[34mSELECT "schema_migrations"."version" FROM "schema_migrations" ORDER BY "schema_migrations"."version" ASC /*application='Lifeglow'*/[0m
Processing by DashboardsController#index as HTML
  [1m[36mUser Load (0.4ms)[0m  [1m[34mSELECT "users".* FROM "users" WHERE "users"."id" = 1 ORDER BY "users"."id" ASC LIMIT 1 /*action='index',application='Lifeglow',controller='dashboards'*/[0m
  Rendering layout layouts/application.html.erb
  Rendering dashboards/index.html.erb within layouts/application
  Rendered dashboards/index.html.erb within layouts/application (Duration: 0.7ms | GC: 0.0ms)
  Rendered layout layouts/application.html.erb (Duration: 22.1ms | GC: 12.2ms)
Completed 200 OK in 72ms (Views: 24.1ms | ActiveRecord: 16.4ms (1 query, 0 cached) | GC: 12.2ms)


Started GET "/assets/application-986795f3.js" for 127.0.0.1 at 2024-12-02 17:14:18 +0545
Started GET "/signout" for 127.0.0.1 at 2024-12-02 17:14:20 +0545
  
ActionController::RoutingError (No route matches [GET] "/signout"):
  
Started GET "/signout" for 127.0.0.1 at 2024-12-02 17:16:11 +0545
  [1m[36mActiveRecord::SchemaMigration Load (0.9ms)[0m  [1m[34mSELECT "schema_migrations"."version" FROM "schema_migrations" ORDER BY "schema_migrations"."version" ASC /*application='Lifeglow'*/[0m
  
ActionController::RoutingError (No route matches [GET] "/signout"):
  
Started GET "/" for 127.0.0.1 at 2024-12-02 17:16:21 +0545
Processing by DashboardsController#index as HTML
  [1m[36mUser Load (0.8ms)[0m  [1m[34mSELECT "users".* FROM "users" WHERE "users"."id" = 1 ORDER BY "users"."id" ASC LIMIT 1 /*action='index',application='Lifeglow',controller='dashboards'*/[0m
  Rendering layout layouts/application.html.erb
  Rendering dashboards/index.html.erb within layouts/application
  Rendered dashboards/index.html.erb within layouts/application (Duration: 1.1ms | GC: 0.0ms)
  Rendered layout layouts/application.html.erb (Duration: 9.0ms | GC: 0.5ms)
Completed 200 OK in 65ms (Views: 10.2ms | ActiveRecord: 21.2ms (1 query, 0 cached) | GC: 2.9ms)


Started GET "/assets/application-9b6e7100.js" for 127.0.0.1 at 2024-12-02 17:16:21 +0545
Started GET "/signout" for 127.0.0.1 at 2024-12-02 17:16:22 +0545
  
ActionController::RoutingError (No route matches [GET] "/signout"):
  
Started GET "/signout" for 127.0.0.1 at 2024-12-02 17:19:12 +0545
  
ActionController::RoutingError (No route matches [GET] "/signout"):
  
Started GET "/favicon.ico" for 127.0.0.1 at 2024-12-02 17:19:13 +0545
  
ActionController::RoutingError (No route matches [GET] "/favicon.ico"):
  
Started GET "/" for 127.0.0.1 at 2024-12-02 17:19:20 +0545
Processing by DashboardsController#index as HTML
  [1m[36mUser Load (0.4ms)[0m  [1m[34mSELECT "users".* FROM "users" WHERE "users"."id" = 1 ORDER BY "users"."id" ASC LIMIT 1 /*action='index',application='Lifeglow',controller='dashboards'*/[0m
  Rendering layout layouts/application.html.erb
  Rendering dashboards/index.html.erb within layouts/application
  Rendered dashboards/index.html.erb within layouts/application (Duration: 0.4ms | GC: 0.0ms)
  Rendered layout layouts/application.html.erb (Duration: 5.5ms | GC: 0.2ms)
Completed 200 OK in 17ms (Views: 5.8ms | ActiveRecord: 0.3ms (1 query, 0 cached) | GC: 0.6ms)


Started GET "/assets/application-986795f3.js" for 127.0.0.1 at 2024-12-02 17:19:20 +0545
Started GET "/assets/controllers/index-ee64e1f1.js" for 127.0.0.1 at 2024-12-02 17:19:20 +0545
Started GET "/assets/turbo.min-fae85750.js" for 127.0.0.1 at 2024-12-02 17:19:20 +0545
Started GET "/assets/stimulus.min-4b1e420e.js" for 127.0.0.1 at 2024-12-02 17:19:20 +0545
Started GET "/assets/stimulus-loading-1fc53fe7.js" for 127.0.0.1 at 2024-12-02 17:19:21 +0545
Started GET "/assets/controllers/application-3affb389.js" for 127.0.0.1 at 2024-12-02 17:19:21 +0545
Started GET "/assets/controllers/hello_controller-708796bd.js" for 127.0.0.1 at 2024-12-02 17:19:21 +0545
Started GET "/assets/turbo.min-5dd5a71a.js.map" for 127.0.0.1 at 2024-12-02 17:19:21 +0545
Started GET "/assets/stimulus.min-2395e199.js.map" for 127.0.0.1 at 2024-12-02 17:19:21 +0545
Started GET "/" for 127.0.0.1 at 2024-12-02 17:20:50 +0545
Processing by DashboardsController#index as HTML
  [1m[36mUser Load (0.3ms)[0m  [1m[34mSELECT "users".* FROM "users" WHERE "users"."id" = 1 ORDER BY "users"."id" ASC LIMIT 1 /*action='index',application='Lifeglow',controller='dashboards'*/[0m
  Rendering layout layouts/application.html.erb
  Rendering dashboards/index.html.erb within layouts/application
  Rendered dashboards/index.html.erb within layouts/application (Duration: 1.9ms | GC: 0.0ms)
  Rendered layout layouts/application.html.erb (Duration: 5.0ms | GC: 0.0ms)
Completed 200 OK in 33ms (Views: 5.8ms | ActiveRecord: 2.2ms (1 query, 0 cached) | GC: 0.4ms)


Started DELETE "/signout" for 127.0.0.1 at 2024-12-02 17:20:52 +0545
Processing by Devise::SessionsController#destroy as HTML
  Parameters: {"authenticity_token"=>"[FILTERED]", "commit"=>"Over&Out"}
  [1m[36mUser Load (0.8ms)[0m  [1m[34mSELECT "users".* FROM "users" WHERE "users"."id" = 1 ORDER BY "users"."id" ASC LIMIT 1 /*action='destroy',application='Lifeglow',controller='sessions'*/[0m
Redirected to http://127.0.0.1:3000/
Completed 303 See Other in 32ms (ActiveRecord: 0.2ms (1 query, 0 cached) | GC: 0.0ms)


Started GET "/" for 127.0.0.1 at 2024-12-02 17:20:52 +0545
Processing by DashboardsController#index as HTML
Completed 401 Unauthorized in 9ms (ActiveRecord: 0.0ms (0 queries, 0 cached) | GC: 3.1ms)


Started GET "/signin" for 127.0.0.1 at 2024-12-02 17:20:52 +0545
Processing by Devise::SessionsController#new as HTML
  Rendering layout layouts/application.html.erb
  Rendering /home/nihal/.local/share/mise/installs/ruby/3.3.6/lib/ruby/gems/3.3.0/gems/devise-4.9.4/app/views/devise/sessions/new.html.erb within layouts/application
  Rendered /home/nihal/.local/share/mise/installs/ruby/3.3.6/lib/ruby/gems/3.3.0/gems/devise-4.9.4/app/views/devise/shared/_links.html.erb (Duration: 0.9ms | GC: 0.0ms)
  Rendered /home/nihal/.local/share/mise/installs/ruby/3.3.6/lib/ruby/gems/3.3.0/gems/devise-4.9.4/app/views/devise/sessions/new.html.erb within layouts/application (Duration: 5.2ms | GC: 0.0ms)
  Rendered layout layouts/application.html.erb (Duration: 6.2ms | GC: 0.1ms)
Completed 200 OK in 20ms (Views: 7.9ms | ActiveRecord: 0.0ms (0 queries, 0 cached) | GC: 0.4ms)


Started POST "/signin" for 127.0.0.1 at 2024-12-02 17:21:29 +0545
Processing by Devise::SessionsController#create as HTML
  Parameters: {"authenticity_token"=>"[FILTERED]", "user"=>{"email"=>"[FILTERED]", "password"=>"[FILTERED]", "remember_me"=>"1"}, "commit"=>"Log in"}
  [1m[36mUser Load (0.7ms)[0m  [1m[34mSELECT "users".* FROM "users" WHERE "users"."email" = 'n@lifeflow.com' ORDER BY "users"."id" ASC LIMIT 1 /*action='create',application='Lifeglow',controller='sessions'*/[0m
  [1m[36mTRANSACTION (0.4ms)[0m  [1m[35mBEGIN /*action='create',application='Lifeglow',controller='sessions'*/[0m
  [1m[36mUser Update (2.1ms)[0m  [1m[33mUPDATE "users" SET "remember_created_at" = '2024-12-02 11:36:29.381563', "updated_at" = '2024-12-02 11:36:29.384332' WHERE "users"."id" = 1 /*action='create',application='Lifeglow',controller='sessions'*/[0m
  [1m[36mTRANSACTION (18.7ms)[0m  [1m[35mCOMMIT /*action='create',application='Lifeglow',controller='sessions'*/[0m
Redirected to http://127.0.0.1:3000/
Completed 303 See Other in 237ms (ActiveRecord: 21.6ms (2 queries, 0 cached) | GC: 0.1ms)


Started GET "/" for 127.0.0.1 at 2024-12-02 17:21:29 +0545
Processing by DashboardsController#index as HTML
  [1m[36mUser Load (0.3ms)[0m  [1m[34mSELECT "users".* FROM "users" WHERE "users"."id" = 1 ORDER BY "users"."id" ASC LIMIT 1 /*action='index',application='Lifeglow',controller='dashboards'*/[0m
  Rendering layout layouts/application.html.erb
  Rendering dashboards/index.html.erb within layouts/application
  Rendered dashboards/index.html.erb within layouts/application (Duration: 0.4ms | GC: 0.0ms)
  Rendered layout layouts/application.html.erb (Duration: 1.5ms | GC: 0.0ms)
Completed 200 OK in 9ms (Views: 2.3ms | ActiveRecord: 0.3ms (1 query, 0 cached) | GC: 0.4ms)


  [1m[35m (0.2ms)[0m  [1m[34mSELECT pg_try_advisory_lock(683520439475905920) /*application='Lifeglow'*/[0m
  [1m[36mActiveRecord::SchemaMigration Load (0.7ms)[0m  [1m[34mSELECT "schema_migrations"."version" FROM "schema_migrations" ORDER BY "schema_migrations"."version" ASC /*application='Lifeglow'*/[0m
  [1m[36mActiveRecord::InternalMetadata Load (0.6ms)[0m  [1m[34mSELECT * FROM "ar_internal_metadata" WHERE "ar_internal_metadata"."key" = 'environment' ORDER BY "ar_internal_metadata"."key" ASC LIMIT 1 /*application='Lifeglow'*/[0m
Migrating to CreateMoneyTrackers (20241203112109)
  [1m[36mTRANSACTION (0.1ms)[0m  [1m[35mBEGIN /*application='Lifeglow'*/[0m
  [1m[35m (11.9ms)[0m  [1m[35mCREATE TABLE "money_trackers" ("id" bigserial primary key, "user_id" bigint NOT NULL, "amount" decimal, "type" character varying, "description" text, "created_at" timestamp(6) NOT NULL, "updated_at" timestamp(6) NOT NULL, CONSTRAINT "fk_rails_fc72365df0"
FOREIGN KEY ("user_id")
  REFERENCES "users" ("id")
) /*application='Lifeglow'*/[0m
  [1m[35m (2.3ms)[0m  [1m[35mCREATE INDEX "index_money_trackers_on_user_id" ON "money_trackers" ("user_id") /*application='Lifeglow'*/[0m
  [1m[36mActiveRecord::SchemaMigration Create (0.2ms)[0m  [1m[32mINSERT INTO "schema_migrations" ("version") VALUES ('20241203112109') RETURNING "version" /*application='Lifeglow'*/[0m
  [1m[36mTRANSACTION (0.9ms)[0m  [1m[35mCOMMIT /*application='Lifeglow'*/[0m
  [1m[35m (0.2ms)[0m  [1m[34mSELECT pg_advisory_unlock(683520439475905920) /*application='Lifeglow'*/[0m
  [1m[36mActiveRecord::SchemaMigration Load (0.2ms)[0m  [1m[34mSELECT "schema_migrations"."version" FROM "schema_migrations" ORDER BY "schema_migrations"."version" ASC /*application='Lifeglow'*/[0m
Started GET "/" for 127.0.0.1 at 2024-12-03 17:23:03 +0545
  [1m[36mActiveRecord::SchemaMigration Load (0.7ms)[0m  [1m[34mSELECT "schema_migrations"."version" FROM "schema_migrations" ORDER BY "schema_migrations"."version" ASC /*application='Lifeglow'*/[0m
Processing by DashboardsController#index as HTML
Completed 401 Unauthorized in 15ms (ActiveRecord: 0.0ms (0 queries, 0 cached) | GC: 0.0ms)


Started GET "/signin" for 127.0.0.1 at 2024-12-03 17:23:03 +0545
Processing by Devise::SessionsController#new as HTML
  [1m[36mUser Load (4.4ms)[0m  [1m[34mSELECT "users".* FROM "users" WHERE "users"."id" = 1 ORDER BY "users"."id" ASC LIMIT 1 /*action='new',application='Lifeglow',controller='sessions'*/[0m
Redirected to http://127.0.0.1:3000/
Filter chain halted as :require_no_authentication rendered or redirected
Completed 302 Found in 101ms (ActiveRecord: 26.2ms (1 query, 0 cached) | GC: 0.0ms)


Started GET "/" for 127.0.0.1 at 2024-12-03 17:23:03 +0545
Processing by DashboardsController#index as HTML
  [1m[36mUser Load (0.5ms)[0m  [1m[34mSELECT "users".* FROM "users" WHERE "users"."id" = 1 ORDER BY "users"."id" ASC LIMIT 1 /*action='index',application='Lifeglow',controller='dashboards'*/[0m
  Rendering layout layouts/application.html.erb
  Rendering dashboards/index.html.erb within layouts/application
  Rendered dashboards/index.html.erb within layouts/application (Duration: 1.9ms | GC: 0.0ms)
  Rendered layout layouts/application.html.erb (Duration: 26.2ms | GC: 0.9ms)
Completed 200 OK in 59ms (Views: 29.2ms | ActiveRecord: 0.4ms (1 query, 0 cached) | GC: 1.4ms)


Started GET "/money_trackers" for 127.0.0.1 at 2024-12-03 17:23:06 +0545
Processing by MoneyTrackersController#index as HTML
  [1m[36mUser Load (0.4ms)[0m  [1m[34mSELECT "users".* FROM "users" WHERE "users"."id" = 1 ORDER BY "users"."id" ASC LIMIT 1 /*action='index',application='Lifeglow',controller='money_trackers'*/[0m
Completed 500 Internal Server Error in 48ms (ActiveRecord: 2.2ms (1 query, 0 cached) | GC: 0.1ms)


  
NameError (undefined local variable or method `amount' for an instance of MoneyTrackersController):
  
app/controllers/money_trackers_controller.rb:23:in `calculate_balance'
app/controllers/money_trackers_controller.rb:5:in `index'
Started GET "/favicon.ico" for 127.0.0.1 at 2024-12-03 17:23:06 +0545
  
ActionController::RoutingError (No route matches [GET] "/favicon.ico"):
  
Started GET "/money_trackers" for 127.0.0.1 at 2024-12-03 17:23:53 +0545
Processing by MoneyTrackersController#index as HTML
  [1m[36mUser Load (0.5ms)[0m  [1m[34mSELECT "users".* FROM "users" WHERE "users"."id" = 1 ORDER BY "users"."id" ASC LIMIT 1 /*action='index',application='Lifeglow',controller='money_trackers'*/[0m
  [1m[36mMoneyTracker Sum (18.8ms)[0m  [1m[34mSELECT SUM("money_trackers"."amount") FROM "money_trackers" WHERE "money_trackers"."user_id" = 1 AND "money_trackers"."type" = 'Income' /*action='index',application='Lifeglow',controller='money_trackers'*/[0m
  ↳ app/controllers/money_trackers_controller.rb:23:in `calculate_balance'
  [1m[36mMoneyTracker Sum (0.5ms)[0m  [1m[34mSELECT SUM("money_trackers"."amount") FROM "money_trackers" WHERE "money_trackers"."user_id" = 1 AND "money_trackers"."type" = 'Expense' /*action='index',application='Lifeglow',controller='money_trackers'*/[0m
  ↳ app/controllers/money_trackers_controller.rb:24:in `calculate_balance'
  Rendering layout layouts/application.html.erb
  Rendering money_trackers/index.html.erb within layouts/application
  [1m[36mMoneyTracker Load (0.2ms)[0m  [1m[34mSELECT "money_trackers".* FROM "money_trackers" WHERE "money_trackers"."user_id" = 1 /*action='index',application='Lifeglow',controller='money_trackers'*/[0m
  ↳ app/views/money_trackers/index.html.erb:20:in `each_with_index'
  Rendered money_trackers/index.html.erb within layouts/application (Duration: 28.9ms | GC: 0.0ms)
  Rendered layout layouts/application.html.erb (Duration: 32.9ms | GC: 0.0ms)
Completed 200 OK in 95ms (Views: 33.8ms | ActiveRecord: 23.2ms (4 queries, 0 cached) | GC: 0.6ms)


Started POST "/money_trackers" for 127.0.0.1 at 2024-12-03 17:26:09 +0545
Processing by MoneyTrackersController#create as HTML
  Parameters: {"authenticity_token"=>"[FILTERED]", "type"=>"Income", "amount"=>"1500", "description"=>"salary", "commit"=>"Add Income"}
  [1m[36mUser Load (0.5ms)[0m  [1m[34mSELECT "users".* FROM "users" WHERE "users"."id" = 1 ORDER BY "users"."id" ASC LIMIT 1 /*action='create',application='Lifeglow',controller='money_trackers'*/[0m
Completed 400 Bad Request in 16ms (ActiveRecord: 0.5ms (1 query, 0 cached) | GC: 4.4ms)


  
ActionController::ParameterMissing (param is missing or the value is empty or invalid: money_tracker):
  
app/controllers/money_trackers_controller.rb:19:in `money_tracker_params'
app/controllers/money_trackers_controller.rb:9:in `create'
Started POST "/money_trackers" for 127.0.0.1 at 2024-12-03 17:30:17 +0545
Processing by MoneyTrackersController#create as HTML
  Parameters: {"authenticity_token"=>"[FILTERED]", "type"=>"Income", "amount"=>"1500", "description"=>"salary", "commit"=>"Add Income"}
  [1m[36mUser Load (0.2ms)[0m  [1m[34mSELECT "users".* FROM "users" WHERE "users"."id" = 1 ORDER BY "users"."id" ASC LIMIT 1 /*action='create',application='Lifeglow',controller='money_trackers'*/[0m
Completed 400 Bad Request in 27ms (ActiveRecord: 3.2ms (1 query, 0 cached) | GC: 0.4ms)


  
ActionController::ParameterMissing (param is missing or the value is empty or invalid: money_tracker):
  
app/controllers/money_trackers_controller.rb:19:in `money_tracker_params'
app/controllers/money_trackers_controller.rb:9:in `create'
Started GET "/money_trackers" for 127.0.0.1 at 2024-12-03 17:30:19 +0545
Processing by MoneyTrackersController#index as HTML
  [1m[36mUser Load (0.6ms)[0m  [1m[34mSELECT "users".* FROM "users" WHERE "users"."id" = 1 ORDER BY "users"."id" ASC LIMIT 1 /*action='index',application='Lifeglow',controller='money_trackers'*/[0m
  [1m[36mMoneyTracker Sum (0.3ms)[0m  [1m[34mSELECT SUM("money_trackers"."amount") FROM "money_trackers" WHERE "money_trackers"."user_id" = 1 AND "money_trackers"."type" = 'Income' /*action='index',application='Lifeglow',controller='money_trackers'*/[0m
  ↳ app/controllers/money_trackers_controller.rb:23:in `calculate_balance'
  [1m[36mMoneyTracker Sum (0.3ms)[0m  [1m[34mSELECT SUM("money_trackers"."amount") FROM "money_trackers" WHERE "money_trackers"."user_id" = 1 AND "money_trackers"."type" = 'Expense' /*action='index',application='Lifeglow',controller='money_trackers'*/[0m
  ↳ app/controllers/money_trackers_controller.rb:24:in `calculate_balance'
  Rendering layout layouts/application.html.erb
  Rendering money_trackers/index.html.erb within layouts/application
  [1m[36mMoneyTracker Load (0.2ms)[0m  [1m[34mSELECT "money_trackers".* FROM "money_trackers" WHERE "money_trackers"."user_id" = 1 /*action='index',application='Lifeglow',controller='money_trackers'*/[0m
  ↳ app/views/money_trackers/index.html.erb:20:in `each_with_index'
  Rendered money_trackers/index.html.erb within layouts/application (Duration: 24.3ms | GC: 0.0ms)
  Rendered layout layouts/application.html.erb (Duration: 28.4ms | GC: 1.7ms)
Completed 200 OK in 47ms (Views: 29.4ms | ActiveRecord: 2.1ms (4 queries, 0 cached) | GC: 1.7ms)


Started POST "/money_trackers" for 127.0.0.1 at 2024-12-03 17:30:29 +0545
Processing by MoneyTrackersController#create as HTML
  Parameters: {"authenticity_token"=>"[FILTERED]", "type"=>"Income", "amount"=>"15", "description"=>"salary", "transaction_type"=>"Income", "commit"=>"Add Income"}
  [1m[36mUser Load (0.4ms)[0m  [1m[34mSELECT "users".* FROM "users" WHERE "users"."id" = 1 ORDER BY "users"."id" ASC LIMIT 1 /*action='create',application='Lifeglow',controller='money_trackers'*/[0m
Completed 400 Bad Request in 13ms (ActiveRecord: 0.4ms (1 query, 0 cached) | GC: 0.7ms)


  
ActionController::ParameterMissing (param is missing or the value is empty or invalid: money_tracker):
  
app/controllers/money_trackers_controller.rb:19:in `money_tracker_params'
app/controllers/money_trackers_controller.rb:9:in `create'
Started GET "/money_trackers" for 127.0.0.1 at 2024-12-03 17:36:19 +0545
Processing by MoneyTrackersController#index as HTML
  [1m[36mUser Load (0.6ms)[0m  [1m[34mSELECT "users".* FROM "users" WHERE "users"."id" = 1 ORDER BY "users"."id" ASC LIMIT 1 /*action='index',application='Lifeglow',controller='money_trackers'*/[0m
  Rendering layout layouts/application.html.erb
  Rendering money_trackers/index.html.erb within layouts/application
  Rendered money_trackers/index.html.erb within layouts/application (Duration: 0.4ms | GC: 0.0ms)
  Rendered layout layouts/application.html.erb (Duration: 3.3ms | GC: 0.2ms)
Completed 200 OK in 34ms (Views: 4.2ms | ActiveRecord: 3.9ms (1 query, 0 cached) | GC: 3.3ms)


Started GET "/" for 127.0.0.1 at 2024-12-03 17:36:25 +0545
Processing by DashboardsController#index as HTML
  [1m[36mUser Load (0.5ms)[0m  [1m[34mSELECT "users".* FROM "users" WHERE "users"."id" = 1 ORDER BY "users"."id" ASC LIMIT 1 /*action='index',application='Lifeglow',controller='dashboards'*/[0m
  Rendering layout layouts/application.html.erb
  Rendering dashboards/index.html.erb within layouts/application
  Rendered dashboards/index.html.erb within layouts/application (Duration: 1.0ms | GC: 0.0ms)
  Rendered layout layouts/application.html.erb (Duration: 2.4ms | GC: 0.0ms)
Completed 200 OK in 16ms (Views: 2.9ms | ActiveRecord: 0.5ms (1 query, 0 cached) | GC: 0.5ms)


Started GET "/money_trackers" for 127.0.0.1 at 2024-12-03 17:36:27 +0545
Processing by MoneyTrackersController#index as HTML
  [1m[36mUser Load (0.5ms)[0m  [1m[34mSELECT "users".* FROM "users" WHERE "users"."id" = 1 ORDER BY "users"."id" ASC LIMIT 1 /*action='index',application='Lifeglow',controller='money_trackers'*/[0m
  Rendering layout layouts/application.html.erb
  Rendering money_trackers/index.html.erb within layouts/application
  Rendered money_trackers/index.html.erb within layouts/application (Duration: 0.1ms | GC: 0.0ms)
  Rendered layout layouts/application.html.erb (Duration: 0.6ms | GC: 0.0ms)
Completed 200 OK in 9ms (Views: 1.1ms | ActiveRecord: 0.5ms (1 query, 0 cached) | GC: 0.3ms)


  [1m[36mUser Load (2.5ms)[0m  [1m[34mSELECT "users".* FROM "users" ORDER BY "users"."id" ASC LIMIT 1 /*application='Lifeglow'*/[0m
  [1m[36mMoneyTracker Load (0.6ms)[0m  [1m[34mSELECT "money_trackers".* FROM "money_trackers" WHERE "money_trackers"."user_id" = 1 /* loading for pp */ LIMIT 11 /*application='Lifeglow'*/[0m
  [1m[36mMoneyTracker Load (78.8ms)[0m  [1m[34mSELECT "money_trackers".* FROM "money_trackers" /* loading for pp */ LIMIT 11 /*application='Lifeglow'*/[0m
  [1m[36mUser Load (20.8ms)[0m  [1m[34mSELECT "users".* FROM "users" /* loading for pp */ LIMIT 11 /*application='Lifeglow'*/[0m
  [1m[36mUser Load (1.1ms)[0m  [1m[34mSELECT "users".* FROM "users" ORDER BY "users"."id" ASC LIMIT 1 /*application='Lifeglow'*/[0m
  [1m[36mMoneyTracker Load (1.0ms)[0m  [1m[34mSELECT "money_trackers".* FROM "money_trackers" WHERE "money_trackers"."user_id" = 1 /*application='Lifeglow'*/[0m
  [1m[35m (0.4ms)[0m  [1m[34mSELECT pg_try_advisory_lock(683520439475905920) /*application='Lifeglow'*/[0m
  [1m[36mActiveRecord::SchemaMigration Load (21.1ms)[0m  [1m[34mSELECT "schema_migrations"."version" FROM "schema_migrations" ORDER BY "schema_migrations"."version" ASC /*application='Lifeglow'*/[0m
  [1m[36mActiveRecord::InternalMetadata Load (19.9ms)[0m  [1m[34mSELECT * FROM "ar_internal_metadata" WHERE "ar_internal_metadata"."key" = 'environment' ORDER BY "ar_internal_metadata"."key" ASC LIMIT 1 /*application='Lifeglow'*/[0m
Migrating to RenameTypeColumnInMoneyTrackers (20241209144028)
  [1m[36mTRANSACTION (0.3ms)[0m  [1m[35mBEGIN /*application='Lifeglow'*/[0m
  [1m[35m (4.1ms)[0m  [1m[35mALTER TABLE "money_trackers" RENAME COLUMN "type" TO "transaction_type" /*application='Lifeglow'*/[0m
  [1m[36mActiveRecord::SchemaMigration Create (0.3ms)[0m  [1m[32mINSERT INTO "schema_migrations" ("version") VALUES ('20241209144028') RETURNING "version" /*application='Lifeglow'*/[0m
  [1m[36mTRANSACTION (1.6ms)[0m  [1m[35mCOMMIT /*application='Lifeglow'*/[0m
  [1m[35m (0.5ms)[0m  [1m[34mSELECT pg_advisory_unlock(683520439475905920) /*application='Lifeglow'*/[0m
  [1m[36mActiveRecord::SchemaMigration Load (0.3ms)[0m  [1m[34mSELECT "schema_migrations"."version" FROM "schema_migrations" ORDER BY "schema_migrations"."version" ASC /*application='Lifeglow'*/[0m
  [1m[36mUser Load (3.6ms)[0m  [1m[34mSELECT "users".* FROM "users" ORDER BY "users"."id" ASC LIMIT 1 /*application='Lifeglow'*/[0m
  [1m[36mActiveRecord::SchemaMigration Load (0.4ms)[0m  [1m[34mSELECT "schema_migrations"."version" FROM "schema_migrations" ORDER BY "schema_migrations"."version" ASC /*application='Lifeglow'*/[0m
  [1m[35m (0.2ms)[0m  [1m[34mSELECT pg_try_advisory_lock(683520439475905920) /*application='Lifeglow'*/[0m
  [1m[36mActiveRecord::SchemaMigration Load (0.8ms)[0m  [1m[34mSELECT "schema_migrations"."version" FROM "schema_migrations" ORDER BY "schema_migrations"."version" ASC /*application='Lifeglow'*/[0m
  [1m[36mActiveRecord::InternalMetadata Load (0.6ms)[0m  [1m[34mSELECT * FROM "ar_internal_metadata" WHERE "ar_internal_metadata"."key" = 'environment' ORDER BY "ar_internal_metadata"."key" ASC LIMIT 1 /*application='Lifeglow'*/[0m
  [1m[35m (0.3ms)[0m  [1m[34mSELECT pg_advisory_unlock(683520439475905920) /*application='Lifeglow'*/[0m
  [1m[36mActiveRecord::SchemaMigration Load (0.4ms)[0m  [1m[34mSELECT "schema_migrations"."version" FROM "schema_migrations" ORDER BY "schema_migrations"."version" ASC /*application='Lifeglow'*/[0m
  [1m[36mUser Load (2.8ms)[0m  [1m[34mSELECT "users".* FROM "users" ORDER BY "users"."id" ASC LIMIT 1 /*application='Lifeglow'*/[0m
  [1m[36mUser Load (1.1ms)[0m  [1m[34mSELECT "users".* FROM "users" ORDER BY "users"."id" ASC LIMIT 1 /*application='Lifeglow'*/[0m
  [1m[36mUser Load (2.4ms)[0m  [1m[34mSELECT "users".* FROM "users" ORDER BY "users"."id" ASC LIMIT 1 /*application='Lifeglow'*/[0m
  [1m[36mTRANSACTION (0.2ms)[0m  [1m[35mBEGIN /*application='Lifeglow'*/[0m
  [1m[36mUser Load (2.2ms)[0m  [1m[34mSELECT "users".* FROM "users" WHERE "users"."id" = 1 LIMIT 1 /*application='Lifeglow'*/[0m
  [1m[36mTRANSACTION (0.2ms)[0m  [1m[31mROLLBACK /*application='Lifeglow'*/[0m
  [1m[36mUser Load (4.5ms)[0m  [1m[34mSELECT "users".* FROM "users" ORDER BY "users"."id" ASC LIMIT 1 /*application='Lifeglow'*/[0m
  [1m[36mTRANSACTION (0.2ms)[0m  [1m[35mBEGIN /*application='Lifeglow'*/[0m
  [1m[36mMoneyTracker Create (22.7ms)[0m  [1m[32mINSERT INTO "money_trackers" ("user_id", "amount", "transaction_type", "description", "created_at", "updated_at") VALUES (1, 50.0, 'Income', 'paisa ayo', '2024-12-09 14:58:20.227958', '2024-12-09 14:58:20.227958') RETURNING "id" /*application='Lifeglow'*/[0m
  [1m[36mTRANSACTION (0.9ms)[0m  [1m[35mCOMMIT /*application='Lifeglow'*/[0m
  [1m[36mTRANSACTION (0.5ms)[0m  [1m[35mBEGIN /*application='Lifeglow'*/[0m
  [1m[36mMoneyTracker Create (1.8ms)[0m  [1m[32mINSERT INTO "money_trackers" ("user_id", "amount", "transaction_type", "description", "created_at", "updated_at") VALUES (1, 30.0, 'Expense', 'paisa ayo', '2024-12-09 15:00:59.292974', '2024-12-09 15:00:59.292974') RETURNING "id" /*application='Lifeglow'*/[0m
  [1m[36mTRANSACTION (18.8ms)[0m  [1m[35mCOMMIT /*application='Lifeglow'*/[0m
Started GET "/money_trackers" for 127.0.0.1 at 2024-12-10 19:08:35 +0545
  
ActiveRecord::ConnectionNotEstablished (connection to server on socket "/var/run/postgresql/.s.PGSQL.5432" failed: No such file or directory
	Is the server running locally and accepting connections on that socket?
)
Caused by: PG::ConnectionBad (connection to server on socket "/var/run/postgresql/.s.PGSQL.5432" failed: No such file or directory
	Is the server running locally and accepting connections on that socket?
)

Information for: ActiveRecord::ConnectionNotEstablished (connection to server on socket "/var/run/postgresql/.s.PGSQL.5432" failed: No such file or directory
	Is the server running locally and accepting connections on that socket?
):
  
activerecord (8.0.0) lib/active_record/connection_adapters/postgresql_adapter.rb:69:in `rescue in new_client'
activerecord (8.0.0) lib/active_record/connection_adapters/postgresql_adapter.rb:57:in `new_client'
activerecord (8.0.0) lib/active_record/connection_adapters/postgresql_adapter.rb:934:in `connect'
activerecord (8.0.0) lib/active_record/connection_adapters/postgresql_adapter.rb:946:in `reconnect'
activerecord (8.0.0) lib/active_record/connection_adapters/abstract_adapter.rb:669:in `block in reconnect!'
activesupport (8.0.0) lib/active_support/concurrency/null_lock.rb:9:in `synchronize'
activerecord (8.0.0) lib/active_record/connection_adapters/abstract_adapter.rb:668:in `reconnect!'
activerecord (8.0.0) lib/active_record/connection_adapters/abstract_adapter.rb:770:in `block in verify!'
activesupport (8.0.0) lib/active_support/concurrency/null_lock.rb:9:in `synchronize'
activerecord (8.0.0) lib/active_record/connection_adapters/abstract_adapter.rb:761:in `verify!'
activerecord (8.0.0) lib/active_record/connection_adapters/abstract_adapter.rb:778:in `connect!'
activerecord (8.0.0) lib/active_record/connection_adapters/abstract_adapter.rb:984:in `block in with_raw_connection'
activesupport (8.0.0) lib/active_support/concurrency/null_lock.rb:9:in `synchronize'
activerecord (8.0.0) lib/active_record/connection_adapters/abstract_adapter.rb:983:in `with_raw_connection'
activerecord (8.0.0) lib/active_record/connection_adapters/postgresql/quoting.rb:128:in `quote_string'
activerecord (8.0.0) lib/active_record/connection_adapters/abstract/quoting.rb:76:in `quote'
activerecord (8.0.0) lib/active_record/connection_adapters/postgresql/quoting.rb:122:in `quote'
activerecord (8.0.0) lib/active_record/connection_adapters/postgresql/schema_statements.rb:1142:in `quoted_scope'
activerecord (8.0.0) lib/active_record/connection_adapters/postgresql/schema_statements.rb:1119:in `data_source_sql'
activerecord (8.0.0) lib/active_record/connection_adapters/abstract/schema_statements.rb:60:in `table_exists?'
activerecord (8.0.0) lib/active_record/schema_migration.rb:55:in `block in create_table'
activerecord (8.0.0) lib/active_record/connection_adapters/abstract/connection_pool.rb:412:in `with_connection'
activerecord (8.0.0) lib/active_record/schema_migration.rb:54:in `create_table'
activerecord (8.0.0) lib/active_record/migration.rb:1431:in `initialize'
activerecord (8.0.0) lib/active_record/migration.rb:1279:in `new'
activerecord (8.0.0) lib/active_record/migration.rb:1279:in `open'
activerecord (8.0.0) lib/active_record/migration.rb:763:in `block (2 levels) in pending_migrations'
activerecord (8.0.0) lib/active_record/migration/pending_migration_connection.rb:8:in `with_temporary_pool'
activerecord (8.0.0) lib/active_record/migration.rb:762:in `block in pending_migrations'
activerecord (8.0.0) lib/active_record/migration.rb:761:in `each'
activerecord (8.0.0) lib/active_record/migration.rb:761:in `pending_migrations'
activerecord (8.0.0) lib/active_record/migration.rb:740:in `check_pending_migrations'
activerecord (8.0.0) lib/active_record/migration.rb:660:in `block (2 levels) in call'
activesupport (8.0.0) lib/active_support/file_update_checker.rb:85:in `execute'
activerecord (8.0.0) lib/active_record/migration.rb:665:in `block in call'
activerecord (8.0.0) lib/active_record/migration.rb:657:in `synchronize'
activerecord (8.0.0) lib/active_record/migration.rb:657:in `call'
actionpack (8.0.0) lib/action_dispatch/middleware/callbacks.rb:31:in `block in call'
activesupport (8.0.0) lib/active_support/callbacks.rb:100:in `run_callbacks'
actionpack (8.0.0) lib/action_dispatch/middleware/callbacks.rb:30:in `call'
actionpack (8.0.0) lib/action_dispatch/middleware/executor.rb:16:in `call'
actionpack (8.0.0) lib/action_dispatch/middleware/actionable_exceptions.rb:18:in `call'
actionpack (8.0.0) lib/action_dispatch/middleware/debug_exceptions.rb:31:in `call'
web-console (4.2.1) lib/web_console/middleware.rb:132:in `call_app'
web-console (4.2.1) lib/web_console/middleware.rb:28:in `block in call'
web-console (4.2.1) lib/web_console/middleware.rb:17:in `catch'
web-console (4.2.1) lib/web_console/middleware.rb:17:in `call'
actionpack (8.0.0) lib/action_dispatch/middleware/show_exceptions.rb:32:in `call'
railties (8.0.0) lib/rails/rack/logger.rb:41:in `call_app'
railties (8.0.0) lib/rails/rack/logger.rb:29:in `call'
actionpack (8.0.0) lib/action_dispatch/middleware/remote_ip.rb:96:in `call'
actionpack (8.0.0) lib/action_dispatch/middleware/request_id.rb:34:in `call'
rack (3.1.8) lib/rack/method_override.rb:28:in `call'
rack (3.1.8) lib/rack/runtime.rb:24:in `call'
actionpack (8.0.0) lib/action_dispatch/middleware/server_timing.rb:61:in `block in call'
actionpack (8.0.0) lib/action_dispatch/middleware/server_timing.rb:26:in `collect_events'
actionpack (8.0.0) lib/action_dispatch/middleware/server_timing.rb:60:in `call'
actionpack (8.0.0) lib/action_dispatch/middleware/executor.rb:16:in `call'
actionpack (8.0.0) lib/action_dispatch/middleware/static.rb:27:in `call'
rack (3.1.8) lib/rack/sendfile.rb:114:in `call'
actionpack (8.0.0) lib/action_dispatch/middleware/host_authorization.rb:143:in `call'
railties (8.0.0) lib/rails/engine.rb:535:in `call'
puma (6.4.3) lib/puma/configuration.rb:272:in `call'
puma (6.4.3) lib/puma/request.rb:100:in `block in handle_request'
puma (6.4.3) lib/puma/thread_pool.rb:378:in `with_force_shutdown'
puma (6.4.3) lib/puma/request.rb:99:in `handle_request'
puma (6.4.3) lib/puma/server.rb:464:in `process_client'
puma (6.4.3) lib/puma/server.rb:245:in `block in run'
puma (6.4.3) lib/puma/thread_pool.rb:155:in `block in spawn_thread'

Information for cause: PG::ConnectionBad (connection to server on socket "/var/run/postgresql/.s.PGSQL.5432" failed: No such file or directory
	Is the server running locally and accepting connections on that socket?
):
  
pg (1.5.9) lib/pg/connection.rb:837:in `connect_start'
pg (1.5.9) lib/pg/connection.rb:837:in `connect_to_hosts'
pg (1.5.9) lib/pg/connection.rb:772:in `new'
pg (1.5.9) lib/pg.rb:63:in `connect'
activerecord (8.0.0) lib/active_record/connection_adapters/postgresql_adapter.rb:58:in `new_client'
activerecord (8.0.0) lib/active_record/connection_adapters/postgresql_adapter.rb:934:in `connect'
activerecord (8.0.0) lib/active_record/connection_adapters/postgresql_adapter.rb:946:in `reconnect'
activerecord (8.0.0) lib/active_record/connection_adapters/abstract_adapter.rb:669:in `block in reconnect!'
activesupport (8.0.0) lib/active_support/concurrency/null_lock.rb:9:in `synchronize'
activerecord (8.0.0) lib/active_record/connection_adapters/abstract_adapter.rb:668:in `reconnect!'
activerecord (8.0.0) lib/active_record/connection_adapters/abstract_adapter.rb:770:in `block in verify!'
activesupport (8.0.0) lib/active_support/concurrency/null_lock.rb:9:in `synchronize'
activerecord (8.0.0) lib/active_record/connection_adapters/abstract_adapter.rb:761:in `verify!'
activerecord (8.0.0) lib/active_record/connection_adapters/abstract_adapter.rb:778:in `connect!'
activerecord (8.0.0) lib/active_record/connection_adapters/abstract_adapter.rb:984:in `block in with_raw_connection'
activesupport (8.0.0) lib/active_support/concurrency/null_lock.rb:9:in `synchronize'
activerecord (8.0.0) lib/active_record/connection_adapters/abstract_adapter.rb:983:in `with_raw_connection'
activerecord (8.0.0) lib/active_record/connection_adapters/postgresql/quoting.rb:128:in `quote_string'
activerecord (8.0.0) lib/active_record/connection_adapters/abstract/quoting.rb:76:in `quote'
activerecord (8.0.0) lib/active_record/connection_adapters/postgresql/quoting.rb:122:in `quote'
activerecord (8.0.0) lib/active_record/connection_adapters/postgresql/schema_statements.rb:1142:in `quoted_scope'
activerecord (8.0.0) lib/active_record/connection_adapters/postgresql/schema_statements.rb:1119:in `data_source_sql'
activerecord (8.0.0) lib/active_record/connection_adapters/abstract/schema_statements.rb:60:in `table_exists?'
activerecord (8.0.0) lib/active_record/schema_migration.rb:55:in `block in create_table'
activerecord (8.0.0) lib/active_record/connection_adapters/abstract/connection_pool.rb:412:in `with_connection'
activerecord (8.0.0) lib/active_record/schema_migration.rb:54:in `create_table'
activerecord (8.0.0) lib/active_record/migration.rb:1431:in `initialize'
activerecord (8.0.0) lib/active_record/migration.rb:1279:in `new'
activerecord (8.0.0) lib/active_record/migration.rb:1279:in `open'
activerecord (8.0.0) lib/active_record/migration.rb:763:in `block (2 levels) in pending_migrations'
activerecord (8.0.0) lib/active_record/migration/pending_migration_connection.rb:8:in `with_temporary_pool'
activerecord (8.0.0) lib/active_record/migration.rb:762:in `block in pending_migrations'
activerecord (8.0.0) lib/active_record/migration.rb:761:in `each'
activerecord (8.0.0) lib/active_record/migration.rb:761:in `pending_migrations'
activerecord (8.0.0) lib/active_record/migration.rb:740:in `check_pending_migrations'
activerecord (8.0.0) lib/active_record/migration.rb:660:in `block (2 levels) in call'
activesupport (8.0.0) lib/active_support/file_update_checker.rb:85:in `execute'
activerecord (8.0.0) lib/active_record/migration.rb:665:in `block in call'
activerecord (8.0.0) lib/active_record/migration.rb:657:in `synchronize'
activerecord (8.0.0) lib/active_record/migration.rb:657:in `call'
actionpack (8.0.0) lib/action_dispatch/middleware/callbacks.rb:31:in `block in call'
activesupport (8.0.0) lib/active_support/callbacks.rb:100:in `run_callbacks'
actionpack (8.0.0) lib/action_dispatch/middleware/callbacks.rb:30:in `call'
actionpack (8.0.0) lib/action_dispatch/middleware/executor.rb:16:in `call'
actionpack (8.0.0) lib/action_dispatch/middleware/actionable_exceptions.rb:18:in `call'
actionpack (8.0.0) lib/action_dispatch/middleware/debug_exceptions.rb:31:in `call'
web-console (4.2.1) lib/web_console/middleware.rb:132:in `call_app'
web-console (4.2.1) lib/web_console/middleware.rb:28:in `block in call'
web-console (4.2.1) lib/web_console/middleware.rb:17:in `catch'
web-console (4.2.1) lib/web_console/middleware.rb:17:in `call'
actionpack (8.0.0) lib/action_dispatch/middleware/show_exceptions.rb:32:in `call'
railties (8.0.0) lib/rails/rack/logger.rb:41:in `call_app'
railties (8.0.0) lib/rails/rack/logger.rb:29:in `call'
actionpack (8.0.0) lib/action_dispatch/middleware/remote_ip.rb:96:in `call'
actionpack (8.0.0) lib/action_dispatch/middleware/request_id.rb:34:in `call'
rack (3.1.8) lib/rack/method_override.rb:28:in `call'
rack (3.1.8) lib/rack/runtime.rb:24:in `call'
actionpack (8.0.0) lib/action_dispatch/middleware/server_timing.rb:61:in `block in call'
actionpack (8.0.0) lib/action_dispatch/middleware/server_timing.rb:26:in `collect_events'
actionpack (8.0.0) lib/action_dispatch/middleware/server_timing.rb:60:in `call'
actionpack (8.0.0) lib/action_dispatch/middleware/executor.rb:16:in `call'
actionpack (8.0.0) lib/action_dispatch/middleware/static.rb:27:in `call'
rack (3.1.8) lib/rack/sendfile.rb:114:in `call'
actionpack (8.0.0) lib/action_dispatch/middleware/host_authorization.rb:143:in `call'
railties (8.0.0) lib/rails/engine.rb:535:in `call'
puma (6.4.3) lib/puma/configuration.rb:272:in `call'
puma (6.4.3) lib/puma/request.rb:100:in `block in handle_request'
puma (6.4.3) lib/puma/thread_pool.rb:378:in `with_force_shutdown'
puma (6.4.3) lib/puma/request.rb:99:in `handle_request'
puma (6.4.3) lib/puma/server.rb:464:in `process_client'
puma (6.4.3) lib/puma/server.rb:245:in `block in run'
puma (6.4.3) lib/puma/thread_pool.rb:155:in `block in spawn_thread'
Started GET "/favicon.ico" for 127.0.0.1 at 2024-12-10 19:08:36 +0545
  
ActiveRecord::ConnectionNotEstablished (connection to server on socket "/var/run/postgresql/.s.PGSQL.5432" failed: No such file or directory
	Is the server running locally and accepting connections on that socket?
)
Caused by: PG::ConnectionBad (connection to server on socket "/var/run/postgresql/.s.PGSQL.5432" failed: No such file or directory
	Is the server running locally and accepting connections on that socket?
)

Information for: ActiveRecord::ConnectionNotEstablished (connection to server on socket "/var/run/postgresql/.s.PGSQL.5432" failed: No such file or directory
	Is the server running locally and accepting connections on that socket?
):
  
activerecord (8.0.0) lib/active_record/connection_adapters/postgresql_adapter.rb:69:in `rescue in new_client'
activerecord (8.0.0) lib/active_record/connection_adapters/postgresql_adapter.rb:57:in `new_client'
activerecord (8.0.0) lib/active_record/connection_adapters/postgresql_adapter.rb:934:in `connect'
activerecord (8.0.0) lib/active_record/connection_adapters/postgresql_adapter.rb:946:in `reconnect'
activerecord (8.0.0) lib/active_record/connection_adapters/abstract_adapter.rb:669:in `block in reconnect!'
activesupport (8.0.0) lib/active_support/concurrency/null_lock.rb:9:in `synchronize'
activerecord (8.0.0) lib/active_record/connection_adapters/abstract_adapter.rb:668:in `reconnect!'
activerecord (8.0.0) lib/active_record/connection_adapters/abstract_adapter.rb:770:in `block in verify!'
activesupport (8.0.0) lib/active_support/concurrency/null_lock.rb:9:in `synchronize'
activerecord (8.0.0) lib/active_record/connection_adapters/abstract_adapter.rb:761:in `verify!'
activerecord (8.0.0) lib/active_record/connection_adapters/abstract_adapter.rb:778:in `connect!'
activerecord (8.0.0) lib/active_record/connection_adapters/abstract_adapter.rb:984:in `block in with_raw_connection'
activesupport (8.0.0) lib/active_support/concurrency/null_lock.rb:9:in `synchronize'
activerecord (8.0.0) lib/active_record/connection_adapters/abstract_adapter.rb:983:in `with_raw_connection'
activerecord (8.0.0) lib/active_record/connection_adapters/postgresql/quoting.rb:128:in `quote_string'
activerecord (8.0.0) lib/active_record/connection_adapters/abstract/quoting.rb:76:in `quote'
activerecord (8.0.0) lib/active_record/connection_adapters/postgresql/quoting.rb:122:in `quote'
activerecord (8.0.0) lib/active_record/connection_adapters/postgresql/schema_statements.rb:1142:in `quoted_scope'
activerecord (8.0.0) lib/active_record/connection_adapters/postgresql/schema_statements.rb:1119:in `data_source_sql'
activerecord (8.0.0) lib/active_record/connection_adapters/abstract/schema_statements.rb:60:in `table_exists?'
activerecord (8.0.0) lib/active_record/schema_migration.rb:55:in `block in create_table'
activerecord (8.0.0) lib/active_record/connection_adapters/abstract/connection_pool.rb:412:in `with_connection'
activerecord (8.0.0) lib/active_record/schema_migration.rb:54:in `create_table'
activerecord (8.0.0) lib/active_record/migration.rb:1431:in `initialize'
activerecord (8.0.0) lib/active_record/migration.rb:1279:in `new'
activerecord (8.0.0) lib/active_record/migration.rb:1279:in `open'
activerecord (8.0.0) lib/active_record/migration.rb:763:in `block (2 levels) in pending_migrations'
activerecord (8.0.0) lib/active_record/migration/pending_migration_connection.rb:8:in `with_temporary_pool'
activerecord (8.0.0) lib/active_record/migration.rb:762:in `block in pending_migrations'
activerecord (8.0.0) lib/active_record/migration.rb:761:in `each'
activerecord (8.0.0) lib/active_record/migration.rb:761:in `pending_migrations'
activerecord (8.0.0) lib/active_record/migration.rb:740:in `check_pending_migrations'
activerecord (8.0.0) lib/active_record/migration.rb:660:in `block (2 levels) in call'
activesupport (8.0.0) lib/active_support/file_update_checker.rb:85:in `execute'
activerecord (8.0.0) lib/active_record/migration.rb:665:in `block in call'
activerecord (8.0.0) lib/active_record/migration.rb:657:in `synchronize'
activerecord (8.0.0) lib/active_record/migration.rb:657:in `call'
actionpack (8.0.0) lib/action_dispatch/middleware/callbacks.rb:31:in `block in call'
activesupport (8.0.0) lib/active_support/callbacks.rb:100:in `run_callbacks'
actionpack (8.0.0) lib/action_dispatch/middleware/callbacks.rb:30:in `call'
actionpack (8.0.0) lib/action_dispatch/middleware/executor.rb:16:in `call'
actionpack (8.0.0) lib/action_dispatch/middleware/actionable_exceptions.rb:18:in `call'
actionpack (8.0.0) lib/action_dispatch/middleware/debug_exceptions.rb:31:in `call'
web-console (4.2.1) lib/web_console/middleware.rb:132:in `call_app'
web-console (4.2.1) lib/web_console/middleware.rb:28:in `block in call'
web-console (4.2.1) lib/web_console/middleware.rb:17:in `catch'
web-console (4.2.1) lib/web_console/middleware.rb:17:in `call'
actionpack (8.0.0) lib/action_dispatch/middleware/show_exceptions.rb:32:in `call'
railties (8.0.0) lib/rails/rack/logger.rb:41:in `call_app'
railties (8.0.0) lib/rails/rack/logger.rb:29:in `call'
actionpack (8.0.0) lib/action_dispatch/middleware/remote_ip.rb:96:in `call'
actionpack (8.0.0) lib/action_dispatch/middleware/request_id.rb:34:in `call'
rack (3.1.8) lib/rack/method_override.rb:28:in `call'
rack (3.1.8) lib/rack/runtime.rb:24:in `call'
actionpack (8.0.0) lib/action_dispatch/middleware/server_timing.rb:61:in `block in call'
actionpack (8.0.0) lib/action_dispatch/middleware/server_timing.rb:26:in `collect_events'
actionpack (8.0.0) lib/action_dispatch/middleware/server_timing.rb:60:in `call'
actionpack (8.0.0) lib/action_dispatch/middleware/executor.rb:16:in `call'
actionpack (8.0.0) lib/action_dispatch/middleware/static.rb:27:in `call'
rack (3.1.8) lib/rack/sendfile.rb:114:in `call'
actionpack (8.0.0) lib/action_dispatch/middleware/host_authorization.rb:143:in `call'
railties (8.0.0) lib/rails/engine.rb:535:in `call'
puma (6.4.3) lib/puma/configuration.rb:272:in `call'
puma (6.4.3) lib/puma/request.rb:100:in `block in handle_request'
puma (6.4.3) lib/puma/thread_pool.rb:378:in `with_force_shutdown'
puma (6.4.3) lib/puma/request.rb:99:in `handle_request'
puma (6.4.3) lib/puma/server.rb:464:in `process_client'
puma (6.4.3) lib/puma/server.rb:245:in `block in run'
puma (6.4.3) lib/puma/thread_pool.rb:155:in `block in spawn_thread'

Information for cause: PG::ConnectionBad (connection to server on socket "/var/run/postgresql/.s.PGSQL.5432" failed: No such file or directory
	Is the server running locally and accepting connections on that socket?
):
  
pg (1.5.9) lib/pg/connection.rb:837:in `connect_start'
pg (1.5.9) lib/pg/connection.rb:837:in `connect_to_hosts'
pg (1.5.9) lib/pg/connection.rb:772:in `new'
pg (1.5.9) lib/pg.rb:63:in `connect'
activerecord (8.0.0) lib/active_record/connection_adapters/postgresql_adapter.rb:58:in `new_client'
activerecord (8.0.0) lib/active_record/connection_adapters/postgresql_adapter.rb:934:in `connect'
activerecord (8.0.0) lib/active_record/connection_adapters/postgresql_adapter.rb:946:in `reconnect'
activerecord (8.0.0) lib/active_record/connection_adapters/abstract_adapter.rb:669:in `block in reconnect!'
activesupport (8.0.0) lib/active_support/concurrency/null_lock.rb:9:in `synchronize'
activerecord (8.0.0) lib/active_record/connection_adapters/abstract_adapter.rb:668:in `reconnect!'
activerecord (8.0.0) lib/active_record/connection_adapters/abstract_adapter.rb:770:in `block in verify!'
activesupport (8.0.0) lib/active_support/concurrency/null_lock.rb:9:in `synchronize'
activerecord (8.0.0) lib/active_record/connection_adapters/abstract_adapter.rb:761:in `verify!'
activerecord (8.0.0) lib/active_record/connection_adapters/abstract_adapter.rb:778:in `connect!'
activerecord (8.0.0) lib/active_record/connection_adapters/abstract_adapter.rb:984:in `block in with_raw_connection'
activesupport (8.0.0) lib/active_support/concurrency/null_lock.rb:9:in `synchronize'
activerecord (8.0.0) lib/active_record/connection_adapters/abstract_adapter.rb:983:in `with_raw_connection'
activerecord (8.0.0) lib/active_record/connection_adapters/postgresql/quoting.rb:128:in `quote_string'
activerecord (8.0.0) lib/active_record/connection_adapters/abstract/quoting.rb:76:in `quote'
activerecord (8.0.0) lib/active_record/connection_adapters/postgresql/quoting.rb:122:in `quote'
activerecord (8.0.0) lib/active_record/connection_adapters/postgresql/schema_statements.rb:1142:in `quoted_scope'
activerecord (8.0.0) lib/active_record/connection_adapters/postgresql/schema_statements.rb:1119:in `data_source_sql'
activerecord (8.0.0) lib/active_record/connection_adapters/abstract/schema_statements.rb:60:in `table_exists?'
activerecord (8.0.0) lib/active_record/schema_migration.rb:55:in `block in create_table'
activerecord (8.0.0) lib/active_record/connection_adapters/abstract/connection_pool.rb:412:in `with_connection'
activerecord (8.0.0) lib/active_record/schema_migration.rb:54:in `create_table'
activerecord (8.0.0) lib/active_record/migration.rb:1431:in `initialize'
activerecord (8.0.0) lib/active_record/migration.rb:1279:in `new'
activerecord (8.0.0) lib/active_record/migration.rb:1279:in `open'
activerecord (8.0.0) lib/active_record/migration.rb:763:in `block (2 levels) in pending_migrations'
activerecord (8.0.0) lib/active_record/migration/pending_migration_connection.rb:8:in `with_temporary_pool'
activerecord (8.0.0) lib/active_record/migration.rb:762:in `block in pending_migrations'
activerecord (8.0.0) lib/active_record/migration.rb:761:in `each'
activerecord (8.0.0) lib/active_record/migration.rb:761:in `pending_migrations'
activerecord (8.0.0) lib/active_record/migration.rb:740:in `check_pending_migrations'
activerecord (8.0.0) lib/active_record/migration.rb:660:in `block (2 levels) in call'
activesupport (8.0.0) lib/active_support/file_update_checker.rb:85:in `execute'
activerecord (8.0.0) lib/active_record/migration.rb:665:in `block in call'
activerecord (8.0.0) lib/active_record/migration.rb:657:in `synchronize'
activerecord (8.0.0) lib/active_record/migration.rb:657:in `call'
actionpack (8.0.0) lib/action_dispatch/middleware/callbacks.rb:31:in `block in call'
activesupport (8.0.0) lib/active_support/callbacks.rb:100:in `run_callbacks'
actionpack (8.0.0) lib/action_dispatch/middleware/callbacks.rb:30:in `call'
actionpack (8.0.0) lib/action_dispatch/middleware/executor.rb:16:in `call'
actionpack (8.0.0) lib/action_dispatch/middleware/actionable_exceptions.rb:18:in `call'
actionpack (8.0.0) lib/action_dispatch/middleware/debug_exceptions.rb:31:in `call'
web-console (4.2.1) lib/web_console/middleware.rb:132:in `call_app'
web-console (4.2.1) lib/web_console/middleware.rb:28:in `block in call'
web-console (4.2.1) lib/web_console/middleware.rb:17:in `catch'
web-console (4.2.1) lib/web_console/middleware.rb:17:in `call'
actionpack (8.0.0) lib/action_dispatch/middleware/show_exceptions.rb:32:in `call'
railties (8.0.0) lib/rails/rack/logger.rb:41:in `call_app'
railties (8.0.0) lib/rails/rack/logger.rb:29:in `call'
actionpack (8.0.0) lib/action_dispatch/middleware/remote_ip.rb:96:in `call'
actionpack (8.0.0) lib/action_dispatch/middleware/request_id.rb:34:in `call'
rack (3.1.8) lib/rack/method_override.rb:28:in `call'
rack (3.1.8) lib/rack/runtime.rb:24:in `call'
actionpack (8.0.0) lib/action_dispatch/middleware/server_timing.rb:61:in `block in call'
actionpack (8.0.0) lib/action_dispatch/middleware/server_timing.rb:26:in `collect_events'
actionpack (8.0.0) lib/action_dispatch/middleware/server_timing.rb:60:in `call'
actionpack (8.0.0) lib/action_dispatch/middleware/executor.rb:16:in `call'
actionpack (8.0.0) lib/action_dispatch/middleware/static.rb:27:in `call'
rack (3.1.8) lib/rack/sendfile.rb:114:in `call'
actionpack (8.0.0) lib/action_dispatch/middleware/host_authorization.rb:143:in `call'
railties (8.0.0) lib/rails/engine.rb:535:in `call'
puma (6.4.3) lib/puma/configuration.rb:272:in `call'
puma (6.4.3) lib/puma/request.rb:100:in `block in handle_request'
puma (6.4.3) lib/puma/thread_pool.rb:378:in `with_force_shutdown'
puma (6.4.3) lib/puma/request.rb:99:in `handle_request'
puma (6.4.3) lib/puma/server.rb:464:in `process_client'
puma (6.4.3) lib/puma/server.rb:245:in `block in run'
puma (6.4.3) lib/puma/thread_pool.rb:155:in `block in spawn_thread'
Started GET "/money_trackers" for 127.0.0.1 at 2024-12-10 19:13:14 +0545
  
ActiveRecord::ConnectionNotEstablished (connection to server on socket "/var/run/postgresql/.s.PGSQL.5432" failed: No such file or directory
	Is the server running locally and accepting connections on that socket?
)
Caused by: PG::ConnectionBad (connection to server on socket "/var/run/postgresql/.s.PGSQL.5432" failed: No such file or directory
	Is the server running locally and accepting connections on that socket?
)

Information for: ActiveRecord::ConnectionNotEstablished (connection to server on socket "/var/run/postgresql/.s.PGSQL.5432" failed: No such file or directory
	Is the server running locally and accepting connections on that socket?
):
  
activerecord (8.0.0) lib/active_record/connection_adapters/postgresql_adapter.rb:69:in `rescue in new_client'
activerecord (8.0.0) lib/active_record/connection_adapters/postgresql_adapter.rb:57:in `new_client'
activerecord (8.0.0) lib/active_record/connection_adapters/postgresql_adapter.rb:934:in `connect'
activerecord (8.0.0) lib/active_record/connection_adapters/postgresql_adapter.rb:946:in `reconnect'
activerecord (8.0.0) lib/active_record/connection_adapters/abstract_adapter.rb:669:in `block in reconnect!'
activesupport (8.0.0) lib/active_support/concurrency/null_lock.rb:9:in `synchronize'
activerecord (8.0.0) lib/active_record/connection_adapters/abstract_adapter.rb:668:in `reconnect!'
activerecord (8.0.0) lib/active_record/connection_adapters/abstract_adapter.rb:770:in `block in verify!'
activesupport (8.0.0) lib/active_support/concurrency/null_lock.rb:9:in `synchronize'
activerecord (8.0.0) lib/active_record/connection_adapters/abstract_adapter.rb:761:in `verify!'
activerecord (8.0.0) lib/active_record/connection_adapters/abstract_adapter.rb:778:in `connect!'
activerecord (8.0.0) lib/active_record/connection_adapters/abstract_adapter.rb:984:in `block in with_raw_connection'
activesupport (8.0.0) lib/active_support/concurrency/null_lock.rb:9:in `synchronize'
activerecord (8.0.0) lib/active_record/connection_adapters/abstract_adapter.rb:983:in `with_raw_connection'
activerecord (8.0.0) lib/active_record/connection_adapters/postgresql/quoting.rb:128:in `quote_string'
activerecord (8.0.0) lib/active_record/connection_adapters/abstract/quoting.rb:76:in `quote'
activerecord (8.0.0) lib/active_record/connection_adapters/postgresql/quoting.rb:122:in `quote'
activerecord (8.0.0) lib/active_record/connection_adapters/postgresql/schema_statements.rb:1142:in `quoted_scope'
activerecord (8.0.0) lib/active_record/connection_adapters/postgresql/schema_statements.rb:1119:in `data_source_sql'
activerecord (8.0.0) lib/active_record/connection_adapters/abstract/schema_statements.rb:60:in `table_exists?'
activerecord (8.0.0) lib/active_record/schema_migration.rb:55:in `block in create_table'
activerecord (8.0.0) lib/active_record/connection_adapters/abstract/connection_pool.rb:412:in `with_connection'
activerecord (8.0.0) lib/active_record/schema_migration.rb:54:in `create_table'
activerecord (8.0.0) lib/active_record/migration.rb:1431:in `initialize'
activerecord (8.0.0) lib/active_record/migration.rb:1279:in `new'
activerecord (8.0.0) lib/active_record/migration.rb:1279:in `open'
activerecord (8.0.0) lib/active_record/migration.rb:763:in `block (2 levels) in pending_migrations'
activerecord (8.0.0) lib/active_record/migration/pending_migration_connection.rb:8:in `with_temporary_pool'
activerecord (8.0.0) lib/active_record/migration.rb:762:in `block in pending_migrations'
activerecord (8.0.0) lib/active_record/migration.rb:761:in `each'
activerecord (8.0.0) lib/active_record/migration.rb:761:in `pending_migrations'
activerecord (8.0.0) lib/active_record/migration.rb:740:in `check_pending_migrations'
activerecord (8.0.0) lib/active_record/migration.rb:660:in `block (2 levels) in call'
activesupport (8.0.0) lib/active_support/file_update_checker.rb:85:in `execute'
activerecord (8.0.0) lib/active_record/migration.rb:665:in `block in call'
activerecord (8.0.0) lib/active_record/migration.rb:657:in `synchronize'
activerecord (8.0.0) lib/active_record/migration.rb:657:in `call'
actionpack (8.0.0) lib/action_dispatch/middleware/callbacks.rb:31:in `block in call'
activesupport (8.0.0) lib/active_support/callbacks.rb:100:in `run_callbacks'
actionpack (8.0.0) lib/action_dispatch/middleware/callbacks.rb:30:in `call'
actionpack (8.0.0) lib/action_dispatch/middleware/executor.rb:16:in `call'
actionpack (8.0.0) lib/action_dispatch/middleware/actionable_exceptions.rb:18:in `call'
actionpack (8.0.0) lib/action_dispatch/middleware/debug_exceptions.rb:31:in `call'
web-console (4.2.1) lib/web_console/middleware.rb:132:in `call_app'
web-console (4.2.1) lib/web_console/middleware.rb:28:in `block in call'
web-console (4.2.1) lib/web_console/middleware.rb:17:in `catch'
web-console (4.2.1) lib/web_console/middleware.rb:17:in `call'
actionpack (8.0.0) lib/action_dispatch/middleware/show_exceptions.rb:32:in `call'
railties (8.0.0) lib/rails/rack/logger.rb:41:in `call_app'
railties (8.0.0) lib/rails/rack/logger.rb:29:in `call'
actionpack (8.0.0) lib/action_dispatch/middleware/remote_ip.rb:96:in `call'
actionpack (8.0.0) lib/action_dispatch/middleware/request_id.rb:34:in `call'
rack (3.1.8) lib/rack/method_override.rb:28:in `call'
rack (3.1.8) lib/rack/runtime.rb:24:in `call'
actionpack (8.0.0) lib/action_dispatch/middleware/server_timing.rb:61:in `block in call'
actionpack (8.0.0) lib/action_dispatch/middleware/server_timing.rb:26:in `collect_events'
actionpack (8.0.0) lib/action_dispatch/middleware/server_timing.rb:60:in `call'
actionpack (8.0.0) lib/action_dispatch/middleware/executor.rb:16:in `call'
actionpack (8.0.0) lib/action_dispatch/middleware/static.rb:27:in `call'
rack (3.1.8) lib/rack/sendfile.rb:114:in `call'
actionpack (8.0.0) lib/action_dispatch/middleware/host_authorization.rb:143:in `call'
railties (8.0.0) lib/rails/engine.rb:535:in `call'
puma (6.4.3) lib/puma/configuration.rb:272:in `call'
puma (6.4.3) lib/puma/request.rb:100:in `block in handle_request'
puma (6.4.3) lib/puma/thread_pool.rb:378:in `with_force_shutdown'
puma (6.4.3) lib/puma/request.rb:99:in `handle_request'
puma (6.4.3) lib/puma/server.rb:464:in `process_client'
puma (6.4.3) lib/puma/server.rb:245:in `block in run'
puma (6.4.3) lib/puma/thread_pool.rb:155:in `block in spawn_thread'

Information for cause: PG::ConnectionBad (connection to server on socket "/var/run/postgresql/.s.PGSQL.5432" failed: No such file or directory
	Is the server running locally and accepting connections on that socket?
):
  
pg (1.5.9) lib/pg/connection.rb:837:in `connect_start'
pg (1.5.9) lib/pg/connection.rb:837:in `connect_to_hosts'
pg (1.5.9) lib/pg/connection.rb:772:in `new'
pg (1.5.9) lib/pg.rb:63:in `connect'
activerecord (8.0.0) lib/active_record/connection_adapters/postgresql_adapter.rb:58:in `new_client'
activerecord (8.0.0) lib/active_record/connection_adapters/postgresql_adapter.rb:934:in `connect'
activerecord (8.0.0) lib/active_record/connection_adapters/postgresql_adapter.rb:946:in `reconnect'
activerecord (8.0.0) lib/active_record/connection_adapters/abstract_adapter.rb:669:in `block in reconnect!'
activesupport (8.0.0) lib/active_support/concurrency/null_lock.rb:9:in `synchronize'
activerecord (8.0.0) lib/active_record/connection_adapters/abstract_adapter.rb:668:in `reconnect!'
activerecord (8.0.0) lib/active_record/connection_adapters/abstract_adapter.rb:770:in `block in verify!'
activesupport (8.0.0) lib/active_support/concurrency/null_lock.rb:9:in `synchronize'
activerecord (8.0.0) lib/active_record/connection_adapters/abstract_adapter.rb:761:in `verify!'
activerecord (8.0.0) lib/active_record/connection_adapters/abstract_adapter.rb:778:in `connect!'
activerecord (8.0.0) lib/active_record/connection_adapters/abstract_adapter.rb:984:in `block in with_raw_connection'
activesupport (8.0.0) lib/active_support/concurrency/null_lock.rb:9:in `synchronize'
activerecord (8.0.0) lib/active_record/connection_adapters/abstract_adapter.rb:983:in `with_raw_connection'
activerecord (8.0.0) lib/active_record/connection_adapters/postgresql/quoting.rb:128:in `quote_string'
activerecord (8.0.0) lib/active_record/connection_adapters/abstract/quoting.rb:76:in `quote'
activerecord (8.0.0) lib/active_record/connection_adapters/postgresql/quoting.rb:122:in `quote'
activerecord (8.0.0) lib/active_record/connection_adapters/postgresql/schema_statements.rb:1142:in `quoted_scope'
activerecord (8.0.0) lib/active_record/connection_adapters/postgresql/schema_statements.rb:1119:in `data_source_sql'
activerecord (8.0.0) lib/active_record/connection_adapters/abstract/schema_statements.rb:60:in `table_exists?'
activerecord (8.0.0) lib/active_record/schema_migration.rb:55:in `block in create_table'
activerecord (8.0.0) lib/active_record/connection_adapters/abstract/connection_pool.rb:412:in `with_connection'
activerecord (8.0.0) lib/active_record/schema_migration.rb:54:in `create_table'
activerecord (8.0.0) lib/active_record/migration.rb:1431:in `initialize'
activerecord (8.0.0) lib/active_record/migration.rb:1279:in `new'
activerecord (8.0.0) lib/active_record/migration.rb:1279:in `open'
activerecord (8.0.0) lib/active_record/migration.rb:763:in `block (2 levels) in pending_migrations'
activerecord (8.0.0) lib/active_record/migration/pending_migration_connection.rb:8:in `with_temporary_pool'
activerecord (8.0.0) lib/active_record/migration.rb:762:in `block in pending_migrations'
activerecord (8.0.0) lib/active_record/migration.rb:761:in `each'
activerecord (8.0.0) lib/active_record/migration.rb:761:in `pending_migrations'
activerecord (8.0.0) lib/active_record/migration.rb:740:in `check_pending_migrations'
activerecord (8.0.0) lib/active_record/migration.rb:660:in `block (2 levels) in call'
activesupport (8.0.0) lib/active_support/file_update_checker.rb:85:in `execute'
activerecord (8.0.0) lib/active_record/migration.rb:665:in `block in call'
activerecord (8.0.0) lib/active_record/migration.rb:657:in `synchronize'
activerecord (8.0.0) lib/active_record/migration.rb:657:in `call'
actionpack (8.0.0) lib/action_dispatch/middleware/callbacks.rb:31:in `block in call'
activesupport (8.0.0) lib/active_support/callbacks.rb:100:in `run_callbacks'
actionpack (8.0.0) lib/action_dispatch/middleware/callbacks.rb:30:in `call'
actionpack (8.0.0) lib/action_dispatch/middleware/executor.rb:16:in `call'
actionpack (8.0.0) lib/action_dispatch/middleware/actionable_exceptions.rb:18:in `call'
actionpack (8.0.0) lib/action_dispatch/middleware/debug_exceptions.rb:31:in `call'
web-console (4.2.1) lib/web_console/middleware.rb:132:in `call_app'
web-console (4.2.1) lib/web_console/middleware.rb:28:in `block in call'
web-console (4.2.1) lib/web_console/middleware.rb:17:in `catch'
web-console (4.2.1) lib/web_console/middleware.rb:17:in `call'
actionpack (8.0.0) lib/action_dispatch/middleware/show_exceptions.rb:32:in `call'
railties (8.0.0) lib/rails/rack/logger.rb:41:in `call_app'
railties (8.0.0) lib/rails/rack/logger.rb:29:in `call'
actionpack (8.0.0) lib/action_dispatch/middleware/remote_ip.rb:96:in `call'
actionpack (8.0.0) lib/action_dispatch/middleware/request_id.rb:34:in `call'
rack (3.1.8) lib/rack/method_override.rb:28:in `call'
rack (3.1.8) lib/rack/runtime.rb:24:in `call'
actionpack (8.0.0) lib/action_dispatch/middleware/server_timing.rb:61:in `block in call'
actionpack (8.0.0) lib/action_dispatch/middleware/server_timing.rb:26:in `collect_events'
actionpack (8.0.0) lib/action_dispatch/middleware/server_timing.rb:60:in `call'
actionpack (8.0.0) lib/action_dispatch/middleware/executor.rb:16:in `call'
actionpack (8.0.0) lib/action_dispatch/middleware/static.rb:27:in `call'
rack (3.1.8) lib/rack/sendfile.rb:114:in `call'
actionpack (8.0.0) lib/action_dispatch/middleware/host_authorization.rb:143:in `call'
railties (8.0.0) lib/rails/engine.rb:535:in `call'
puma (6.4.3) lib/puma/configuration.rb:272:in `call'
puma (6.4.3) lib/puma/request.rb:100:in `block in handle_request'
puma (6.4.3) lib/puma/thread_pool.rb:378:in `with_force_shutdown'
puma (6.4.3) lib/puma/request.rb:99:in `handle_request'
puma (6.4.3) lib/puma/server.rb:464:in `process_client'
puma (6.4.3) lib/puma/server.rb:245:in `block in run'
puma (6.4.3) lib/puma/thread_pool.rb:155:in `block in spawn_thread'
Started GET "/favicon.ico" for 127.0.0.1 at 2024-12-10 19:13:15 +0545
  
ActiveRecord::ConnectionNotEstablished (connection to server on socket "/var/run/postgresql/.s.PGSQL.5432" failed: No such file or directory
	Is the server running locally and accepting connections on that socket?
)
Caused by: PG::ConnectionBad (connection to server on socket "/var/run/postgresql/.s.PGSQL.5432" failed: No such file or directory
	Is the server running locally and accepting connections on that socket?
)

Information for: ActiveRecord::ConnectionNotEstablished (connection to server on socket "/var/run/postgresql/.s.PGSQL.5432" failed: No such file or directory
	Is the server running locally and accepting connections on that socket?
):
  
activerecord (8.0.0) lib/active_record/connection_adapters/postgresql_adapter.rb:69:in `rescue in new_client'
activerecord (8.0.0) lib/active_record/connection_adapters/postgresql_adapter.rb:57:in `new_client'
activerecord (8.0.0) lib/active_record/connection_adapters/postgresql_adapter.rb:934:in `connect'
activerecord (8.0.0) lib/active_record/connection_adapters/postgresql_adapter.rb:946:in `reconnect'
activerecord (8.0.0) lib/active_record/connection_adapters/abstract_adapter.rb:669:in `block in reconnect!'
activesupport (8.0.0) lib/active_support/concurrency/null_lock.rb:9:in `synchronize'
activerecord (8.0.0) lib/active_record/connection_adapters/abstract_adapter.rb:668:in `reconnect!'
activerecord (8.0.0) lib/active_record/connection_adapters/abstract_adapter.rb:770:in `block in verify!'
activesupport (8.0.0) lib/active_support/concurrency/null_lock.rb:9:in `synchronize'
activerecord (8.0.0) lib/active_record/connection_adapters/abstract_adapter.rb:761:in `verify!'
activerecord (8.0.0) lib/active_record/connection_adapters/abstract_adapter.rb:778:in `connect!'
activerecord (8.0.0) lib/active_record/connection_adapters/abstract_adapter.rb:984:in `block in with_raw_connection'
activesupport (8.0.0) lib/active_support/concurrency/null_lock.rb:9:in `synchronize'
activerecord (8.0.0) lib/active_record/connection_adapters/abstract_adapter.rb:983:in `with_raw_connection'
activerecord (8.0.0) lib/active_record/connection_adapters/postgresql/quoting.rb:128:in `quote_string'
activerecord (8.0.0) lib/active_record/connection_adapters/abstract/quoting.rb:76:in `quote'
activerecord (8.0.0) lib/active_record/connection_adapters/postgresql/quoting.rb:122:in `quote'
activerecord (8.0.0) lib/active_record/connection_adapters/postgresql/schema_statements.rb:1142:in `quoted_scope'
activerecord (8.0.0) lib/active_record/connection_adapters/postgresql/schema_statements.rb:1119:in `data_source_sql'
activerecord (8.0.0) lib/active_record/connection_adapters/abstract/schema_statements.rb:60:in `table_exists?'
activerecord (8.0.0) lib/active_record/schema_migration.rb:55:in `block in create_table'
activerecord (8.0.0) lib/active_record/connection_adapters/abstract/connection_pool.rb:412:in `with_connection'
activerecord (8.0.0) lib/active_record/schema_migration.rb:54:in `create_table'
activerecord (8.0.0) lib/active_record/migration.rb:1431:in `initialize'
activerecord (8.0.0) lib/active_record/migration.rb:1279:in `new'
activerecord (8.0.0) lib/active_record/migration.rb:1279:in `open'
activerecord (8.0.0) lib/active_record/migration.rb:763:in `block (2 levels) in pending_migrations'
activerecord (8.0.0) lib/active_record/migration/pending_migration_connection.rb:8:in `with_temporary_pool'
activerecord (8.0.0) lib/active_record/migration.rb:762:in `block in pending_migrations'
activerecord (8.0.0) lib/active_record/migration.rb:761:in `each'
activerecord (8.0.0) lib/active_record/migration.rb:761:in `pending_migrations'
activerecord (8.0.0) lib/active_record/migration.rb:740:in `check_pending_migrations'
activerecord (8.0.0) lib/active_record/migration.rb:660:in `block (2 levels) in call'
activesupport (8.0.0) lib/active_support/file_update_checker.rb:85:in `execute'
activerecord (8.0.0) lib/active_record/migration.rb:665:in `block in call'
activerecord (8.0.0) lib/active_record/migration.rb:657:in `synchronize'
activerecord (8.0.0) lib/active_record/migration.rb:657:in `call'
actionpack (8.0.0) lib/action_dispatch/middleware/callbacks.rb:31:in `block in call'
activesupport (8.0.0) lib/active_support/callbacks.rb:100:in `run_callbacks'
actionpack (8.0.0) lib/action_dispatch/middleware/callbacks.rb:30:in `call'
actionpack (8.0.0) lib/action_dispatch/middleware/executor.rb:16:in `call'
actionpack (8.0.0) lib/action_dispatch/middleware/actionable_exceptions.rb:18:in `call'
actionpack (8.0.0) lib/action_dispatch/middleware/debug_exceptions.rb:31:in `call'
web-console (4.2.1) lib/web_console/middleware.rb:132:in `call_app'
web-console (4.2.1) lib/web_console/middleware.rb:28:in `block in call'
web-console (4.2.1) lib/web_console/middleware.rb:17:in `catch'
web-console (4.2.1) lib/web_console/middleware.rb:17:in `call'
actionpack (8.0.0) lib/action_dispatch/middleware/show_exceptions.rb:32:in `call'
railties (8.0.0) lib/rails/rack/logger.rb:41:in `call_app'
railties (8.0.0) lib/rails/rack/logger.rb:29:in `call'
actionpack (8.0.0) lib/action_dispatch/middleware/remote_ip.rb:96:in `call'
actionpack (8.0.0) lib/action_dispatch/middleware/request_id.rb:34:in `call'
rack (3.1.8) lib/rack/method_override.rb:28:in `call'
rack (3.1.8) lib/rack/runtime.rb:24:in `call'
actionpack (8.0.0) lib/action_dispatch/middleware/server_timing.rb:61:in `block in call'
actionpack (8.0.0) lib/action_dispatch/middleware/server_timing.rb:26:in `collect_events'
actionpack (8.0.0) lib/action_dispatch/middleware/server_timing.rb:60:in `call'
actionpack (8.0.0) lib/action_dispatch/middleware/executor.rb:16:in `call'
actionpack (8.0.0) lib/action_dispatch/middleware/static.rb:27:in `call'
rack (3.1.8) lib/rack/sendfile.rb:114:in `call'
actionpack (8.0.0) lib/action_dispatch/middleware/host_authorization.rb:143:in `call'
railties (8.0.0) lib/rails/engine.rb:535:in `call'
puma (6.4.3) lib/puma/configuration.rb:272:in `call'
puma (6.4.3) lib/puma/request.rb:100:in `block in handle_request'
puma (6.4.3) lib/puma/thread_pool.rb:378:in `with_force_shutdown'
puma (6.4.3) lib/puma/request.rb:99:in `handle_request'
puma (6.4.3) lib/puma/server.rb:464:in `process_client'
puma (6.4.3) lib/puma/server.rb:245:in `block in run'
puma (6.4.3) lib/puma/thread_pool.rb:155:in `block in spawn_thread'

Information for cause: PG::ConnectionBad (connection to server on socket "/var/run/postgresql/.s.PGSQL.5432" failed: No such file or directory
	Is the server running locally and accepting connections on that socket?
):
  
pg (1.5.9) lib/pg/connection.rb:837:in `connect_start'
pg (1.5.9) lib/pg/connection.rb:837:in `connect_to_hosts'
pg (1.5.9) lib/pg/connection.rb:772:in `new'
pg (1.5.9) lib/pg.rb:63:in `connect'
activerecord (8.0.0) lib/active_record/connection_adapters/postgresql_adapter.rb:58:in `new_client'
activerecord (8.0.0) lib/active_record/connection_adapters/postgresql_adapter.rb:934:in `connect'
activerecord (8.0.0) lib/active_record/connection_adapters/postgresql_adapter.rb:946:in `reconnect'
activerecord (8.0.0) lib/active_record/connection_adapters/abstract_adapter.rb:669:in `block in reconnect!'
activesupport (8.0.0) lib/active_support/concurrency/null_lock.rb:9:in `synchronize'
activerecord (8.0.0) lib/active_record/connection_adapters/abstract_adapter.rb:668:in `reconnect!'
activerecord (8.0.0) lib/active_record/connection_adapters/abstract_adapter.rb:770:in `block in verify!'
activesupport (8.0.0) lib/active_support/concurrency/null_lock.rb:9:in `synchronize'
activerecord (8.0.0) lib/active_record/connection_adapters/abstract_adapter.rb:761:in `verify!'
activerecord (8.0.0) lib/active_record/connection_adapters/abstract_adapter.rb:778:in `connect!'
activerecord (8.0.0) lib/active_record/connection_adapters/abstract_adapter.rb:984:in `block in with_raw_connection'
activesupport (8.0.0) lib/active_support/concurrency/null_lock.rb:9:in `synchronize'
activerecord (8.0.0) lib/active_record/connection_adapters/abstract_adapter.rb:983:in `with_raw_connection'
activerecord (8.0.0) lib/active_record/connection_adapters/postgresql/quoting.rb:128:in `quote_string'
activerecord (8.0.0) lib/active_record/connection_adapters/abstract/quoting.rb:76:in `quote'
activerecord (8.0.0) lib/active_record/connection_adapters/postgresql/quoting.rb:122:in `quote'
activerecord (8.0.0) lib/active_record/connection_adapters/postgresql/schema_statements.rb:1142:in `quoted_scope'
activerecord (8.0.0) lib/active_record/connection_adapters/postgresql/schema_statements.rb:1119:in `data_source_sql'
activerecord (8.0.0) lib/active_record/connection_adapters/abstract/schema_statements.rb:60:in `table_exists?'
activerecord (8.0.0) lib/active_record/schema_migration.rb:55:in `block in create_table'
activerecord (8.0.0) lib/active_record/connection_adapters/abstract/connection_pool.rb:412:in `with_connection'
activerecord (8.0.0) lib/active_record/schema_migration.rb:54:in `create_table'
activerecord (8.0.0) lib/active_record/migration.rb:1431:in `initialize'
activerecord (8.0.0) lib/active_record/migration.rb:1279:in `new'
activerecord (8.0.0) lib/active_record/migration.rb:1279:in `open'
activerecord (8.0.0) lib/active_record/migration.rb:763:in `block (2 levels) in pending_migrations'
activerecord (8.0.0) lib/active_record/migration/pending_migration_connection.rb:8:in `with_temporary_pool'
activerecord (8.0.0) lib/active_record/migration.rb:762:in `block in pending_migrations'
activerecord (8.0.0) lib/active_record/migration.rb:761:in `each'
activerecord (8.0.0) lib/active_record/migration.rb:761:in `pending_migrations'
activerecord (8.0.0) lib/active_record/migration.rb:740:in `check_pending_migrations'
activerecord (8.0.0) lib/active_record/migration.rb:660:in `block (2 levels) in call'
activesupport (8.0.0) lib/active_support/file_update_checker.rb:85:in `execute'
activerecord (8.0.0) lib/active_record/migration.rb:665:in `block in call'
activerecord (8.0.0) lib/active_record/migration.rb:657:in `synchronize'
activerecord (8.0.0) lib/active_record/migration.rb:657:in `call'
actionpack (8.0.0) lib/action_dispatch/middleware/callbacks.rb:31:in `block in call'
activesupport (8.0.0) lib/active_support/callbacks.rb:100:in `run_callbacks'
actionpack (8.0.0) lib/action_dispatch/middleware/callbacks.rb:30:in `call'
actionpack (8.0.0) lib/action_dispatch/middleware/executor.rb:16:in `call'
actionpack (8.0.0) lib/action_dispatch/middleware/actionable_exceptions.rb:18:in `call'
actionpack (8.0.0) lib/action_dispatch/middleware/debug_exceptions.rb:31:in `call'
web-console (4.2.1) lib/web_console/middleware.rb:132:in `call_app'
web-console (4.2.1) lib/web_console/middleware.rb:28:in `block in call'
web-console (4.2.1) lib/web_console/middleware.rb:17:in `catch'
web-console (4.2.1) lib/web_console/middleware.rb:17:in `call'
actionpack (8.0.0) lib/action_dispatch/middleware/show_exceptions.rb:32:in `call'
railties (8.0.0) lib/rails/rack/logger.rb:41:in `call_app'
railties (8.0.0) lib/rails/rack/logger.rb:29:in `call'
actionpack (8.0.0) lib/action_dispatch/middleware/remote_ip.rb:96:in `call'
actionpack (8.0.0) lib/action_dispatch/middleware/request_id.rb:34:in `call'
rack (3.1.8) lib/rack/method_override.rb:28:in `call'
rack (3.1.8) lib/rack/runtime.rb:24:in `call'
actionpack (8.0.0) lib/action_dispatch/middleware/server_timing.rb:61:in `block in call'
actionpack (8.0.0) lib/action_dispatch/middleware/server_timing.rb:26:in `collect_events'
actionpack (8.0.0) lib/action_dispatch/middleware/server_timing.rb:60:in `call'
actionpack (8.0.0) lib/action_dispatch/middleware/executor.rb:16:in `call'
actionpack (8.0.0) lib/action_dispatch/middleware/static.rb:27:in `call'
rack (3.1.8) lib/rack/sendfile.rb:114:in `call'
actionpack (8.0.0) lib/action_dispatch/middleware/host_authorization.rb:143:in `call'
railties (8.0.0) lib/rails/engine.rb:535:in `call'
puma (6.4.3) lib/puma/configuration.rb:272:in `call'
puma (6.4.3) lib/puma/request.rb:100:in `block in handle_request'
puma (6.4.3) lib/puma/thread_pool.rb:378:in `with_force_shutdown'
puma (6.4.3) lib/puma/request.rb:99:in `handle_request'
puma (6.4.3) lib/puma/server.rb:464:in `process_client'
puma (6.4.3) lib/puma/server.rb:245:in `block in run'
puma (6.4.3) lib/puma/thread_pool.rb:155:in `block in spawn_thread'
Started GET "/money_trackers" for 127.0.0.1 at 2024-12-10 19:14:07 +0545
  
ActiveRecord::ConnectionNotEstablished (connection to server at "127.0.0.1", port 5432 failed: Connection refused
	Is the server running on that host and accepting TCP/IP connections?
)
Caused by: PG::ConnectionBad (connection to server at "127.0.0.1", port 5432 failed: Connection refused
	Is the server running on that host and accepting TCP/IP connections?
)

Information for: ActiveRecord::ConnectionNotEstablished (connection to server at "127.0.0.1", port 5432 failed: Connection refused
	Is the server running on that host and accepting TCP/IP connections?
):
  
activerecord (8.0.0) lib/active_record/connection_adapters/postgresql_adapter.rb:69:in `rescue in new_client'
activerecord (8.0.0) lib/active_record/connection_adapters/postgresql_adapter.rb:57:in `new_client'
activerecord (8.0.0) lib/active_record/connection_adapters/postgresql_adapter.rb:934:in `connect'
activerecord (8.0.0) lib/active_record/connection_adapters/postgresql_adapter.rb:946:in `reconnect'
activerecord (8.0.0) lib/active_record/connection_adapters/abstract_adapter.rb:669:in `block in reconnect!'
activesupport (8.0.0) lib/active_support/concurrency/null_lock.rb:9:in `synchronize'
activerecord (8.0.0) lib/active_record/connection_adapters/abstract_adapter.rb:668:in `reconnect!'
activerecord (8.0.0) lib/active_record/connection_adapters/abstract_adapter.rb:770:in `block in verify!'
activesupport (8.0.0) lib/active_support/concurrency/null_lock.rb:9:in `synchronize'
activerecord (8.0.0) lib/active_record/connection_adapters/abstract_adapter.rb:761:in `verify!'
activerecord (8.0.0) lib/active_record/connection_adapters/abstract_adapter.rb:778:in `connect!'
activerecord (8.0.0) lib/active_record/connection_adapters/abstract_adapter.rb:984:in `block in with_raw_connection'
activesupport (8.0.0) lib/active_support/concurrency/null_lock.rb:9:in `synchronize'
activerecord (8.0.0) lib/active_record/connection_adapters/abstract_adapter.rb:983:in `with_raw_connection'
activerecord (8.0.0) lib/active_record/connection_adapters/postgresql/quoting.rb:128:in `quote_string'
activerecord (8.0.0) lib/active_record/connection_adapters/abstract/quoting.rb:76:in `quote'
activerecord (8.0.0) lib/active_record/connection_adapters/postgresql/quoting.rb:122:in `quote'
activerecord (8.0.0) lib/active_record/connection_adapters/postgresql/schema_statements.rb:1142:in `quoted_scope'
activerecord (8.0.0) lib/active_record/connection_adapters/postgresql/schema_statements.rb:1119:in `data_source_sql'
activerecord (8.0.0) lib/active_record/connection_adapters/abstract/schema_statements.rb:60:in `table_exists?'
activerecord (8.0.0) lib/active_record/schema_migration.rb:55:in `block in create_table'
activerecord (8.0.0) lib/active_record/connection_adapters/abstract/connection_pool.rb:412:in `with_connection'
activerecord (8.0.0) lib/active_record/schema_migration.rb:54:in `create_table'
activerecord (8.0.0) lib/active_record/migration.rb:1431:in `initialize'
activerecord (8.0.0) lib/active_record/migration.rb:1279:in `new'
activerecord (8.0.0) lib/active_record/migration.rb:1279:in `open'
activerecord (8.0.0) lib/active_record/migration.rb:763:in `block (2 levels) in pending_migrations'
activerecord (8.0.0) lib/active_record/migration/pending_migration_connection.rb:8:in `with_temporary_pool'
activerecord (8.0.0) lib/active_record/migration.rb:762:in `block in pending_migrations'
activerecord (8.0.0) lib/active_record/migration.rb:761:in `each'
activerecord (8.0.0) lib/active_record/migration.rb:761:in `pending_migrations'
activerecord (8.0.0) lib/active_record/migration.rb:740:in `check_pending_migrations'
activerecord (8.0.0) lib/active_record/migration.rb:660:in `block (2 levels) in call'
activesupport (8.0.0) lib/active_support/file_update_checker.rb:85:in `execute'
activerecord (8.0.0) lib/active_record/migration.rb:665:in `block in call'
activerecord (8.0.0) lib/active_record/migration.rb:657:in `synchronize'
activerecord (8.0.0) lib/active_record/migration.rb:657:in `call'
actionpack (8.0.0) lib/action_dispatch/middleware/callbacks.rb:31:in `block in call'
activesupport (8.0.0) lib/active_support/callbacks.rb:100:in `run_callbacks'
actionpack (8.0.0) lib/action_dispatch/middleware/callbacks.rb:30:in `call'
actionpack (8.0.0) lib/action_dispatch/middleware/executor.rb:16:in `call'
actionpack (8.0.0) lib/action_dispatch/middleware/actionable_exceptions.rb:18:in `call'
actionpack (8.0.0) lib/action_dispatch/middleware/debug_exceptions.rb:31:in `call'
web-console (4.2.1) lib/web_console/middleware.rb:132:in `call_app'
web-console (4.2.1) lib/web_console/middleware.rb:28:in `block in call'
web-console (4.2.1) lib/web_console/middleware.rb:17:in `catch'
web-console (4.2.1) lib/web_console/middleware.rb:17:in `call'
actionpack (8.0.0) lib/action_dispatch/middleware/show_exceptions.rb:32:in `call'
railties (8.0.0) lib/rails/rack/logger.rb:41:in `call_app'
railties (8.0.0) lib/rails/rack/logger.rb:29:in `call'
actionpack (8.0.0) lib/action_dispatch/middleware/remote_ip.rb:96:in `call'
actionpack (8.0.0) lib/action_dispatch/middleware/request_id.rb:34:in `call'
rack (3.1.8) lib/rack/method_override.rb:28:in `call'
rack (3.1.8) lib/rack/runtime.rb:24:in `call'
actionpack (8.0.0) lib/action_dispatch/middleware/server_timing.rb:61:in `block in call'
actionpack (8.0.0) lib/action_dispatch/middleware/server_timing.rb:26:in `collect_events'
actionpack (8.0.0) lib/action_dispatch/middleware/server_timing.rb:60:in `call'
actionpack (8.0.0) lib/action_dispatch/middleware/executor.rb:16:in `call'
actionpack (8.0.0) lib/action_dispatch/middleware/static.rb:27:in `call'
rack (3.1.8) lib/rack/sendfile.rb:114:in `call'
actionpack (8.0.0) lib/action_dispatch/middleware/host_authorization.rb:143:in `call'
railties (8.0.0) lib/rails/engine.rb:535:in `call'
puma (6.4.3) lib/puma/configuration.rb:272:in `call'
puma (6.4.3) lib/puma/request.rb:100:in `block in handle_request'
puma (6.4.3) lib/puma/thread_pool.rb:378:in `with_force_shutdown'
puma (6.4.3) lib/puma/request.rb:99:in `handle_request'
puma (6.4.3) lib/puma/server.rb:464:in `process_client'
puma (6.4.3) lib/puma/server.rb:245:in `block in run'
puma (6.4.3) lib/puma/thread_pool.rb:155:in `block in spawn_thread'

Information for cause: PG::ConnectionBad (connection to server at "127.0.0.1", port 5432 failed: Connection refused
	Is the server running on that host and accepting TCP/IP connections?
):
  
pg (1.5.9) lib/pg/connection.rb:709:in `async_connect_or_reset'
pg (1.5.9) lib/pg/connection.rb:844:in `connect_to_hosts'
pg (1.5.9) lib/pg/connection.rb:772:in `new'
pg (1.5.9) lib/pg.rb:63:in `connect'
activerecord (8.0.0) lib/active_record/connection_adapters/postgresql_adapter.rb:58:in `new_client'
activerecord (8.0.0) lib/active_record/connection_adapters/postgresql_adapter.rb:934:in `connect'
activerecord (8.0.0) lib/active_record/connection_adapters/postgresql_adapter.rb:946:in `reconnect'
activerecord (8.0.0) lib/active_record/connection_adapters/abstract_adapter.rb:669:in `block in reconnect!'
activesupport (8.0.0) lib/active_support/concurrency/null_lock.rb:9:in `synchronize'
activerecord (8.0.0) lib/active_record/connection_adapters/abstract_adapter.rb:668:in `reconnect!'
activerecord (8.0.0) lib/active_record/connection_adapters/abstract_adapter.rb:770:in `block in verify!'
activesupport (8.0.0) lib/active_support/concurrency/null_lock.rb:9:in `synchronize'
activerecord (8.0.0) lib/active_record/connection_adapters/abstract_adapter.rb:761:in `verify!'
activerecord (8.0.0) lib/active_record/connection_adapters/abstract_adapter.rb:778:in `connect!'
activerecord (8.0.0) lib/active_record/connection_adapters/abstract_adapter.rb:984:in `block in with_raw_connection'
activesupport (8.0.0) lib/active_support/concurrency/null_lock.rb:9:in `synchronize'
activerecord (8.0.0) lib/active_record/connection_adapters/abstract_adapter.rb:983:in `with_raw_connection'
activerecord (8.0.0) lib/active_record/connection_adapters/postgresql/quoting.rb:128:in `quote_string'
activerecord (8.0.0) lib/active_record/connection_adapters/abstract/quoting.rb:76:in `quote'
activerecord (8.0.0) lib/active_record/connection_adapters/postgresql/quoting.rb:122:in `quote'
activerecord (8.0.0) lib/active_record/connection_adapters/postgresql/schema_statements.rb:1142:in `quoted_scope'
activerecord (8.0.0) lib/active_record/connection_adapters/postgresql/schema_statements.rb:1119:in `data_source_sql'
activerecord (8.0.0) lib/active_record/connection_adapters/abstract/schema_statements.rb:60:in `table_exists?'
activerecord (8.0.0) lib/active_record/schema_migration.rb:55:in `block in create_table'
activerecord (8.0.0) lib/active_record/connection_adapters/abstract/connection_pool.rb:412:in `with_connection'
activerecord (8.0.0) lib/active_record/schema_migration.rb:54:in `create_table'
activerecord (8.0.0) lib/active_record/migration.rb:1431:in `initialize'
activerecord (8.0.0) lib/active_record/migration.rb:1279:in `new'
activerecord (8.0.0) lib/active_record/migration.rb:1279:in `open'
activerecord (8.0.0) lib/active_record/migration.rb:763:in `block (2 levels) in pending_migrations'
activerecord (8.0.0) lib/active_record/migration/pending_migration_connection.rb:8:in `with_temporary_pool'
activerecord (8.0.0) lib/active_record/migration.rb:762:in `block in pending_migrations'
activerecord (8.0.0) lib/active_record/migration.rb:761:in `each'
activerecord (8.0.0) lib/active_record/migration.rb:761:in `pending_migrations'
activerecord (8.0.0) lib/active_record/migration.rb:740:in `check_pending_migrations'
activerecord (8.0.0) lib/active_record/migration.rb:660:in `block (2 levels) in call'
activesupport (8.0.0) lib/active_support/file_update_checker.rb:85:in `execute'
activerecord (8.0.0) lib/active_record/migration.rb:665:in `block in call'
activerecord (8.0.0) lib/active_record/migration.rb:657:in `synchronize'
activerecord (8.0.0) lib/active_record/migration.rb:657:in `call'
actionpack (8.0.0) lib/action_dispatch/middleware/callbacks.rb:31:in `block in call'
activesupport (8.0.0) lib/active_support/callbacks.rb:100:in `run_callbacks'
actionpack (8.0.0) lib/action_dispatch/middleware/callbacks.rb:30:in `call'
actionpack (8.0.0) lib/action_dispatch/middleware/executor.rb:16:in `call'
actionpack (8.0.0) lib/action_dispatch/middleware/actionable_exceptions.rb:18:in `call'
actionpack (8.0.0) lib/action_dispatch/middleware/debug_exceptions.rb:31:in `call'
web-console (4.2.1) lib/web_console/middleware.rb:132:in `call_app'
web-console (4.2.1) lib/web_console/middleware.rb:28:in `block in call'
web-console (4.2.1) lib/web_console/middleware.rb:17:in `catch'
web-console (4.2.1) lib/web_console/middleware.rb:17:in `call'
actionpack (8.0.0) lib/action_dispatch/middleware/show_exceptions.rb:32:in `call'
railties (8.0.0) lib/rails/rack/logger.rb:41:in `call_app'
railties (8.0.0) lib/rails/rack/logger.rb:29:in `call'
actionpack (8.0.0) lib/action_dispatch/middleware/remote_ip.rb:96:in `call'
actionpack (8.0.0) lib/action_dispatch/middleware/request_id.rb:34:in `call'
rack (3.1.8) lib/rack/method_override.rb:28:in `call'
rack (3.1.8) lib/rack/runtime.rb:24:in `call'
actionpack (8.0.0) lib/action_dispatch/middleware/server_timing.rb:61:in `block in call'
actionpack (8.0.0) lib/action_dispatch/middleware/server_timing.rb:26:in `collect_events'
actionpack (8.0.0) lib/action_dispatch/middleware/server_timing.rb:60:in `call'
actionpack (8.0.0) lib/action_dispatch/middleware/executor.rb:16:in `call'
actionpack (8.0.0) lib/action_dispatch/middleware/static.rb:27:in `call'
rack (3.1.8) lib/rack/sendfile.rb:114:in `call'
actionpack (8.0.0) lib/action_dispatch/middleware/host_authorization.rb:143:in `call'
railties (8.0.0) lib/rails/engine.rb:535:in `call'
puma (6.4.3) lib/puma/configuration.rb:272:in `call'
puma (6.4.3) lib/puma/request.rb:100:in `block in handle_request'
puma (6.4.3) lib/puma/thread_pool.rb:378:in `with_force_shutdown'
puma (6.4.3) lib/puma/request.rb:99:in `handle_request'
puma (6.4.3) lib/puma/server.rb:464:in `process_client'
puma (6.4.3) lib/puma/server.rb:245:in `block in run'
puma (6.4.3) lib/puma/thread_pool.rb:155:in `block in spawn_thread'
Started GET "/favicon.ico" for 127.0.0.1 at 2024-12-10 19:14:08 +0545
  
ActiveRecord::ConnectionNotEstablished (connection to server at "127.0.0.1", port 5432 failed: Connection refused
	Is the server running on that host and accepting TCP/IP connections?
)
Caused by: PG::ConnectionBad (connection to server at "127.0.0.1", port 5432 failed: Connection refused
	Is the server running on that host and accepting TCP/IP connections?
)

Information for: ActiveRecord::ConnectionNotEstablished (connection to server at "127.0.0.1", port 5432 failed: Connection refused
	Is the server running on that host and accepting TCP/IP connections?
):
  
activerecord (8.0.0) lib/active_record/connection_adapters/postgresql_adapter.rb:69:in `rescue in new_client'
activerecord (8.0.0) lib/active_record/connection_adapters/postgresql_adapter.rb:57:in `new_client'
activerecord (8.0.0) lib/active_record/connection_adapters/postgresql_adapter.rb:934:in `connect'
activerecord (8.0.0) lib/active_record/connection_adapters/postgresql_adapter.rb:946:in `reconnect'
activerecord (8.0.0) lib/active_record/connection_adapters/abstract_adapter.rb:669:in `block in reconnect!'
activesupport (8.0.0) lib/active_support/concurrency/null_lock.rb:9:in `synchronize'
activerecord (8.0.0) lib/active_record/connection_adapters/abstract_adapter.rb:668:in `reconnect!'
activerecord (8.0.0) lib/active_record/connection_adapters/abstract_adapter.rb:770:in `block in verify!'
activesupport (8.0.0) lib/active_support/concurrency/null_lock.rb:9:in `synchronize'
activerecord (8.0.0) lib/active_record/connection_adapters/abstract_adapter.rb:761:in `verify!'
activerecord (8.0.0) lib/active_record/connection_adapters/abstract_adapter.rb:778:in `connect!'
activerecord (8.0.0) lib/active_record/connection_adapters/abstract_adapter.rb:984:in `block in with_raw_connection'
activesupport (8.0.0) lib/active_support/concurrency/null_lock.rb:9:in `synchronize'
activerecord (8.0.0) lib/active_record/connection_adapters/abstract_adapter.rb:983:in `with_raw_connection'
activerecord (8.0.0) lib/active_record/connection_adapters/postgresql/quoting.rb:128:in `quote_string'
activerecord (8.0.0) lib/active_record/connection_adapters/abstract/quoting.rb:76:in `quote'
activerecord (8.0.0) lib/active_record/connection_adapters/postgresql/quoting.rb:122:in `quote'
activerecord (8.0.0) lib/active_record/connection_adapters/postgresql/schema_statements.rb:1142:in `quoted_scope'
activerecord (8.0.0) lib/active_record/connection_adapters/postgresql/schema_statements.rb:1119:in `data_source_sql'
activerecord (8.0.0) lib/active_record/connection_adapters/abstract/schema_statements.rb:60:in `table_exists?'
activerecord (8.0.0) lib/active_record/schema_migration.rb:55:in `block in create_table'
activerecord (8.0.0) lib/active_record/connection_adapters/abstract/connection_pool.rb:412:in `with_connection'
activerecord (8.0.0) lib/active_record/schema_migration.rb:54:in `create_table'
activerecord (8.0.0) lib/active_record/migration.rb:1431:in `initialize'
activerecord (8.0.0) lib/active_record/migration.rb:1279:in `new'
activerecord (8.0.0) lib/active_record/migration.rb:1279:in `open'
activerecord (8.0.0) lib/active_record/migration.rb:763:in `block (2 levels) in pending_migrations'
activerecord (8.0.0) lib/active_record/migration/pending_migration_connection.rb:8:in `with_temporary_pool'
activerecord (8.0.0) lib/active_record/migration.rb:762:in `block in pending_migrations'
activerecord (8.0.0) lib/active_record/migration.rb:761:in `each'
activerecord (8.0.0) lib/active_record/migration.rb:761:in `pending_migrations'
activerecord (8.0.0) lib/active_record/migration.rb:740:in `check_pending_migrations'
activerecord (8.0.0) lib/active_record/migration.rb:660:in `block (2 levels) in call'
activesupport (8.0.0) lib/active_support/file_update_checker.rb:85:in `execute'
activerecord (8.0.0) lib/active_record/migration.rb:665:in `block in call'
activerecord (8.0.0) lib/active_record/migration.rb:657:in `synchronize'
activerecord (8.0.0) lib/active_record/migration.rb:657:in `call'
actionpack (8.0.0) lib/action_dispatch/middleware/callbacks.rb:31:in `block in call'
activesupport (8.0.0) lib/active_support/callbacks.rb:100:in `run_callbacks'
actionpack (8.0.0) lib/action_dispatch/middleware/callbacks.rb:30:in `call'
actionpack (8.0.0) lib/action_dispatch/middleware/executor.rb:16:in `call'
actionpack (8.0.0) lib/action_dispatch/middleware/actionable_exceptions.rb:18:in `call'
actionpack (8.0.0) lib/action_dispatch/middleware/debug_exceptions.rb:31:in `call'
web-console (4.2.1) lib/web_console/middleware.rb:132:in `call_app'
web-console (4.2.1) lib/web_console/middleware.rb:28:in `block in call'
web-console (4.2.1) lib/web_console/middleware.rb:17:in `catch'
web-console (4.2.1) lib/web_console/middleware.rb:17:in `call'
actionpack (8.0.0) lib/action_dispatch/middleware/show_exceptions.rb:32:in `call'
railties (8.0.0) lib/rails/rack/logger.rb:41:in `call_app'
railties (8.0.0) lib/rails/rack/logger.rb:29:in `call'
actionpack (8.0.0) lib/action_dispatch/middleware/remote_ip.rb:96:in `call'
actionpack (8.0.0) lib/action_dispatch/middleware/request_id.rb:34:in `call'
rack (3.1.8) lib/rack/method_override.rb:28:in `call'
rack (3.1.8) lib/rack/runtime.rb:24:in `call'
actionpack (8.0.0) lib/action_dispatch/middleware/server_timing.rb:61:in `block in call'
actionpack (8.0.0) lib/action_dispatch/middleware/server_timing.rb:26:in `collect_events'
actionpack (8.0.0) lib/action_dispatch/middleware/server_timing.rb:60:in `call'
actionpack (8.0.0) lib/action_dispatch/middleware/executor.rb:16:in `call'
actionpack (8.0.0) lib/action_dispatch/middleware/static.rb:27:in `call'
rack (3.1.8) lib/rack/sendfile.rb:114:in `call'
actionpack (8.0.0) lib/action_dispatch/middleware/host_authorization.rb:143:in `call'
railties (8.0.0) lib/rails/engine.rb:535:in `call'
puma (6.4.3) lib/puma/configuration.rb:272:in `call'
puma (6.4.3) lib/puma/request.rb:100:in `block in handle_request'
puma (6.4.3) lib/puma/thread_pool.rb:378:in `with_force_shutdown'
puma (6.4.3) lib/puma/request.rb:99:in `handle_request'
puma (6.4.3) lib/puma/server.rb:464:in `process_client'
puma (6.4.3) lib/puma/server.rb:245:in `block in run'
puma (6.4.3) lib/puma/thread_pool.rb:155:in `block in spawn_thread'

Information for cause: PG::ConnectionBad (connection to server at "127.0.0.1", port 5432 failed: Connection refused
	Is the server running on that host and accepting TCP/IP connections?
):
  
pg (1.5.9) lib/pg/connection.rb:709:in `async_connect_or_reset'
pg (1.5.9) lib/pg/connection.rb:844:in `connect_to_hosts'
pg (1.5.9) lib/pg/connection.rb:772:in `new'
pg (1.5.9) lib/pg.rb:63:in `connect'
activerecord (8.0.0) lib/active_record/connection_adapters/postgresql_adapter.rb:58:in `new_client'
activerecord (8.0.0) lib/active_record/connection_adapters/postgresql_adapter.rb:934:in `connect'
activerecord (8.0.0) lib/active_record/connection_adapters/postgresql_adapter.rb:946:in `reconnect'
activerecord (8.0.0) lib/active_record/connection_adapters/abstract_adapter.rb:669:in `block in reconnect!'
activesupport (8.0.0) lib/active_support/concurrency/null_lock.rb:9:in `synchronize'
activerecord (8.0.0) lib/active_record/connection_adapters/abstract_adapter.rb:668:in `reconnect!'
activerecord (8.0.0) lib/active_record/connection_adapters/abstract_adapter.rb:770:in `block in verify!'
activesupport (8.0.0) lib/active_support/concurrency/null_lock.rb:9:in `synchronize'
activerecord (8.0.0) lib/active_record/connection_adapters/abstract_adapter.rb:761:in `verify!'
activerecord (8.0.0) lib/active_record/connection_adapters/abstract_adapter.rb:778:in `connect!'
activerecord (8.0.0) lib/active_record/connection_adapters/abstract_adapter.rb:984:in `block in with_raw_connection'
activesupport (8.0.0) lib/active_support/concurrency/null_lock.rb:9:in `synchronize'
activerecord (8.0.0) lib/active_record/connection_adapters/abstract_adapter.rb:983:in `with_raw_connection'
activerecord (8.0.0) lib/active_record/connection_adapters/postgresql/quoting.rb:128:in `quote_string'
activerecord (8.0.0) lib/active_record/connection_adapters/abstract/quoting.rb:76:in `quote'
activerecord (8.0.0) lib/active_record/connection_adapters/postgresql/quoting.rb:122:in `quote'
activerecord (8.0.0) lib/active_record/connection_adapters/postgresql/schema_statements.rb:1142:in `quoted_scope'
activerecord (8.0.0) lib/active_record/connection_adapters/postgresql/schema_statements.rb:1119:in `data_source_sql'
activerecord (8.0.0) lib/active_record/connection_adapters/abstract/schema_statements.rb:60:in `table_exists?'
activerecord (8.0.0) lib/active_record/schema_migration.rb:55:in `block in create_table'
activerecord (8.0.0) lib/active_record/connection_adapters/abstract/connection_pool.rb:412:in `with_connection'
activerecord (8.0.0) lib/active_record/schema_migration.rb:54:in `create_table'
activerecord (8.0.0) lib/active_record/migration.rb:1431:in `initialize'
activerecord (8.0.0) lib/active_record/migration.rb:1279:in `new'
activerecord (8.0.0) lib/active_record/migration.rb:1279:in `open'
activerecord (8.0.0) lib/active_record/migration.rb:763:in `block (2 levels) in pending_migrations'
activerecord (8.0.0) lib/active_record/migration/pending_migration_connection.rb:8:in `with_temporary_pool'
activerecord (8.0.0) lib/active_record/migration.rb:762:in `block in pending_migrations'
activerecord (8.0.0) lib/active_record/migration.rb:761:in `each'
activerecord (8.0.0) lib/active_record/migration.rb:761:in `pending_migrations'
activerecord (8.0.0) lib/active_record/migration.rb:740:in `check_pending_migrations'
activerecord (8.0.0) lib/active_record/migration.rb:660:in `block (2 levels) in call'
activesupport (8.0.0) lib/active_support/file_update_checker.rb:85:in `execute'
activerecord (8.0.0) lib/active_record/migration.rb:665:in `block in call'
activerecord (8.0.0) lib/active_record/migration.rb:657:in `synchronize'
activerecord (8.0.0) lib/active_record/migration.rb:657:in `call'
actionpack (8.0.0) lib/action_dispatch/middleware/callbacks.rb:31:in `block in call'
activesupport (8.0.0) lib/active_support/callbacks.rb:100:in `run_callbacks'
actionpack (8.0.0) lib/action_dispatch/middleware/callbacks.rb:30:in `call'
actionpack (8.0.0) lib/action_dispatch/middleware/executor.rb:16:in `call'
actionpack (8.0.0) lib/action_dispatch/middleware/actionable_exceptions.rb:18:in `call'
actionpack (8.0.0) lib/action_dispatch/middleware/debug_exceptions.rb:31:in `call'
web-console (4.2.1) lib/web_console/middleware.rb:132:in `call_app'
web-console (4.2.1) lib/web_console/middleware.rb:28:in `block in call'
web-console (4.2.1) lib/web_console/middleware.rb:17:in `catch'
web-console (4.2.1) lib/web_console/middleware.rb:17:in `call'
actionpack (8.0.0) lib/action_dispatch/middleware/show_exceptions.rb:32:in `call'
railties (8.0.0) lib/rails/rack/logger.rb:41:in `call_app'
railties (8.0.0) lib/rails/rack/logger.rb:29:in `call'
actionpack (8.0.0) lib/action_dispatch/middleware/remote_ip.rb:96:in `call'
actionpack (8.0.0) lib/action_dispatch/middleware/request_id.rb:34:in `call'
rack (3.1.8) lib/rack/method_override.rb:28:in `call'
rack (3.1.8) lib/rack/runtime.rb:24:in `call'
actionpack (8.0.0) lib/action_dispatch/middleware/server_timing.rb:61:in `block in call'
actionpack (8.0.0) lib/action_dispatch/middleware/server_timing.rb:26:in `collect_events'
actionpack (8.0.0) lib/action_dispatch/middleware/server_timing.rb:60:in `call'
actionpack (8.0.0) lib/action_dispatch/middleware/executor.rb:16:in `call'
actionpack (8.0.0) lib/action_dispatch/middleware/static.rb:27:in `call'
rack (3.1.8) lib/rack/sendfile.rb:114:in `call'
actionpack (8.0.0) lib/action_dispatch/middleware/host_authorization.rb:143:in `call'
railties (8.0.0) lib/rails/engine.rb:535:in `call'
puma (6.4.3) lib/puma/configuration.rb:272:in `call'
puma (6.4.3) lib/puma/request.rb:100:in `block in handle_request'
puma (6.4.3) lib/puma/thread_pool.rb:378:in `with_force_shutdown'
puma (6.4.3) lib/puma/request.rb:99:in `handle_request'
puma (6.4.3) lib/puma/server.rb:464:in `process_client'
puma (6.4.3) lib/puma/server.rb:245:in `block in run'
puma (6.4.3) lib/puma/thread_pool.rb:155:in `block in spawn_thread'
Started GET "/money_trackers" for 127.0.0.1 at 2024-12-10 19:17:39 +0545
  
ActiveRecord::ConnectionNotEstablished (connection to server at "127.0.0.1", port 5432 failed: Connection refused
	Is the server running on that host and accepting TCP/IP connections?
)
Caused by: PG::ConnectionBad (connection to server at "127.0.0.1", port 5432 failed: Connection refused
	Is the server running on that host and accepting TCP/IP connections?
)

Information for: ActiveRecord::ConnectionNotEstablished (connection to server at "127.0.0.1", port 5432 failed: Connection refused
	Is the server running on that host and accepting TCP/IP connections?
):
  
activerecord (8.0.0) lib/active_record/connection_adapters/postgresql_adapter.rb:69:in `rescue in new_client'
activerecord (8.0.0) lib/active_record/connection_adapters/postgresql_adapter.rb:57:in `new_client'
activerecord (8.0.0) lib/active_record/connection_adapters/postgresql_adapter.rb:934:in `connect'
activerecord (8.0.0) lib/active_record/connection_adapters/postgresql_adapter.rb:946:in `reconnect'
activerecord (8.0.0) lib/active_record/connection_adapters/abstract_adapter.rb:669:in `block in reconnect!'
activesupport (8.0.0) lib/active_support/concurrency/null_lock.rb:9:in `synchronize'
activerecord (8.0.0) lib/active_record/connection_adapters/abstract_adapter.rb:668:in `reconnect!'
activerecord (8.0.0) lib/active_record/connection_adapters/abstract_adapter.rb:770:in `block in verify!'
activesupport (8.0.0) lib/active_support/concurrency/null_lock.rb:9:in `synchronize'
activerecord (8.0.0) lib/active_record/connection_adapters/abstract_adapter.rb:761:in `verify!'
activerecord (8.0.0) lib/active_record/connection_adapters/abstract_adapter.rb:778:in `connect!'
activerecord (8.0.0) lib/active_record/connection_adapters/abstract_adapter.rb:984:in `block in with_raw_connection'
activesupport (8.0.0) lib/active_support/concurrency/null_lock.rb:9:in `synchronize'
activerecord (8.0.0) lib/active_record/connection_adapters/abstract_adapter.rb:983:in `with_raw_connection'
activerecord (8.0.0) lib/active_record/connection_adapters/postgresql/quoting.rb:128:in `quote_string'
activerecord (8.0.0) lib/active_record/connection_adapters/abstract/quoting.rb:76:in `quote'
activerecord (8.0.0) lib/active_record/connection_adapters/postgresql/quoting.rb:122:in `quote'
activerecord (8.0.0) lib/active_record/connection_adapters/postgresql/schema_statements.rb:1142:in `quoted_scope'
activerecord (8.0.0) lib/active_record/connection_adapters/postgresql/schema_statements.rb:1119:in `data_source_sql'
activerecord (8.0.0) lib/active_record/connection_adapters/abstract/schema_statements.rb:60:in `table_exists?'
activerecord (8.0.0) lib/active_record/schema_migration.rb:55:in `block in create_table'
activerecord (8.0.0) lib/active_record/connection_adapters/abstract/connection_pool.rb:412:in `with_connection'
activerecord (8.0.0) lib/active_record/schema_migration.rb:54:in `create_table'
activerecord (8.0.0) lib/active_record/migration.rb:1431:in `initialize'
activerecord (8.0.0) lib/active_record/migration.rb:1279:in `new'
activerecord (8.0.0) lib/active_record/migration.rb:1279:in `open'
activerecord (8.0.0) lib/active_record/migration.rb:763:in `block (2 levels) in pending_migrations'
activerecord (8.0.0) lib/active_record/migration/pending_migration_connection.rb:8:in `with_temporary_pool'
activerecord (8.0.0) lib/active_record/migration.rb:762:in `block in pending_migrations'
activerecord (8.0.0) lib/active_record/migration.rb:761:in `each'
activerecord (8.0.0) lib/active_record/migration.rb:761:in `pending_migrations'
activerecord (8.0.0) lib/active_record/migration.rb:740:in `check_pending_migrations'
activerecord (8.0.0) lib/active_record/migration.rb:660:in `block (2 levels) in call'
activesupport (8.0.0) lib/active_support/file_update_checker.rb:85:in `execute'
activerecord (8.0.0) lib/active_record/migration.rb:665:in `block in call'
activerecord (8.0.0) lib/active_record/migration.rb:657:in `synchronize'
activerecord (8.0.0) lib/active_record/migration.rb:657:in `call'
actionpack (8.0.0) lib/action_dispatch/middleware/callbacks.rb:31:in `block in call'
activesupport (8.0.0) lib/active_support/callbacks.rb:100:in `run_callbacks'
actionpack (8.0.0) lib/action_dispatch/middleware/callbacks.rb:30:in `call'
actionpack (8.0.0) lib/action_dispatch/middleware/executor.rb:16:in `call'
actionpack (8.0.0) lib/action_dispatch/middleware/actionable_exceptions.rb:18:in `call'
actionpack (8.0.0) lib/action_dispatch/middleware/debug_exceptions.rb:31:in `call'
web-console (4.2.1) lib/web_console/middleware.rb:132:in `call_app'
web-console (4.2.1) lib/web_console/middleware.rb:28:in `block in call'
web-console (4.2.1) lib/web_console/middleware.rb:17:in `catch'
web-console (4.2.1) lib/web_console/middleware.rb:17:in `call'
actionpack (8.0.0) lib/action_dispatch/middleware/show_exceptions.rb:32:in `call'
railties (8.0.0) lib/rails/rack/logger.rb:41:in `call_app'
railties (8.0.0) lib/rails/rack/logger.rb:29:in `call'
actionpack (8.0.0) lib/action_dispatch/middleware/remote_ip.rb:96:in `call'
actionpack (8.0.0) lib/action_dispatch/middleware/request_id.rb:34:in `call'
rack (3.1.8) lib/rack/method_override.rb:28:in `call'
rack (3.1.8) lib/rack/runtime.rb:24:in `call'
actionpack (8.0.0) lib/action_dispatch/middleware/server_timing.rb:61:in `block in call'
actionpack (8.0.0) lib/action_dispatch/middleware/server_timing.rb:26:in `collect_events'
actionpack (8.0.0) lib/action_dispatch/middleware/server_timing.rb:60:in `call'
actionpack (8.0.0) lib/action_dispatch/middleware/executor.rb:16:in `call'
actionpack (8.0.0) lib/action_dispatch/middleware/static.rb:27:in `call'
rack (3.1.8) lib/rack/sendfile.rb:114:in `call'
actionpack (8.0.0) lib/action_dispatch/middleware/host_authorization.rb:143:in `call'
railties (8.0.0) lib/rails/engine.rb:535:in `call'
puma (6.4.3) lib/puma/configuration.rb:272:in `call'
puma (6.4.3) lib/puma/request.rb:100:in `block in handle_request'
puma (6.4.3) lib/puma/thread_pool.rb:378:in `with_force_shutdown'
puma (6.4.3) lib/puma/request.rb:99:in `handle_request'
puma (6.4.3) lib/puma/server.rb:464:in `process_client'
puma (6.4.3) lib/puma/server.rb:245:in `block in run'
puma (6.4.3) lib/puma/thread_pool.rb:155:in `block in spawn_thread'

Information for cause: PG::ConnectionBad (connection to server at "127.0.0.1", port 5432 failed: Connection refused
	Is the server running on that host and accepting TCP/IP connections?
):
  
pg (1.5.9) lib/pg/connection.rb:709:in `async_connect_or_reset'
pg (1.5.9) lib/pg/connection.rb:844:in `connect_to_hosts'
pg (1.5.9) lib/pg/connection.rb:772:in `new'
pg (1.5.9) lib/pg.rb:63:in `connect'
activerecord (8.0.0) lib/active_record/connection_adapters/postgresql_adapter.rb:58:in `new_client'
activerecord (8.0.0) lib/active_record/connection_adapters/postgresql_adapter.rb:934:in `connect'
activerecord (8.0.0) lib/active_record/connection_adapters/postgresql_adapter.rb:946:in `reconnect'
activerecord (8.0.0) lib/active_record/connection_adapters/abstract_adapter.rb:669:in `block in reconnect!'
activesupport (8.0.0) lib/active_support/concurrency/null_lock.rb:9:in `synchronize'
activerecord (8.0.0) lib/active_record/connection_adapters/abstract_adapter.rb:668:in `reconnect!'
activerecord (8.0.0) lib/active_record/connection_adapters/abstract_adapter.rb:770:in `block in verify!'
activesupport (8.0.0) lib/active_support/concurrency/null_lock.rb:9:in `synchronize'
activerecord (8.0.0) lib/active_record/connection_adapters/abstract_adapter.rb:761:in `verify!'
activerecord (8.0.0) lib/active_record/connection_adapters/abstract_adapter.rb:778:in `connect!'
activerecord (8.0.0) lib/active_record/connection_adapters/abstract_adapter.rb:984:in `block in with_raw_connection'
activesupport (8.0.0) lib/active_support/concurrency/null_lock.rb:9:in `synchronize'
activerecord (8.0.0) lib/active_record/connection_adapters/abstract_adapter.rb:983:in `with_raw_connection'
activerecord (8.0.0) lib/active_record/connection_adapters/postgresql/quoting.rb:128:in `quote_string'
activerecord (8.0.0) lib/active_record/connection_adapters/abstract/quoting.rb:76:in `quote'
activerecord (8.0.0) lib/active_record/connection_adapters/postgresql/quoting.rb:122:in `quote'
activerecord (8.0.0) lib/active_record/connection_adapters/postgresql/schema_statements.rb:1142:in `quoted_scope'
activerecord (8.0.0) lib/active_record/connection_adapters/postgresql/schema_statements.rb:1119:in `data_source_sql'
activerecord (8.0.0) lib/active_record/connection_adapters/abstract/schema_statements.rb:60:in `table_exists?'
activerecord (8.0.0) lib/active_record/schema_migration.rb:55:in `block in create_table'
activerecord (8.0.0) lib/active_record/connection_adapters/abstract/connection_pool.rb:412:in `with_connection'
activerecord (8.0.0) lib/active_record/schema_migration.rb:54:in `create_table'
activerecord (8.0.0) lib/active_record/migration.rb:1431:in `initialize'
activerecord (8.0.0) lib/active_record/migration.rb:1279:in `new'
activerecord (8.0.0) lib/active_record/migration.rb:1279:in `open'
activerecord (8.0.0) lib/active_record/migration.rb:763:in `block (2 levels) in pending_migrations'
activerecord (8.0.0) lib/active_record/migration/pending_migration_connection.rb:8:in `with_temporary_pool'
activerecord (8.0.0) lib/active_record/migration.rb:762:in `block in pending_migrations'
activerecord (8.0.0) lib/active_record/migration.rb:761:in `each'
activerecord (8.0.0) lib/active_record/migration.rb:761:in `pending_migrations'
activerecord (8.0.0) lib/active_record/migration.rb:740:in `check_pending_migrations'
activerecord (8.0.0) lib/active_record/migration.rb:660:in `block (2 levels) in call'
activesupport (8.0.0) lib/active_support/file_update_checker.rb:85:in `execute'
activerecord (8.0.0) lib/active_record/migration.rb:665:in `block in call'
activerecord (8.0.0) lib/active_record/migration.rb:657:in `synchronize'
activerecord (8.0.0) lib/active_record/migration.rb:657:in `call'
actionpack (8.0.0) lib/action_dispatch/middleware/callbacks.rb:31:in `block in call'
activesupport (8.0.0) lib/active_support/callbacks.rb:100:in `run_callbacks'
actionpack (8.0.0) lib/action_dispatch/middleware/callbacks.rb:30:in `call'
actionpack (8.0.0) lib/action_dispatch/middleware/executor.rb:16:in `call'
actionpack (8.0.0) lib/action_dispatch/middleware/actionable_exceptions.rb:18:in `call'
actionpack (8.0.0) lib/action_dispatch/middleware/debug_exceptions.rb:31:in `call'
web-console (4.2.1) lib/web_console/middleware.rb:132:in `call_app'
web-console (4.2.1) lib/web_console/middleware.rb:28:in `block in call'
web-console (4.2.1) lib/web_console/middleware.rb:17:in `catch'
web-console (4.2.1) lib/web_console/middleware.rb:17:in `call'
actionpack (8.0.0) lib/action_dispatch/middleware/show_exceptions.rb:32:in `call'
railties (8.0.0) lib/rails/rack/logger.rb:41:in `call_app'
railties (8.0.0) lib/rails/rack/logger.rb:29:in `call'
actionpack (8.0.0) lib/action_dispatch/middleware/remote_ip.rb:96:in `call'
actionpack (8.0.0) lib/action_dispatch/middleware/request_id.rb:34:in `call'
rack (3.1.8) lib/rack/method_override.rb:28:in `call'
rack (3.1.8) lib/rack/runtime.rb:24:in `call'
actionpack (8.0.0) lib/action_dispatch/middleware/server_timing.rb:61:in `block in call'
actionpack (8.0.0) lib/action_dispatch/middleware/server_timing.rb:26:in `collect_events'
actionpack (8.0.0) lib/action_dispatch/middleware/server_timing.rb:60:in `call'
actionpack (8.0.0) lib/action_dispatch/middleware/executor.rb:16:in `call'
actionpack (8.0.0) lib/action_dispatch/middleware/static.rb:27:in `call'
rack (3.1.8) lib/rack/sendfile.rb:114:in `call'
actionpack (8.0.0) lib/action_dispatch/middleware/host_authorization.rb:143:in `call'
railties (8.0.0) lib/rails/engine.rb:535:in `call'
puma (6.4.3) lib/puma/configuration.rb:272:in `call'
puma (6.4.3) lib/puma/request.rb:100:in `block in handle_request'
puma (6.4.3) lib/puma/thread_pool.rb:378:in `with_force_shutdown'
puma (6.4.3) lib/puma/request.rb:99:in `handle_request'
puma (6.4.3) lib/puma/server.rb:464:in `process_client'
puma (6.4.3) lib/puma/server.rb:245:in `block in run'
puma (6.4.3) lib/puma/thread_pool.rb:155:in `block in spawn_thread'
Started GET "/favicon.ico" for 127.0.0.1 at 2024-12-10 19:17:40 +0545
  
ActiveRecord::ConnectionNotEstablished (connection to server at "127.0.0.1", port 5432 failed: Connection refused
	Is the server running on that host and accepting TCP/IP connections?
)
Caused by: PG::ConnectionBad (connection to server at "127.0.0.1", port 5432 failed: Connection refused
	Is the server running on that host and accepting TCP/IP connections?
)

Information for: ActiveRecord::ConnectionNotEstablished (connection to server at "127.0.0.1", port 5432 failed: Connection refused
	Is the server running on that host and accepting TCP/IP connections?
):
  
activerecord (8.0.0) lib/active_record/connection_adapters/postgresql_adapter.rb:69:in `rescue in new_client'
activerecord (8.0.0) lib/active_record/connection_adapters/postgresql_adapter.rb:57:in `new_client'
activerecord (8.0.0) lib/active_record/connection_adapters/postgresql_adapter.rb:934:in `connect'
activerecord (8.0.0) lib/active_record/connection_adapters/postgresql_adapter.rb:946:in `reconnect'
activerecord (8.0.0) lib/active_record/connection_adapters/abstract_adapter.rb:669:in `block in reconnect!'
activesupport (8.0.0) lib/active_support/concurrency/null_lock.rb:9:in `synchronize'
activerecord (8.0.0) lib/active_record/connection_adapters/abstract_adapter.rb:668:in `reconnect!'
activerecord (8.0.0) lib/active_record/connection_adapters/abstract_adapter.rb:770:in `block in verify!'
activesupport (8.0.0) lib/active_support/concurrency/null_lock.rb:9:in `synchronize'
activerecord (8.0.0) lib/active_record/connection_adapters/abstract_adapter.rb:761:in `verify!'
activerecord (8.0.0) lib/active_record/connection_adapters/abstract_adapter.rb:778:in `connect!'
activerecord (8.0.0) lib/active_record/connection_adapters/abstract_adapter.rb:984:in `block in with_raw_connection'
activesupport (8.0.0) lib/active_support/concurrency/null_lock.rb:9:in `synchronize'
activerecord (8.0.0) lib/active_record/connection_adapters/abstract_adapter.rb:983:in `with_raw_connection'
activerecord (8.0.0) lib/active_record/connection_adapters/postgresql/quoting.rb:128:in `quote_string'
activerecord (8.0.0) lib/active_record/connection_adapters/abstract/quoting.rb:76:in `quote'
activerecord (8.0.0) lib/active_record/connection_adapters/postgresql/quoting.rb:122:in `quote'
activerecord (8.0.0) lib/active_record/connection_adapters/postgresql/schema_statements.rb:1142:in `quoted_scope'
activerecord (8.0.0) lib/active_record/connection_adapters/postgresql/schema_statements.rb:1119:in `data_source_sql'
activerecord (8.0.0) lib/active_record/connection_adapters/abstract/schema_statements.rb:60:in `table_exists?'
activerecord (8.0.0) lib/active_record/schema_migration.rb:55:in `block in create_table'
activerecord (8.0.0) lib/active_record/connection_adapters/abstract/connection_pool.rb:412:in `with_connection'
activerecord (8.0.0) lib/active_record/schema_migration.rb:54:in `create_table'
activerecord (8.0.0) lib/active_record/migration.rb:1431:in `initialize'
activerecord (8.0.0) lib/active_record/migration.rb:1279:in `new'
activerecord (8.0.0) lib/active_record/migration.rb:1279:in `open'
activerecord (8.0.0) lib/active_record/migration.rb:763:in `block (2 levels) in pending_migrations'
activerecord (8.0.0) lib/active_record/migration/pending_migration_connection.rb:8:in `with_temporary_pool'
activerecord (8.0.0) lib/active_record/migration.rb:762:in `block in pending_migrations'
activerecord (8.0.0) lib/active_record/migration.rb:761:in `each'
activerecord (8.0.0) lib/active_record/migration.rb:761:in `pending_migrations'
activerecord (8.0.0) lib/active_record/migration.rb:740:in `check_pending_migrations'
activerecord (8.0.0) lib/active_record/migration.rb:660:in `block (2 levels) in call'
activesupport (8.0.0) lib/active_support/file_update_checker.rb:85:in `execute'
activerecord (8.0.0) lib/active_record/migration.rb:665:in `block in call'
activerecord (8.0.0) lib/active_record/migration.rb:657:in `synchronize'
activerecord (8.0.0) lib/active_record/migration.rb:657:in `call'
actionpack (8.0.0) lib/action_dispatch/middleware/callbacks.rb:31:in `block in call'
activesupport (8.0.0) lib/active_support/callbacks.rb:100:in `run_callbacks'
actionpack (8.0.0) lib/action_dispatch/middleware/callbacks.rb:30:in `call'
actionpack (8.0.0) lib/action_dispatch/middleware/executor.rb:16:in `call'
actionpack (8.0.0) lib/action_dispatch/middleware/actionable_exceptions.rb:18:in `call'
actionpack (8.0.0) lib/action_dispatch/middleware/debug_exceptions.rb:31:in `call'
web-console (4.2.1) lib/web_console/middleware.rb:132:in `call_app'
web-console (4.2.1) lib/web_console/middleware.rb:28:in `block in call'
web-console (4.2.1) lib/web_console/middleware.rb:17:in `catch'
web-console (4.2.1) lib/web_console/middleware.rb:17:in `call'
actionpack (8.0.0) lib/action_dispatch/middleware/show_exceptions.rb:32:in `call'
railties (8.0.0) lib/rails/rack/logger.rb:41:in `call_app'
railties (8.0.0) lib/rails/rack/logger.rb:29:in `call'
actionpack (8.0.0) lib/action_dispatch/middleware/remote_ip.rb:96:in `call'
actionpack (8.0.0) lib/action_dispatch/middleware/request_id.rb:34:in `call'
rack (3.1.8) lib/rack/method_override.rb:28:in `call'
rack (3.1.8) lib/rack/runtime.rb:24:in `call'
actionpack (8.0.0) lib/action_dispatch/middleware/server_timing.rb:61:in `block in call'
actionpack (8.0.0) lib/action_dispatch/middleware/server_timing.rb:26:in `collect_events'
actionpack (8.0.0) lib/action_dispatch/middleware/server_timing.rb:60:in `call'
actionpack (8.0.0) lib/action_dispatch/middleware/executor.rb:16:in `call'
actionpack (8.0.0) lib/action_dispatch/middleware/static.rb:27:in `call'
rack (3.1.8) lib/rack/sendfile.rb:114:in `call'
actionpack (8.0.0) lib/action_dispatch/middleware/host_authorization.rb:143:in `call'
railties (8.0.0) lib/rails/engine.rb:535:in `call'
puma (6.4.3) lib/puma/configuration.rb:272:in `call'
puma (6.4.3) lib/puma/request.rb:100:in `block in handle_request'
puma (6.4.3) lib/puma/thread_pool.rb:378:in `with_force_shutdown'
puma (6.4.3) lib/puma/request.rb:99:in `handle_request'
puma (6.4.3) lib/puma/server.rb:464:in `process_client'
puma (6.4.3) lib/puma/server.rb:245:in `block in run'
puma (6.4.3) lib/puma/thread_pool.rb:155:in `block in spawn_thread'

Information for cause: PG::ConnectionBad (connection to server at "127.0.0.1", port 5432 failed: Connection refused
	Is the server running on that host and accepting TCP/IP connections?
):
  
pg (1.5.9) lib/pg/connection.rb:709:in `async_connect_or_reset'
pg (1.5.9) lib/pg/connection.rb:844:in `connect_to_hosts'
pg (1.5.9) lib/pg/connection.rb:772:in `new'
pg (1.5.9) lib/pg.rb:63:in `connect'
activerecord (8.0.0) lib/active_record/connection_adapters/postgresql_adapter.rb:58:in `new_client'
activerecord (8.0.0) lib/active_record/connection_adapters/postgresql_adapter.rb:934:in `connect'
activerecord (8.0.0) lib/active_record/connection_adapters/postgresql_adapter.rb:946:in `reconnect'
activerecord (8.0.0) lib/active_record/connection_adapters/abstract_adapter.rb:669:in `block in reconnect!'
activesupport (8.0.0) lib/active_support/concurrency/null_lock.rb:9:in `synchronize'
activerecord (8.0.0) lib/active_record/connection_adapters/abstract_adapter.rb:668:in `reconnect!'
activerecord (8.0.0) lib/active_record/connection_adapters/abstract_adapter.rb:770:in `block in verify!'
activesupport (8.0.0) lib/active_support/concurrency/null_lock.rb:9:in `synchronize'
activerecord (8.0.0) lib/active_record/connection_adapters/abstract_adapter.rb:761:in `verify!'
activerecord (8.0.0) lib/active_record/connection_adapters/abstract_adapter.rb:778:in `connect!'
activerecord (8.0.0) lib/active_record/connection_adapters/abstract_adapter.rb:984:in `block in with_raw_connection'
activesupport (8.0.0) lib/active_support/concurrency/null_lock.rb:9:in `synchronize'
activerecord (8.0.0) lib/active_record/connection_adapters/abstract_adapter.rb:983:in `with_raw_connection'
activerecord (8.0.0) lib/active_record/connection_adapters/postgresql/quoting.rb:128:in `quote_string'
activerecord (8.0.0) lib/active_record/connection_adapters/abstract/quoting.rb:76:in `quote'
activerecord (8.0.0) lib/active_record/connection_adapters/postgresql/quoting.rb:122:in `quote'
activerecord (8.0.0) lib/active_record/connection_adapters/postgresql/schema_statements.rb:1142:in `quoted_scope'
activerecord (8.0.0) lib/active_record/connection_adapters/postgresql/schema_statements.rb:1119:in `data_source_sql'
activerecord (8.0.0) lib/active_record/connection_adapters/abstract/schema_statements.rb:60:in `table_exists?'
activerecord (8.0.0) lib/active_record/schema_migration.rb:55:in `block in create_table'
activerecord (8.0.0) lib/active_record/connection_adapters/abstract/connection_pool.rb:412:in `with_connection'
activerecord (8.0.0) lib/active_record/schema_migration.rb:54:in `create_table'
activerecord (8.0.0) lib/active_record/migration.rb:1431:in `initialize'
activerecord (8.0.0) lib/active_record/migration.rb:1279:in `new'
activerecord (8.0.0) lib/active_record/migration.rb:1279:in `open'
activerecord (8.0.0) lib/active_record/migration.rb:763:in `block (2 levels) in pending_migrations'
activerecord (8.0.0) lib/active_record/migration/pending_migration_connection.rb:8:in `with_temporary_pool'
activerecord (8.0.0) lib/active_record/migration.rb:762:in `block in pending_migrations'
activerecord (8.0.0) lib/active_record/migration.rb:761:in `each'
activerecord (8.0.0) lib/active_record/migration.rb:761:in `pending_migrations'
activerecord (8.0.0) lib/active_record/migration.rb:740:in `check_pending_migrations'
activerecord (8.0.0) lib/active_record/migration.rb:660:in `block (2 levels) in call'
activesupport (8.0.0) lib/active_support/file_update_checker.rb:85:in `execute'
activerecord (8.0.0) lib/active_record/migration.rb:665:in `block in call'
activerecord (8.0.0) lib/active_record/migration.rb:657:in `synchronize'
activerecord (8.0.0) lib/active_record/migration.rb:657:in `call'
actionpack (8.0.0) lib/action_dispatch/middleware/callbacks.rb:31:in `block in call'
activesupport (8.0.0) lib/active_support/callbacks.rb:100:in `run_callbacks'
actionpack (8.0.0) lib/action_dispatch/middleware/callbacks.rb:30:in `call'
actionpack (8.0.0) lib/action_dispatch/middleware/executor.rb:16:in `call'
actionpack (8.0.0) lib/action_dispatch/middleware/actionable_exceptions.rb:18:in `call'
actionpack (8.0.0) lib/action_dispatch/middleware/debug_exceptions.rb:31:in `call'
web-console (4.2.1) lib/web_console/middleware.rb:132:in `call_app'
web-console (4.2.1) lib/web_console/middleware.rb:28:in `block in call'
web-console (4.2.1) lib/web_console/middleware.rb:17:in `catch'
web-console (4.2.1) lib/web_console/middleware.rb:17:in `call'
actionpack (8.0.0) lib/action_dispatch/middleware/show_exceptions.rb:32:in `call'
railties (8.0.0) lib/rails/rack/logger.rb:41:in `call_app'
railties (8.0.0) lib/rails/rack/logger.rb:29:in `call'
actionpack (8.0.0) lib/action_dispatch/middleware/remote_ip.rb:96:in `call'
actionpack (8.0.0) lib/action_dispatch/middleware/request_id.rb:34:in `call'
rack (3.1.8) lib/rack/method_override.rb:28:in `call'
rack (3.1.8) lib/rack/runtime.rb:24:in `call'
actionpack (8.0.0) lib/action_dispatch/middleware/server_timing.rb:61:in `block in call'
actionpack (8.0.0) lib/action_dispatch/middleware/server_timing.rb:26:in `collect_events'
actionpack (8.0.0) lib/action_dispatch/middleware/server_timing.rb:60:in `call'
actionpack (8.0.0) lib/action_dispatch/middleware/executor.rb:16:in `call'
actionpack (8.0.0) lib/action_dispatch/middleware/static.rb:27:in `call'
rack (3.1.8) lib/rack/sendfile.rb:114:in `call'
actionpack (8.0.0) lib/action_dispatch/middleware/host_authorization.rb:143:in `call'
railties (8.0.0) lib/rails/engine.rb:535:in `call'
puma (6.4.3) lib/puma/configuration.rb:272:in `call'
puma (6.4.3) lib/puma/request.rb:100:in `block in handle_request'
puma (6.4.3) lib/puma/thread_pool.rb:378:in `with_force_shutdown'
puma (6.4.3) lib/puma/request.rb:99:in `handle_request'
puma (6.4.3) lib/puma/server.rb:464:in `process_client'
puma (6.4.3) lib/puma/server.rb:245:in `block in run'
puma (6.4.3) lib/puma/thread_pool.rb:155:in `block in spawn_thread'
Started GET "/money_trackers" for 127.0.0.1 at 2024-12-10 19:17:46 +0545
  
ActiveRecord::ConnectionNotEstablished (connection to server at "127.0.0.1", port 5432 failed: Connection refused
	Is the server running on that host and accepting TCP/IP connections?
)
Caused by: PG::ConnectionBad (connection to server at "127.0.0.1", port 5432 failed: Connection refused
	Is the server running on that host and accepting TCP/IP connections?
)

Information for: ActiveRecord::ConnectionNotEstablished (connection to server at "127.0.0.1", port 5432 failed: Connection refused
	Is the server running on that host and accepting TCP/IP connections?
):
  
activerecord (8.0.0) lib/active_record/connection_adapters/postgresql_adapter.rb:69:in `rescue in new_client'
activerecord (8.0.0) lib/active_record/connection_adapters/postgresql_adapter.rb:57:in `new_client'
activerecord (8.0.0) lib/active_record/connection_adapters/postgresql_adapter.rb:934:in `connect'
activerecord (8.0.0) lib/active_record/connection_adapters/postgresql_adapter.rb:946:in `reconnect'
activerecord (8.0.0) lib/active_record/connection_adapters/abstract_adapter.rb:669:in `block in reconnect!'
activesupport (8.0.0) lib/active_support/concurrency/null_lock.rb:9:in `synchronize'
activerecord (8.0.0) lib/active_record/connection_adapters/abstract_adapter.rb:668:in `reconnect!'
activerecord (8.0.0) lib/active_record/connection_adapters/abstract_adapter.rb:770:in `block in verify!'
activesupport (8.0.0) lib/active_support/concurrency/null_lock.rb:9:in `synchronize'
activerecord (8.0.0) lib/active_record/connection_adapters/abstract_adapter.rb:761:in `verify!'
activerecord (8.0.0) lib/active_record/connection_adapters/abstract_adapter.rb:778:in `connect!'
activerecord (8.0.0) lib/active_record/connection_adapters/abstract_adapter.rb:984:in `block in with_raw_connection'
activesupport (8.0.0) lib/active_support/concurrency/null_lock.rb:9:in `synchronize'
activerecord (8.0.0) lib/active_record/connection_adapters/abstract_adapter.rb:983:in `with_raw_connection'
activerecord (8.0.0) lib/active_record/connection_adapters/postgresql/quoting.rb:128:in `quote_string'
activerecord (8.0.0) lib/active_record/connection_adapters/abstract/quoting.rb:76:in `quote'
activerecord (8.0.0) lib/active_record/connection_adapters/postgresql/quoting.rb:122:in `quote'
activerecord (8.0.0) lib/active_record/connection_adapters/postgresql/schema_statements.rb:1142:in `quoted_scope'
activerecord (8.0.0) lib/active_record/connection_adapters/postgresql/schema_statements.rb:1119:in `data_source_sql'
activerecord (8.0.0) lib/active_record/connection_adapters/abstract/schema_statements.rb:60:in `table_exists?'
activerecord (8.0.0) lib/active_record/schema_migration.rb:55:in `block in create_table'
activerecord (8.0.0) lib/active_record/connection_adapters/abstract/connection_pool.rb:412:in `with_connection'
activerecord (8.0.0) lib/active_record/schema_migration.rb:54:in `create_table'
activerecord (8.0.0) lib/active_record/migration.rb:1431:in `initialize'
activerecord (8.0.0) lib/active_record/migration.rb:1279:in `new'
activerecord (8.0.0) lib/active_record/migration.rb:1279:in `open'
activerecord (8.0.0) lib/active_record/migration.rb:763:in `block (2 levels) in pending_migrations'
activerecord (8.0.0) lib/active_record/migration/pending_migration_connection.rb:8:in `with_temporary_pool'
activerecord (8.0.0) lib/active_record/migration.rb:762:in `block in pending_migrations'
activerecord (8.0.0) lib/active_record/migration.rb:761:in `each'
activerecord (8.0.0) lib/active_record/migration.rb:761:in `pending_migrations'
activerecord (8.0.0) lib/active_record/migration.rb:740:in `check_pending_migrations'
activerecord (8.0.0) lib/active_record/migration.rb:660:in `block (2 levels) in call'
activesupport (8.0.0) lib/active_support/file_update_checker.rb:85:in `execute'
activerecord (8.0.0) lib/active_record/migration.rb:665:in `block in call'
activerecord (8.0.0) lib/active_record/migration.rb:657:in `synchronize'
activerecord (8.0.0) lib/active_record/migration.rb:657:in `call'
actionpack (8.0.0) lib/action_dispatch/middleware/callbacks.rb:31:in `block in call'
activesupport (8.0.0) lib/active_support/callbacks.rb:100:in `run_callbacks'
actionpack (8.0.0) lib/action_dispatch/middleware/callbacks.rb:30:in `call'
actionpack (8.0.0) lib/action_dispatch/middleware/executor.rb:16:in `call'
actionpack (8.0.0) lib/action_dispatch/middleware/actionable_exceptions.rb:18:in `call'
actionpack (8.0.0) lib/action_dispatch/middleware/debug_exceptions.rb:31:in `call'
web-console (4.2.1) lib/web_console/middleware.rb:132:in `call_app'
web-console (4.2.1) lib/web_console/middleware.rb:28:in `block in call'
web-console (4.2.1) lib/web_console/middleware.rb:17:in `catch'
web-console (4.2.1) lib/web_console/middleware.rb:17:in `call'
actionpack (8.0.0) lib/action_dispatch/middleware/show_exceptions.rb:32:in `call'
railties (8.0.0) lib/rails/rack/logger.rb:41:in `call_app'
railties (8.0.0) lib/rails/rack/logger.rb:29:in `call'
actionpack (8.0.0) lib/action_dispatch/middleware/remote_ip.rb:96:in `call'
actionpack (8.0.0) lib/action_dispatch/middleware/request_id.rb:34:in `call'
rack (3.1.8) lib/rack/method_override.rb:28:in `call'
rack (3.1.8) lib/rack/runtime.rb:24:in `call'
actionpack (8.0.0) lib/action_dispatch/middleware/server_timing.rb:61:in `block in call'
actionpack (8.0.0) lib/action_dispatch/middleware/server_timing.rb:26:in `collect_events'
actionpack (8.0.0) lib/action_dispatch/middleware/server_timing.rb:60:in `call'
actionpack (8.0.0) lib/action_dispatch/middleware/executor.rb:16:in `call'
actionpack (8.0.0) lib/action_dispatch/middleware/static.rb:27:in `call'
rack (3.1.8) lib/rack/sendfile.rb:114:in `call'
actionpack (8.0.0) lib/action_dispatch/middleware/host_authorization.rb:143:in `call'
railties (8.0.0) lib/rails/engine.rb:535:in `call'
puma (6.4.3) lib/puma/configuration.rb:272:in `call'
puma (6.4.3) lib/puma/request.rb:100:in `block in handle_request'
puma (6.4.3) lib/puma/thread_pool.rb:378:in `with_force_shutdown'
puma (6.4.3) lib/puma/request.rb:99:in `handle_request'
puma (6.4.3) lib/puma/server.rb:464:in `process_client'
puma (6.4.3) lib/puma/server.rb:245:in `block in run'
puma (6.4.3) lib/puma/thread_pool.rb:155:in `block in spawn_thread'

Information for cause: PG::ConnectionBad (connection to server at "127.0.0.1", port 5432 failed: Connection refused
	Is the server running on that host and accepting TCP/IP connections?
):
  
pg (1.5.9) lib/pg/connection.rb:709:in `async_connect_or_reset'
pg (1.5.9) lib/pg/connection.rb:844:in `connect_to_hosts'
pg (1.5.9) lib/pg/connection.rb:772:in `new'
pg (1.5.9) lib/pg.rb:63:in `connect'
activerecord (8.0.0) lib/active_record/connection_adapters/postgresql_adapter.rb:58:in `new_client'
activerecord (8.0.0) lib/active_record/connection_adapters/postgresql_adapter.rb:934:in `connect'
activerecord (8.0.0) lib/active_record/connection_adapters/postgresql_adapter.rb:946:in `reconnect'
activerecord (8.0.0) lib/active_record/connection_adapters/abstract_adapter.rb:669:in `block in reconnect!'
activesupport (8.0.0) lib/active_support/concurrency/null_lock.rb:9:in `synchronize'
activerecord (8.0.0) lib/active_record/connection_adapters/abstract_adapter.rb:668:in `reconnect!'
activerecord (8.0.0) lib/active_record/connection_adapters/abstract_adapter.rb:770:in `block in verify!'
activesupport (8.0.0) lib/active_support/concurrency/null_lock.rb:9:in `synchronize'
activerecord (8.0.0) lib/active_record/connection_adapters/abstract_adapter.rb:761:in `verify!'
activerecord (8.0.0) lib/active_record/connection_adapters/abstract_adapter.rb:778:in `connect!'
activerecord (8.0.0) lib/active_record/connection_adapters/abstract_adapter.rb:984:in `block in with_raw_connection'
activesupport (8.0.0) lib/active_support/concurrency/null_lock.rb:9:in `synchronize'
activerecord (8.0.0) lib/active_record/connection_adapters/abstract_adapter.rb:983:in `with_raw_connection'
activerecord (8.0.0) lib/active_record/connection_adapters/postgresql/quoting.rb:128:in `quote_string'
activerecord (8.0.0) lib/active_record/connection_adapters/abstract/quoting.rb:76:in `quote'
activerecord (8.0.0) lib/active_record/connection_adapters/postgresql/quoting.rb:122:in `quote'
activerecord (8.0.0) lib/active_record/connection_adapters/postgresql/schema_statements.rb:1142:in `quoted_scope'
activerecord (8.0.0) lib/active_record/connection_adapters/postgresql/schema_statements.rb:1119:in `data_source_sql'
activerecord (8.0.0) lib/active_record/connection_adapters/abstract/schema_statements.rb:60:in `table_exists?'
activerecord (8.0.0) lib/active_record/schema_migration.rb:55:in `block in create_table'
activerecord (8.0.0) lib/active_record/connection_adapters/abstract/connection_pool.rb:412:in `with_connection'
activerecord (8.0.0) lib/active_record/schema_migration.rb:54:in `create_table'
activerecord (8.0.0) lib/active_record/migration.rb:1431:in `initialize'
activerecord (8.0.0) lib/active_record/migration.rb:1279:in `new'
activerecord (8.0.0) lib/active_record/migration.rb:1279:in `open'
activerecord (8.0.0) lib/active_record/migration.rb:763:in `block (2 levels) in pending_migrations'
activerecord (8.0.0) lib/active_record/migration/pending_migration_connection.rb:8:in `with_temporary_pool'
activerecord (8.0.0) lib/active_record/migration.rb:762:in `block in pending_migrations'
activerecord (8.0.0) lib/active_record/migration.rb:761:in `each'
activerecord (8.0.0) lib/active_record/migration.rb:761:in `pending_migrations'
activerecord (8.0.0) lib/active_record/migration.rb:740:in `check_pending_migrations'
activerecord (8.0.0) lib/active_record/migration.rb:660:in `block (2 levels) in call'
activesupport (8.0.0) lib/active_support/file_update_checker.rb:85:in `execute'
activerecord (8.0.0) lib/active_record/migration.rb:665:in `block in call'
activerecord (8.0.0) lib/active_record/migration.rb:657:in `synchronize'
activerecord (8.0.0) lib/active_record/migration.rb:657:in `call'
actionpack (8.0.0) lib/action_dispatch/middleware/callbacks.rb:31:in `block in call'
activesupport (8.0.0) lib/active_support/callbacks.rb:100:in `run_callbacks'
actionpack (8.0.0) lib/action_dispatch/middleware/callbacks.rb:30:in `call'
actionpack (8.0.0) lib/action_dispatch/middleware/executor.rb:16:in `call'
actionpack (8.0.0) lib/action_dispatch/middleware/actionable_exceptions.rb:18:in `call'
actionpack (8.0.0) lib/action_dispatch/middleware/debug_exceptions.rb:31:in `call'
web-console (4.2.1) lib/web_console/middleware.rb:132:in `call_app'
web-console (4.2.1) lib/web_console/middleware.rb:28:in `block in call'
web-console (4.2.1) lib/web_console/middleware.rb:17:in `catch'
web-console (4.2.1) lib/web_console/middleware.rb:17:in `call'
actionpack (8.0.0) lib/action_dispatch/middleware/show_exceptions.rb:32:in `call'
railties (8.0.0) lib/rails/rack/logger.rb:41:in `call_app'
railties (8.0.0) lib/rails/rack/logger.rb:29:in `call'
actionpack (8.0.0) lib/action_dispatch/middleware/remote_ip.rb:96:in `call'
actionpack (8.0.0) lib/action_dispatch/middleware/request_id.rb:34:in `call'
rack (3.1.8) lib/rack/method_override.rb:28:in `call'
rack (3.1.8) lib/rack/runtime.rb:24:in `call'
actionpack (8.0.0) lib/action_dispatch/middleware/server_timing.rb:61:in `block in call'
actionpack (8.0.0) lib/action_dispatch/middleware/server_timing.rb:26:in `collect_events'
actionpack (8.0.0) lib/action_dispatch/middleware/server_timing.rb:60:in `call'
actionpack (8.0.0) lib/action_dispatch/middleware/executor.rb:16:in `call'
actionpack (8.0.0) lib/action_dispatch/middleware/static.rb:27:in `call'
rack (3.1.8) lib/rack/sendfile.rb:114:in `call'
actionpack (8.0.0) lib/action_dispatch/middleware/host_authorization.rb:143:in `call'
railties (8.0.0) lib/rails/engine.rb:535:in `call'
puma (6.4.3) lib/puma/configuration.rb:272:in `call'
puma (6.4.3) lib/puma/request.rb:100:in `block in handle_request'
puma (6.4.3) lib/puma/thread_pool.rb:378:in `with_force_shutdown'
puma (6.4.3) lib/puma/request.rb:99:in `handle_request'
puma (6.4.3) lib/puma/server.rb:464:in `process_client'
puma (6.4.3) lib/puma/server.rb:245:in `block in run'
puma (6.4.3) lib/puma/thread_pool.rb:155:in `block in spawn_thread'
Started GET "/favicon.ico" for 127.0.0.1 at 2024-12-10 19:17:47 +0545
  
ActiveRecord::ConnectionNotEstablished (connection to server at "127.0.0.1", port 5432 failed: Connection refused
	Is the server running on that host and accepting TCP/IP connections?
)
Caused by: PG::ConnectionBad (connection to server at "127.0.0.1", port 5432 failed: Connection refused
	Is the server running on that host and accepting TCP/IP connections?
)

Information for: ActiveRecord::ConnectionNotEstablished (connection to server at "127.0.0.1", port 5432 failed: Connection refused
	Is the server running on that host and accepting TCP/IP connections?
):
  
activerecord (8.0.0) lib/active_record/connection_adapters/postgresql_adapter.rb:69:in `rescue in new_client'
activerecord (8.0.0) lib/active_record/connection_adapters/postgresql_adapter.rb:57:in `new_client'
activerecord (8.0.0) lib/active_record/connection_adapters/postgresql_adapter.rb:934:in `connect'
activerecord (8.0.0) lib/active_record/connection_adapters/postgresql_adapter.rb:946:in `reconnect'
activerecord (8.0.0) lib/active_record/connection_adapters/abstract_adapter.rb:669:in `block in reconnect!'
activesupport (8.0.0) lib/active_support/concurrency/null_lock.rb:9:in `synchronize'
activerecord (8.0.0) lib/active_record/connection_adapters/abstract_adapter.rb:668:in `reconnect!'
activerecord (8.0.0) lib/active_record/connection_adapters/abstract_adapter.rb:770:in `block in verify!'
activesupport (8.0.0) lib/active_support/concurrency/null_lock.rb:9:in `synchronize'
activerecord (8.0.0) lib/active_record/connection_adapters/abstract_adapter.rb:761:in `verify!'
activerecord (8.0.0) lib/active_record/connection_adapters/abstract_adapter.rb:778:in `connect!'
activerecord (8.0.0) lib/active_record/connection_adapters/abstract_adapter.rb:984:in `block in with_raw_connection'
activesupport (8.0.0) lib/active_support/concurrency/null_lock.rb:9:in `synchronize'
activerecord (8.0.0) lib/active_record/connection_adapters/abstract_adapter.rb:983:in `with_raw_connection'
activerecord (8.0.0) lib/active_record/connection_adapters/postgresql/quoting.rb:128:in `quote_string'
activerecord (8.0.0) lib/active_record/connection_adapters/abstract/quoting.rb:76:in `quote'
activerecord (8.0.0) lib/active_record/connection_adapters/postgresql/quoting.rb:122:in `quote'
activerecord (8.0.0) lib/active_record/connection_adapters/postgresql/schema_statements.rb:1142:in `quoted_scope'
activerecord (8.0.0) lib/active_record/connection_adapters/postgresql/schema_statements.rb:1119:in `data_source_sql'
activerecord (8.0.0) lib/active_record/connection_adapters/abstract/schema_statements.rb:60:in `table_exists?'
activerecord (8.0.0) lib/active_record/schema_migration.rb:55:in `block in create_table'
activerecord (8.0.0) lib/active_record/connection_adapters/abstract/connection_pool.rb:412:in `with_connection'
activerecord (8.0.0) lib/active_record/schema_migration.rb:54:in `create_table'
activerecord (8.0.0) lib/active_record/migration.rb:1431:in `initialize'
activerecord (8.0.0) lib/active_record/migration.rb:1279:in `new'
activerecord (8.0.0) lib/active_record/migration.rb:1279:in `open'
activerecord (8.0.0) lib/active_record/migration.rb:763:in `block (2 levels) in pending_migrations'
activerecord (8.0.0) lib/active_record/migration/pending_migration_connection.rb:8:in `with_temporary_pool'
activerecord (8.0.0) lib/active_record/migration.rb:762:in `block in pending_migrations'
activerecord (8.0.0) lib/active_record/migration.rb:761:in `each'
activerecord (8.0.0) lib/active_record/migration.rb:761:in `pending_migrations'
activerecord (8.0.0) lib/active_record/migration.rb:740:in `check_pending_migrations'
activerecord (8.0.0) lib/active_record/migration.rb:660:in `block (2 levels) in call'
activesupport (8.0.0) lib/active_support/file_update_checker.rb:85:in `execute'
activerecord (8.0.0) lib/active_record/migration.rb:665:in `block in call'
activerecord (8.0.0) lib/active_record/migration.rb:657:in `synchronize'
activerecord (8.0.0) lib/active_record/migration.rb:657:in `call'
actionpack (8.0.0) lib/action_dispatch/middleware/callbacks.rb:31:in `block in call'
activesupport (8.0.0) lib/active_support/callbacks.rb:100:in `run_callbacks'
actionpack (8.0.0) lib/action_dispatch/middleware/callbacks.rb:30:in `call'
actionpack (8.0.0) lib/action_dispatch/middleware/executor.rb:16:in `call'
actionpack (8.0.0) lib/action_dispatch/middleware/actionable_exceptions.rb:18:in `call'
actionpack (8.0.0) lib/action_dispatch/middleware/debug_exceptions.rb:31:in `call'
web-console (4.2.1) lib/web_console/middleware.rb:132:in `call_app'
web-console (4.2.1) lib/web_console/middleware.rb:28:in `block in call'
web-console (4.2.1) lib/web_console/middleware.rb:17:in `catch'
web-console (4.2.1) lib/web_console/middleware.rb:17:in `call'
actionpack (8.0.0) lib/action_dispatch/middleware/show_exceptions.rb:32:in `call'
railties (8.0.0) lib/rails/rack/logger.rb:41:in `call_app'
railties (8.0.0) lib/rails/rack/logger.rb:29:in `call'
actionpack (8.0.0) lib/action_dispatch/middleware/remote_ip.rb:96:in `call'
actionpack (8.0.0) lib/action_dispatch/middleware/request_id.rb:34:in `call'
rack (3.1.8) lib/rack/method_override.rb:28:in `call'
rack (3.1.8) lib/rack/runtime.rb:24:in `call'
actionpack (8.0.0) lib/action_dispatch/middleware/server_timing.rb:61:in `block in call'
actionpack (8.0.0) lib/action_dispatch/middleware/server_timing.rb:26:in `collect_events'
actionpack (8.0.0) lib/action_dispatch/middleware/server_timing.rb:60:in `call'
actionpack (8.0.0) lib/action_dispatch/middleware/executor.rb:16:in `call'
actionpack (8.0.0) lib/action_dispatch/middleware/static.rb:27:in `call'
rack (3.1.8) lib/rack/sendfile.rb:114:in `call'
actionpack (8.0.0) lib/action_dispatch/middleware/host_authorization.rb:143:in `call'
railties (8.0.0) lib/rails/engine.rb:535:in `call'
puma (6.4.3) lib/puma/configuration.rb:272:in `call'
puma (6.4.3) lib/puma/request.rb:100:in `block in handle_request'
puma (6.4.3) lib/puma/thread_pool.rb:378:in `with_force_shutdown'
puma (6.4.3) lib/puma/request.rb:99:in `handle_request'
puma (6.4.3) lib/puma/server.rb:464:in `process_client'
puma (6.4.3) lib/puma/server.rb:245:in `block in run'
puma (6.4.3) lib/puma/thread_pool.rb:155:in `block in spawn_thread'

Information for cause: PG::ConnectionBad (connection to server at "127.0.0.1", port 5432 failed: Connection refused
	Is the server running on that host and accepting TCP/IP connections?
):
  
pg (1.5.9) lib/pg/connection.rb:709:in `async_connect_or_reset'
pg (1.5.9) lib/pg/connection.rb:844:in `connect_to_hosts'
pg (1.5.9) lib/pg/connection.rb:772:in `new'
pg (1.5.9) lib/pg.rb:63:in `connect'
activerecord (8.0.0) lib/active_record/connection_adapters/postgresql_adapter.rb:58:in `new_client'
activerecord (8.0.0) lib/active_record/connection_adapters/postgresql_adapter.rb:934:in `connect'
activerecord (8.0.0) lib/active_record/connection_adapters/postgresql_adapter.rb:946:in `reconnect'
activerecord (8.0.0) lib/active_record/connection_adapters/abstract_adapter.rb:669:in `block in reconnect!'
activesupport (8.0.0) lib/active_support/concurrency/null_lock.rb:9:in `synchronize'
activerecord (8.0.0) lib/active_record/connection_adapters/abstract_adapter.rb:668:in `reconnect!'
activerecord (8.0.0) lib/active_record/connection_adapters/abstract_adapter.rb:770:in `block in verify!'
activesupport (8.0.0) lib/active_support/concurrency/null_lock.rb:9:in `synchronize'
activerecord (8.0.0) lib/active_record/connection_adapters/abstract_adapter.rb:761:in `verify!'
activerecord (8.0.0) lib/active_record/connection_adapters/abstract_adapter.rb:778:in `connect!'
activerecord (8.0.0) lib/active_record/connection_adapters/abstract_adapter.rb:984:in `block in with_raw_connection'
activesupport (8.0.0) lib/active_support/concurrency/null_lock.rb:9:in `synchronize'
activerecord (8.0.0) lib/active_record/connection_adapters/abstract_adapter.rb:983:in `with_raw_connection'
activerecord (8.0.0) lib/active_record/connection_adapters/postgresql/quoting.rb:128:in `quote_string'
activerecord (8.0.0) lib/active_record/connection_adapters/abstract/quoting.rb:76:in `quote'
activerecord (8.0.0) lib/active_record/connection_adapters/postgresql/quoting.rb:122:in `quote'
activerecord (8.0.0) lib/active_record/connection_adapters/postgresql/schema_statements.rb:1142:in `quoted_scope'
activerecord (8.0.0) lib/active_record/connection_adapters/postgresql/schema_statements.rb:1119:in `data_source_sql'
activerecord (8.0.0) lib/active_record/connection_adapters/abstract/schema_statements.rb:60:in `table_exists?'
activerecord (8.0.0) lib/active_record/schema_migration.rb:55:in `block in create_table'
activerecord (8.0.0) lib/active_record/connection_adapters/abstract/connection_pool.rb:412:in `with_connection'
activerecord (8.0.0) lib/active_record/schema_migration.rb:54:in `create_table'
activerecord (8.0.0) lib/active_record/migration.rb:1431:in `initialize'
activerecord (8.0.0) lib/active_record/migration.rb:1279:in `new'
activerecord (8.0.0) lib/active_record/migration.rb:1279:in `open'
activerecord (8.0.0) lib/active_record/migration.rb:763:in `block (2 levels) in pending_migrations'
activerecord (8.0.0) lib/active_record/migration/pending_migration_connection.rb:8:in `with_temporary_pool'
activerecord (8.0.0) lib/active_record/migration.rb:762:in `block in pending_migrations'
activerecord (8.0.0) lib/active_record/migration.rb:761:in `each'
activerecord (8.0.0) lib/active_record/migration.rb:761:in `pending_migrations'
activerecord (8.0.0) lib/active_record/migration.rb:740:in `check_pending_migrations'
activerecord (8.0.0) lib/active_record/migration.rb:660:in `block (2 levels) in call'
activesupport (8.0.0) lib/active_support/file_update_checker.rb:85:in `execute'
activerecord (8.0.0) lib/active_record/migration.rb:665:in `block in call'
activerecord (8.0.0) lib/active_record/migration.rb:657:in `synchronize'
activerecord (8.0.0) lib/active_record/migration.rb:657:in `call'
actionpack (8.0.0) lib/action_dispatch/middleware/callbacks.rb:31:in `block in call'
activesupport (8.0.0) lib/active_support/callbacks.rb:100:in `run_callbacks'
actionpack (8.0.0) lib/action_dispatch/middleware/callbacks.rb:30:in `call'
actionpack (8.0.0) lib/action_dispatch/middleware/executor.rb:16:in `call'
actionpack (8.0.0) lib/action_dispatch/middleware/actionable_exceptions.rb:18:in `call'
actionpack (8.0.0) lib/action_dispatch/middleware/debug_exceptions.rb:31:in `call'
web-console (4.2.1) lib/web_console/middleware.rb:132:in `call_app'
web-console (4.2.1) lib/web_console/middleware.rb:28:in `block in call'
web-console (4.2.1) lib/web_console/middleware.rb:17:in `catch'
web-console (4.2.1) lib/web_console/middleware.rb:17:in `call'
actionpack (8.0.0) lib/action_dispatch/middleware/show_exceptions.rb:32:in `call'
railties (8.0.0) lib/rails/rack/logger.rb:41:in `call_app'
railties (8.0.0) lib/rails/rack/logger.rb:29:in `call'
actionpack (8.0.0) lib/action_dispatch/middleware/remote_ip.rb:96:in `call'
actionpack (8.0.0) lib/action_dispatch/middleware/request_id.rb:34:in `call'
rack (3.1.8) lib/rack/method_override.rb:28:in `call'
rack (3.1.8) lib/rack/runtime.rb:24:in `call'
actionpack (8.0.0) lib/action_dispatch/middleware/server_timing.rb:61:in `block in call'
actionpack (8.0.0) lib/action_dispatch/middleware/server_timing.rb:26:in `collect_events'
actionpack (8.0.0) lib/action_dispatch/middleware/server_timing.rb:60:in `call'
actionpack (8.0.0) lib/action_dispatch/middleware/executor.rb:16:in `call'
actionpack (8.0.0) lib/action_dispatch/middleware/static.rb:27:in `call'
rack (3.1.8) lib/rack/sendfile.rb:114:in `call'
actionpack (8.0.0) lib/action_dispatch/middleware/host_authorization.rb:143:in `call'
railties (8.0.0) lib/rails/engine.rb:535:in `call'
puma (6.4.3) lib/puma/configuration.rb:272:in `call'
puma (6.4.3) lib/puma/request.rb:100:in `block in handle_request'
puma (6.4.3) lib/puma/thread_pool.rb:378:in `with_force_shutdown'
puma (6.4.3) lib/puma/request.rb:99:in `handle_request'
puma (6.4.3) lib/puma/server.rb:464:in `process_client'
puma (6.4.3) lib/puma/server.rb:245:in `block in run'
puma (6.4.3) lib/puma/thread_pool.rb:155:in `block in spawn_thread'
Started GET "/money_trackers" for 127.0.0.1 at 2024-12-10 19:24:15 +0545
  
ActiveRecord::ConnectionNotEstablished (connection to server at "127.0.0.1", port 5432 failed: Connection refused
	Is the server running on that host and accepting TCP/IP connections?
)
Caused by: PG::ConnectionBad (connection to server at "127.0.0.1", port 5432 failed: Connection refused
	Is the server running on that host and accepting TCP/IP connections?
)

Information for: ActiveRecord::ConnectionNotEstablished (connection to server at "127.0.0.1", port 5432 failed: Connection refused
	Is the server running on that host and accepting TCP/IP connections?
):
  
activerecord (8.0.0) lib/active_record/connection_adapters/postgresql_adapter.rb:69:in `rescue in new_client'
activerecord (8.0.0) lib/active_record/connection_adapters/postgresql_adapter.rb:57:in `new_client'
activerecord (8.0.0) lib/active_record/connection_adapters/postgresql_adapter.rb:934:in `connect'
activerecord (8.0.0) lib/active_record/connection_adapters/postgresql_adapter.rb:946:in `reconnect'
activerecord (8.0.0) lib/active_record/connection_adapters/abstract_adapter.rb:669:in `block in reconnect!'
activesupport (8.0.0) lib/active_support/concurrency/null_lock.rb:9:in `synchronize'
activerecord (8.0.0) lib/active_record/connection_adapters/abstract_adapter.rb:668:in `reconnect!'
activerecord (8.0.0) lib/active_record/connection_adapters/abstract_adapter.rb:770:in `block in verify!'
activesupport (8.0.0) lib/active_support/concurrency/null_lock.rb:9:in `synchronize'
activerecord (8.0.0) lib/active_record/connection_adapters/abstract_adapter.rb:761:in `verify!'
activerecord (8.0.0) lib/active_record/connection_adapters/abstract_adapter.rb:778:in `connect!'
activerecord (8.0.0) lib/active_record/connection_adapters/abstract_adapter.rb:984:in `block in with_raw_connection'
activesupport (8.0.0) lib/active_support/concurrency/null_lock.rb:9:in `synchronize'
activerecord (8.0.0) lib/active_record/connection_adapters/abstract_adapter.rb:983:in `with_raw_connection'
activerecord (8.0.0) lib/active_record/connection_adapters/postgresql/quoting.rb:128:in `quote_string'
activerecord (8.0.0) lib/active_record/connection_adapters/abstract/quoting.rb:76:in `quote'
activerecord (8.0.0) lib/active_record/connection_adapters/postgresql/quoting.rb:122:in `quote'
activerecord (8.0.0) lib/active_record/connection_adapters/postgresql/schema_statements.rb:1142:in `quoted_scope'
activerecord (8.0.0) lib/active_record/connection_adapters/postgresql/schema_statements.rb:1119:in `data_source_sql'
activerecord (8.0.0) lib/active_record/connection_adapters/abstract/schema_statements.rb:60:in `table_exists?'
activerecord (8.0.0) lib/active_record/schema_migration.rb:55:in `block in create_table'
activerecord (8.0.0) lib/active_record/connection_adapters/abstract/connection_pool.rb:412:in `with_connection'
activerecord (8.0.0) lib/active_record/schema_migration.rb:54:in `create_table'
activerecord (8.0.0) lib/active_record/migration.rb:1431:in `initialize'
activerecord (8.0.0) lib/active_record/migration.rb:1279:in `new'
activerecord (8.0.0) lib/active_record/migration.rb:1279:in `open'
activerecord (8.0.0) lib/active_record/migration.rb:763:in `block (2 levels) in pending_migrations'
activerecord (8.0.0) lib/active_record/migration/pending_migration_connection.rb:8:in `with_temporary_pool'
activerecord (8.0.0) lib/active_record/migration.rb:762:in `block in pending_migrations'
activerecord (8.0.0) lib/active_record/migration.rb:761:in `each'
activerecord (8.0.0) lib/active_record/migration.rb:761:in `pending_migrations'
activerecord (8.0.0) lib/active_record/migration.rb:740:in `check_pending_migrations'
activerecord (8.0.0) lib/active_record/migration.rb:660:in `block (2 levels) in call'
activesupport (8.0.0) lib/active_support/file_update_checker.rb:85:in `execute'
activerecord (8.0.0) lib/active_record/migration.rb:665:in `block in call'
activerecord (8.0.0) lib/active_record/migration.rb:657:in `synchronize'
activerecord (8.0.0) lib/active_record/migration.rb:657:in `call'
actionpack (8.0.0) lib/action_dispatch/middleware/callbacks.rb:31:in `block in call'
activesupport (8.0.0) lib/active_support/callbacks.rb:100:in `run_callbacks'
actionpack (8.0.0) lib/action_dispatch/middleware/callbacks.rb:30:in `call'
actionpack (8.0.0) lib/action_dispatch/middleware/executor.rb:16:in `call'
actionpack (8.0.0) lib/action_dispatch/middleware/actionable_exceptions.rb:18:in `call'
actionpack (8.0.0) lib/action_dispatch/middleware/debug_exceptions.rb:31:in `call'
web-console (4.2.1) lib/web_console/middleware.rb:132:in `call_app'
web-console (4.2.1) lib/web_console/middleware.rb:28:in `block in call'
web-console (4.2.1) lib/web_console/middleware.rb:17:in `catch'
web-console (4.2.1) lib/web_console/middleware.rb:17:in `call'
actionpack (8.0.0) lib/action_dispatch/middleware/show_exceptions.rb:32:in `call'
railties (8.0.0) lib/rails/rack/logger.rb:41:in `call_app'
railties (8.0.0) lib/rails/rack/logger.rb:29:in `call'
actionpack (8.0.0) lib/action_dispatch/middleware/remote_ip.rb:96:in `call'
actionpack (8.0.0) lib/action_dispatch/middleware/request_id.rb:34:in `call'
rack (3.1.8) lib/rack/method_override.rb:28:in `call'
rack (3.1.8) lib/rack/runtime.rb:24:in `call'
actionpack (8.0.0) lib/action_dispatch/middleware/server_timing.rb:61:in `block in call'
actionpack (8.0.0) lib/action_dispatch/middleware/server_timing.rb:26:in `collect_events'
actionpack (8.0.0) lib/action_dispatch/middleware/server_timing.rb:60:in `call'
actionpack (8.0.0) lib/action_dispatch/middleware/executor.rb:16:in `call'
actionpack (8.0.0) lib/action_dispatch/middleware/static.rb:27:in `call'
rack (3.1.8) lib/rack/sendfile.rb:114:in `call'
actionpack (8.0.0) lib/action_dispatch/middleware/host_authorization.rb:143:in `call'
railties (8.0.0) lib/rails/engine.rb:535:in `call'
puma (6.4.3) lib/puma/configuration.rb:272:in `call'
puma (6.4.3) lib/puma/request.rb:100:in `block in handle_request'
puma (6.4.3) lib/puma/thread_pool.rb:378:in `with_force_shutdown'
puma (6.4.3) lib/puma/request.rb:99:in `handle_request'
puma (6.4.3) lib/puma/server.rb:464:in `process_client'
puma (6.4.3) lib/puma/server.rb:245:in `block in run'
puma (6.4.3) lib/puma/thread_pool.rb:155:in `block in spawn_thread'

Information for cause: PG::ConnectionBad (connection to server at "127.0.0.1", port 5432 failed: Connection refused
	Is the server running on that host and accepting TCP/IP connections?
):
  
pg (1.5.9) lib/pg/connection.rb:709:in `async_connect_or_reset'
pg (1.5.9) lib/pg/connection.rb:844:in `connect_to_hosts'
pg (1.5.9) lib/pg/connection.rb:772:in `new'
pg (1.5.9) lib/pg.rb:63:in `connect'
activerecord (8.0.0) lib/active_record/connection_adapters/postgresql_adapter.rb:58:in `new_client'
activerecord (8.0.0) lib/active_record/connection_adapters/postgresql_adapter.rb:934:in `connect'
activerecord (8.0.0) lib/active_record/connection_adapters/postgresql_adapter.rb:946:in `reconnect'
activerecord (8.0.0) lib/active_record/connection_adapters/abstract_adapter.rb:669:in `block in reconnect!'
activesupport (8.0.0) lib/active_support/concurrency/null_lock.rb:9:in `synchronize'
activerecord (8.0.0) lib/active_record/connection_adapters/abstract_adapter.rb:668:in `reconnect!'
activerecord (8.0.0) lib/active_record/connection_adapters/abstract_adapter.rb:770:in `block in verify!'
activesupport (8.0.0) lib/active_support/concurrency/null_lock.rb:9:in `synchronize'
activerecord (8.0.0) lib/active_record/connection_adapters/abstract_adapter.rb:761:in `verify!'
activerecord (8.0.0) lib/active_record/connection_adapters/abstract_adapter.rb:778:in `connect!'
activerecord (8.0.0) lib/active_record/connection_adapters/abstract_adapter.rb:984:in `block in with_raw_connection'
activesupport (8.0.0) lib/active_support/concurrency/null_lock.rb:9:in `synchronize'
activerecord (8.0.0) lib/active_record/connection_adapters/abstract_adapter.rb:983:in `with_raw_connection'
activerecord (8.0.0) lib/active_record/connection_adapters/postgresql/quoting.rb:128:in `quote_string'
activerecord (8.0.0) lib/active_record/connection_adapters/abstract/quoting.rb:76:in `quote'
activerecord (8.0.0) lib/active_record/connection_adapters/postgresql/quoting.rb:122:in `quote'
activerecord (8.0.0) lib/active_record/connection_adapters/postgresql/schema_statements.rb:1142:in `quoted_scope'
activerecord (8.0.0) lib/active_record/connection_adapters/postgresql/schema_statements.rb:1119:in `data_source_sql'
activerecord (8.0.0) lib/active_record/connection_adapters/abstract/schema_statements.rb:60:in `table_exists?'
activerecord (8.0.0) lib/active_record/schema_migration.rb:55:in `block in create_table'
activerecord (8.0.0) lib/active_record/connection_adapters/abstract/connection_pool.rb:412:in `with_connection'
activerecord (8.0.0) lib/active_record/schema_migration.rb:54:in `create_table'
activerecord (8.0.0) lib/active_record/migration.rb:1431:in `initialize'
activerecord (8.0.0) lib/active_record/migration.rb:1279:in `new'
activerecord (8.0.0) lib/active_record/migration.rb:1279:in `open'
activerecord (8.0.0) lib/active_record/migration.rb:763:in `block (2 levels) in pending_migrations'
activerecord (8.0.0) lib/active_record/migration/pending_migration_connection.rb:8:in `with_temporary_pool'
activerecord (8.0.0) lib/active_record/migration.rb:762:in `block in pending_migrations'
activerecord (8.0.0) lib/active_record/migration.rb:761:in `each'
activerecord (8.0.0) lib/active_record/migration.rb:761:in `pending_migrations'
activerecord (8.0.0) lib/active_record/migration.rb:740:in `check_pending_migrations'
activerecord (8.0.0) lib/active_record/migration.rb:660:in `block (2 levels) in call'
activesupport (8.0.0) lib/active_support/file_update_checker.rb:85:in `execute'
activerecord (8.0.0) lib/active_record/migration.rb:665:in `block in call'
activerecord (8.0.0) lib/active_record/migration.rb:657:in `synchronize'
activerecord (8.0.0) lib/active_record/migration.rb:657:in `call'
actionpack (8.0.0) lib/action_dispatch/middleware/callbacks.rb:31:in `block in call'
activesupport (8.0.0) lib/active_support/callbacks.rb:100:in `run_callbacks'
actionpack (8.0.0) lib/action_dispatch/middleware/callbacks.rb:30:in `call'
actionpack (8.0.0) lib/action_dispatch/middleware/executor.rb:16:in `call'
actionpack (8.0.0) lib/action_dispatch/middleware/actionable_exceptions.rb:18:in `call'
actionpack (8.0.0) lib/action_dispatch/middleware/debug_exceptions.rb:31:in `call'
web-console (4.2.1) lib/web_console/middleware.rb:132:in `call_app'
web-console (4.2.1) lib/web_console/middleware.rb:28:in `block in call'
web-console (4.2.1) lib/web_console/middleware.rb:17:in `catch'
web-console (4.2.1) lib/web_console/middleware.rb:17:in `call'
actionpack (8.0.0) lib/action_dispatch/middleware/show_exceptions.rb:32:in `call'
railties (8.0.0) lib/rails/rack/logger.rb:41:in `call_app'
railties (8.0.0) lib/rails/rack/logger.rb:29:in `call'
actionpack (8.0.0) lib/action_dispatch/middleware/remote_ip.rb:96:in `call'
actionpack (8.0.0) lib/action_dispatch/middleware/request_id.rb:34:in `call'
rack (3.1.8) lib/rack/method_override.rb:28:in `call'
rack (3.1.8) lib/rack/runtime.rb:24:in `call'
actionpack (8.0.0) lib/action_dispatch/middleware/server_timing.rb:61:in `block in call'
actionpack (8.0.0) lib/action_dispatch/middleware/server_timing.rb:26:in `collect_events'
actionpack (8.0.0) lib/action_dispatch/middleware/server_timing.rb:60:in `call'
actionpack (8.0.0) lib/action_dispatch/middleware/executor.rb:16:in `call'
actionpack (8.0.0) lib/action_dispatch/middleware/static.rb:27:in `call'
rack (3.1.8) lib/rack/sendfile.rb:114:in `call'
actionpack (8.0.0) lib/action_dispatch/middleware/host_authorization.rb:143:in `call'
railties (8.0.0) lib/rails/engine.rb:535:in `call'
puma (6.4.3) lib/puma/configuration.rb:272:in `call'
puma (6.4.3) lib/puma/request.rb:100:in `block in handle_request'
puma (6.4.3) lib/puma/thread_pool.rb:378:in `with_force_shutdown'
puma (6.4.3) lib/puma/request.rb:99:in `handle_request'
puma (6.4.3) lib/puma/server.rb:464:in `process_client'
puma (6.4.3) lib/puma/server.rb:245:in `block in run'
puma (6.4.3) lib/puma/thread_pool.rb:155:in `block in spawn_thread'
Started GET "/favicon.ico" for 127.0.0.1 at 2024-12-10 19:24:16 +0545
  
ActiveRecord::ConnectionNotEstablished (connection to server at "127.0.0.1", port 5432 failed: Connection refused
	Is the server running on that host and accepting TCP/IP connections?
)
Caused by: PG::ConnectionBad (connection to server at "127.0.0.1", port 5432 failed: Connection refused
	Is the server running on that host and accepting TCP/IP connections?
)

Information for: ActiveRecord::ConnectionNotEstablished (connection to server at "127.0.0.1", port 5432 failed: Connection refused
	Is the server running on that host and accepting TCP/IP connections?
):
  
activerecord (8.0.0) lib/active_record/connection_adapters/postgresql_adapter.rb:69:in `rescue in new_client'
activerecord (8.0.0) lib/active_record/connection_adapters/postgresql_adapter.rb:57:in `new_client'
activerecord (8.0.0) lib/active_record/connection_adapters/postgresql_adapter.rb:934:in `connect'
activerecord (8.0.0) lib/active_record/connection_adapters/postgresql_adapter.rb:946:in `reconnect'
activerecord (8.0.0) lib/active_record/connection_adapters/abstract_adapter.rb:669:in `block in reconnect!'
activesupport (8.0.0) lib/active_support/concurrency/null_lock.rb:9:in `synchronize'
activerecord (8.0.0) lib/active_record/connection_adapters/abstract_adapter.rb:668:in `reconnect!'
activerecord (8.0.0) lib/active_record/connection_adapters/abstract_adapter.rb:770:in `block in verify!'
activesupport (8.0.0) lib/active_support/concurrency/null_lock.rb:9:in `synchronize'
activerecord (8.0.0) lib/active_record/connection_adapters/abstract_adapter.rb:761:in `verify!'
activerecord (8.0.0) lib/active_record/connection_adapters/abstract_adapter.rb:778:in `connect!'
activerecord (8.0.0) lib/active_record/connection_adapters/abstract_adapter.rb:984:in `block in with_raw_connection'
activesupport (8.0.0) lib/active_support/concurrency/null_lock.rb:9:in `synchronize'
activerecord (8.0.0) lib/active_record/connection_adapters/abstract_adapter.rb:983:in `with_raw_connection'
activerecord (8.0.0) lib/active_record/connection_adapters/postgresql/quoting.rb:128:in `quote_string'
activerecord (8.0.0) lib/active_record/connection_adapters/abstract/quoting.rb:76:in `quote'
activerecord (8.0.0) lib/active_record/connection_adapters/postgresql/quoting.rb:122:in `quote'
activerecord (8.0.0) lib/active_record/connection_adapters/postgresql/schema_statements.rb:1142:in `quoted_scope'
activerecord (8.0.0) lib/active_record/connection_adapters/postgresql/schema_statements.rb:1119:in `data_source_sql'
activerecord (8.0.0) lib/active_record/connection_adapters/abstract/schema_statements.rb:60:in `table_exists?'
activerecord (8.0.0) lib/active_record/schema_migration.rb:55:in `block in create_table'
activerecord (8.0.0) lib/active_record/connection_adapters/abstract/connection_pool.rb:412:in `with_connection'
activerecord (8.0.0) lib/active_record/schema_migration.rb:54:in `create_table'
activerecord (8.0.0) lib/active_record/migration.rb:1431:in `initialize'
activerecord (8.0.0) lib/active_record/migration.rb:1279:in `new'
activerecord (8.0.0) lib/active_record/migration.rb:1279:in `open'
activerecord (8.0.0) lib/active_record/migration.rb:763:in `block (2 levels) in pending_migrations'
activerecord (8.0.0) lib/active_record/migration/pending_migration_connection.rb:8:in `with_temporary_pool'
activerecord (8.0.0) lib/active_record/migration.rb:762:in `block in pending_migrations'
activerecord (8.0.0) lib/active_record/migration.rb:761:in `each'
activerecord (8.0.0) lib/active_record/migration.rb:761:in `pending_migrations'
activerecord (8.0.0) lib/active_record/migration.rb:740:in `check_pending_migrations'
activerecord (8.0.0) lib/active_record/migration.rb:660:in `block (2 levels) in call'
activesupport (8.0.0) lib/active_support/file_update_checker.rb:85:in `execute'
activerecord (8.0.0) lib/active_record/migration.rb:665:in `block in call'
activerecord (8.0.0) lib/active_record/migration.rb:657:in `synchronize'
activerecord (8.0.0) lib/active_record/migration.rb:657:in `call'
actionpack (8.0.0) lib/action_dispatch/middleware/callbacks.rb:31:in `block in call'
activesupport (8.0.0) lib/active_support/callbacks.rb:100:in `run_callbacks'
actionpack (8.0.0) lib/action_dispatch/middleware/callbacks.rb:30:in `call'
actionpack (8.0.0) lib/action_dispatch/middleware/executor.rb:16:in `call'
actionpack (8.0.0) lib/action_dispatch/middleware/actionable_exceptions.rb:18:in `call'
actionpack (8.0.0) lib/action_dispatch/middleware/debug_exceptions.rb:31:in `call'
web-console (4.2.1) lib/web_console/middleware.rb:132:in `call_app'
web-console (4.2.1) lib/web_console/middleware.rb:28:in `block in call'
web-console (4.2.1) lib/web_console/middleware.rb:17:in `catch'
web-console (4.2.1) lib/web_console/middleware.rb:17:in `call'
actionpack (8.0.0) lib/action_dispatch/middleware/show_exceptions.rb:32:in `call'
railties (8.0.0) lib/rails/rack/logger.rb:41:in `call_app'
railties (8.0.0) lib/rails/rack/logger.rb:29:in `call'
actionpack (8.0.0) lib/action_dispatch/middleware/remote_ip.rb:96:in `call'
actionpack (8.0.0) lib/action_dispatch/middleware/request_id.rb:34:in `call'
rack (3.1.8) lib/rack/method_override.rb:28:in `call'
rack (3.1.8) lib/rack/runtime.rb:24:in `call'
actionpack (8.0.0) lib/action_dispatch/middleware/server_timing.rb:61:in `block in call'
actionpack (8.0.0) lib/action_dispatch/middleware/server_timing.rb:26:in `collect_events'
actionpack (8.0.0) lib/action_dispatch/middleware/server_timing.rb:60:in `call'
actionpack (8.0.0) lib/action_dispatch/middleware/executor.rb:16:in `call'
actionpack (8.0.0) lib/action_dispatch/middleware/static.rb:27:in `call'
rack (3.1.8) lib/rack/sendfile.rb:114:in `call'
actionpack (8.0.0) lib/action_dispatch/middleware/host_authorization.rb:143:in `call'
railties (8.0.0) lib/rails/engine.rb:535:in `call'
puma (6.4.3) lib/puma/configuration.rb:272:in `call'
puma (6.4.3) lib/puma/request.rb:100:in `block in handle_request'
puma (6.4.3) lib/puma/thread_pool.rb:378:in `with_force_shutdown'
puma (6.4.3) lib/puma/request.rb:99:in `handle_request'
puma (6.4.3) lib/puma/server.rb:464:in `process_client'
puma (6.4.3) lib/puma/server.rb:245:in `block in run'
puma (6.4.3) lib/puma/thread_pool.rb:155:in `block in spawn_thread'

Information for cause: PG::ConnectionBad (connection to server at "127.0.0.1", port 5432 failed: Connection refused
	Is the server running on that host and accepting TCP/IP connections?
):
  
pg (1.5.9) lib/pg/connection.rb:709:in `async_connect_or_reset'
pg (1.5.9) lib/pg/connection.rb:844:in `connect_to_hosts'
pg (1.5.9) lib/pg/connection.rb:772:in `new'
pg (1.5.9) lib/pg.rb:63:in `connect'
activerecord (8.0.0) lib/active_record/connection_adapters/postgresql_adapter.rb:58:in `new_client'
activerecord (8.0.0) lib/active_record/connection_adapters/postgresql_adapter.rb:934:in `connect'
activerecord (8.0.0) lib/active_record/connection_adapters/postgresql_adapter.rb:946:in `reconnect'
activerecord (8.0.0) lib/active_record/connection_adapters/abstract_adapter.rb:669:in `block in reconnect!'
activesupport (8.0.0) lib/active_support/concurrency/null_lock.rb:9:in `synchronize'
activerecord (8.0.0) lib/active_record/connection_adapters/abstract_adapter.rb:668:in `reconnect!'
activerecord (8.0.0) lib/active_record/connection_adapters/abstract_adapter.rb:770:in `block in verify!'
activesupport (8.0.0) lib/active_support/concurrency/null_lock.rb:9:in `synchronize'
activerecord (8.0.0) lib/active_record/connection_adapters/abstract_adapter.rb:761:in `verify!'
activerecord (8.0.0) lib/active_record/connection_adapters/abstract_adapter.rb:778:in `connect!'
activerecord (8.0.0) lib/active_record/connection_adapters/abstract_adapter.rb:984:in `block in with_raw_connection'
activesupport (8.0.0) lib/active_support/concurrency/null_lock.rb:9:in `synchronize'
activerecord (8.0.0) lib/active_record/connection_adapters/abstract_adapter.rb:983:in `with_raw_connection'
activerecord (8.0.0) lib/active_record/connection_adapters/postgresql/quoting.rb:128:in `quote_string'
activerecord (8.0.0) lib/active_record/connection_adapters/abstract/quoting.rb:76:in `quote'
activerecord (8.0.0) lib/active_record/connection_adapters/postgresql/quoting.rb:122:in `quote'
activerecord (8.0.0) lib/active_record/connection_adapters/postgresql/schema_statements.rb:1142:in `quoted_scope'
activerecord (8.0.0) lib/active_record/connection_adapters/postgresql/schema_statements.rb:1119:in `data_source_sql'
activerecord (8.0.0) lib/active_record/connection_adapters/abstract/schema_statements.rb:60:in `table_exists?'
activerecord (8.0.0) lib/active_record/schema_migration.rb:55:in `block in create_table'
activerecord (8.0.0) lib/active_record/connection_adapters/abstract/connection_pool.rb:412:in `with_connection'
activerecord (8.0.0) lib/active_record/schema_migration.rb:54:in `create_table'
activerecord (8.0.0) lib/active_record/migration.rb:1431:in `initialize'
activerecord (8.0.0) lib/active_record/migration.rb:1279:in `new'
activerecord (8.0.0) lib/active_record/migration.rb:1279:in `open'
activerecord (8.0.0) lib/active_record/migration.rb:763:in `block (2 levels) in pending_migrations'
activerecord (8.0.0) lib/active_record/migration/pending_migration_connection.rb:8:in `with_temporary_pool'
activerecord (8.0.0) lib/active_record/migration.rb:762:in `block in pending_migrations'
activerecord (8.0.0) lib/active_record/migration.rb:761:in `each'
activerecord (8.0.0) lib/active_record/migration.rb:761:in `pending_migrations'
activerecord (8.0.0) lib/active_record/migration.rb:740:in `check_pending_migrations'
activerecord (8.0.0) lib/active_record/migration.rb:660:in `block (2 levels) in call'
activesupport (8.0.0) lib/active_support/file_update_checker.rb:85:in `execute'
activerecord (8.0.0) lib/active_record/migration.rb:665:in `block in call'
activerecord (8.0.0) lib/active_record/migration.rb:657:in `synchronize'
activerecord (8.0.0) lib/active_record/migration.rb:657:in `call'
actionpack (8.0.0) lib/action_dispatch/middleware/callbacks.rb:31:in `block in call'
activesupport (8.0.0) lib/active_support/callbacks.rb:100:in `run_callbacks'
actionpack (8.0.0) lib/action_dispatch/middleware/callbacks.rb:30:in `call'
actionpack (8.0.0) lib/action_dispatch/middleware/executor.rb:16:in `call'
actionpack (8.0.0) lib/action_dispatch/middleware/actionable_exceptions.rb:18:in `call'
actionpack (8.0.0) lib/action_dispatch/middleware/debug_exceptions.rb:31:in `call'
web-console (4.2.1) lib/web_console/middleware.rb:132:in `call_app'
web-console (4.2.1) lib/web_console/middleware.rb:28:in `block in call'
web-console (4.2.1) lib/web_console/middleware.rb:17:in `catch'
web-console (4.2.1) lib/web_console/middleware.rb:17:in `call'
actionpack (8.0.0) lib/action_dispatch/middleware/show_exceptions.rb:32:in `call'
railties (8.0.0) lib/rails/rack/logger.rb:41:in `call_app'
railties (8.0.0) lib/rails/rack/logger.rb:29:in `call'
actionpack (8.0.0) lib/action_dispatch/middleware/remote_ip.rb:96:in `call'
actionpack (8.0.0) lib/action_dispatch/middleware/request_id.rb:34:in `call'
rack (3.1.8) lib/rack/method_override.rb:28:in `call'
rack (3.1.8) lib/rack/runtime.rb:24:in `call'
actionpack (8.0.0) lib/action_dispatch/middleware/server_timing.rb:61:in `block in call'
actionpack (8.0.0) lib/action_dispatch/middleware/server_timing.rb:26:in `collect_events'
actionpack (8.0.0) lib/action_dispatch/middleware/server_timing.rb:60:in `call'
actionpack (8.0.0) lib/action_dispatch/middleware/executor.rb:16:in `call'
actionpack (8.0.0) lib/action_dispatch/middleware/static.rb:27:in `call'
rack (3.1.8) lib/rack/sendfile.rb:114:in `call'
actionpack (8.0.0) lib/action_dispatch/middleware/host_authorization.rb:143:in `call'
railties (8.0.0) lib/rails/engine.rb:535:in `call'
puma (6.4.3) lib/puma/configuration.rb:272:in `call'
puma (6.4.3) lib/puma/request.rb:100:in `block in handle_request'
puma (6.4.3) lib/puma/thread_pool.rb:378:in `with_force_shutdown'
puma (6.4.3) lib/puma/request.rb:99:in `handle_request'
puma (6.4.3) lib/puma/server.rb:464:in `process_client'
puma (6.4.3) lib/puma/server.rb:245:in `block in run'
puma (6.4.3) lib/puma/thread_pool.rb:155:in `block in spawn_thread'
Started GET "/money_trackers" for 127.0.0.1 at 2024-12-10 19:44:16 +0545
  
ActiveRecord::ConnectionNotEstablished (connection to server at "127.0.0.1", port 5432 failed: Connection refused
	Is the server running on that host and accepting TCP/IP connections?
)
Caused by: PG::ConnectionBad (connection to server at "127.0.0.1", port 5432 failed: Connection refused
	Is the server running on that host and accepting TCP/IP connections?
)

Information for: ActiveRecord::ConnectionNotEstablished (connection to server at "127.0.0.1", port 5432 failed: Connection refused
	Is the server running on that host and accepting TCP/IP connections?
):
  
activerecord (8.0.0) lib/active_record/connection_adapters/postgresql_adapter.rb:69:in `rescue in new_client'
activerecord (8.0.0) lib/active_record/connection_adapters/postgresql_adapter.rb:57:in `new_client'
activerecord (8.0.0) lib/active_record/connection_adapters/postgresql_adapter.rb:934:in `connect'
activerecord (8.0.0) lib/active_record/connection_adapters/postgresql_adapter.rb:946:in `reconnect'
activerecord (8.0.0) lib/active_record/connection_adapters/abstract_adapter.rb:669:in `block in reconnect!'
activesupport (8.0.0) lib/active_support/concurrency/null_lock.rb:9:in `synchronize'
activerecord (8.0.0) lib/active_record/connection_adapters/abstract_adapter.rb:668:in `reconnect!'
activerecord (8.0.0) lib/active_record/connection_adapters/abstract_adapter.rb:770:in `block in verify!'
activesupport (8.0.0) lib/active_support/concurrency/null_lock.rb:9:in `synchronize'
activerecord (8.0.0) lib/active_record/connection_adapters/abstract_adapter.rb:761:in `verify!'
activerecord (8.0.0) lib/active_record/connection_adapters/abstract_adapter.rb:778:in `connect!'
activerecord (8.0.0) lib/active_record/connection_adapters/abstract_adapter.rb:984:in `block in with_raw_connection'
activesupport (8.0.0) lib/active_support/concurrency/null_lock.rb:9:in `synchronize'
activerecord (8.0.0) lib/active_record/connection_adapters/abstract_adapter.rb:983:in `with_raw_connection'
activerecord (8.0.0) lib/active_record/connection_adapters/postgresql/quoting.rb:128:in `quote_string'
activerecord (8.0.0) lib/active_record/connection_adapters/abstract/quoting.rb:76:in `quote'
activerecord (8.0.0) lib/active_record/connection_adapters/postgresql/quoting.rb:122:in `quote'
activerecord (8.0.0) lib/active_record/connection_adapters/postgresql/schema_statements.rb:1142:in `quoted_scope'
activerecord (8.0.0) lib/active_record/connection_adapters/postgresql/schema_statements.rb:1119:in `data_source_sql'
activerecord (8.0.0) lib/active_record/connection_adapters/abstract/schema_statements.rb:60:in `table_exists?'
activerecord (8.0.0) lib/active_record/schema_migration.rb:55:in `block in create_table'
activerecord (8.0.0) lib/active_record/connection_adapters/abstract/connection_pool.rb:412:in `with_connection'
activerecord (8.0.0) lib/active_record/schema_migration.rb:54:in `create_table'
activerecord (8.0.0) lib/active_record/migration.rb:1431:in `initialize'
activerecord (8.0.0) lib/active_record/migration.rb:1279:in `new'
activerecord (8.0.0) lib/active_record/migration.rb:1279:in `open'
activerecord (8.0.0) lib/active_record/migration.rb:763:in `block (2 levels) in pending_migrations'
activerecord (8.0.0) lib/active_record/migration/pending_migration_connection.rb:8:in `with_temporary_pool'
activerecord (8.0.0) lib/active_record/migration.rb:762:in `block in pending_migrations'
activerecord (8.0.0) lib/active_record/migration.rb:761:in `each'
activerecord (8.0.0) lib/active_record/migration.rb:761:in `pending_migrations'
activerecord (8.0.0) lib/active_record/migration.rb:740:in `check_pending_migrations'
activerecord (8.0.0) lib/active_record/migration.rb:660:in `block (2 levels) in call'
activesupport (8.0.0) lib/active_support/file_update_checker.rb:85:in `execute'
activerecord (8.0.0) lib/active_record/migration.rb:665:in `block in call'
activerecord (8.0.0) lib/active_record/migration.rb:657:in `synchronize'
activerecord (8.0.0) lib/active_record/migration.rb:657:in `call'
actionpack (8.0.0) lib/action_dispatch/middleware/callbacks.rb:31:in `block in call'
activesupport (8.0.0) lib/active_support/callbacks.rb:100:in `run_callbacks'
actionpack (8.0.0) lib/action_dispatch/middleware/callbacks.rb:30:in `call'
actionpack (8.0.0) lib/action_dispatch/middleware/executor.rb:16:in `call'
actionpack (8.0.0) lib/action_dispatch/middleware/actionable_exceptions.rb:18:in `call'
actionpack (8.0.0) lib/action_dispatch/middleware/debug_exceptions.rb:31:in `call'
web-console (4.2.1) lib/web_console/middleware.rb:132:in `call_app'
web-console (4.2.1) lib/web_console/middleware.rb:28:in `block in call'
web-console (4.2.1) lib/web_console/middleware.rb:17:in `catch'
web-console (4.2.1) lib/web_console/middleware.rb:17:in `call'
actionpack (8.0.0) lib/action_dispatch/middleware/show_exceptions.rb:32:in `call'
railties (8.0.0) lib/rails/rack/logger.rb:41:in `call_app'
railties (8.0.0) lib/rails/rack/logger.rb:29:in `call'
actionpack (8.0.0) lib/action_dispatch/middleware/remote_ip.rb:96:in `call'
actionpack (8.0.0) lib/action_dispatch/middleware/request_id.rb:34:in `call'
rack (3.1.8) lib/rack/method_override.rb:28:in `call'
rack (3.1.8) lib/rack/runtime.rb:24:in `call'
actionpack (8.0.0) lib/action_dispatch/middleware/server_timing.rb:61:in `block in call'
actionpack (8.0.0) lib/action_dispatch/middleware/server_timing.rb:26:in `collect_events'
actionpack (8.0.0) lib/action_dispatch/middleware/server_timing.rb:60:in `call'
actionpack (8.0.0) lib/action_dispatch/middleware/executor.rb:16:in `call'
actionpack (8.0.0) lib/action_dispatch/middleware/static.rb:27:in `call'
rack (3.1.8) lib/rack/sendfile.rb:114:in `call'
actionpack (8.0.0) lib/action_dispatch/middleware/host_authorization.rb:143:in `call'
railties (8.0.0) lib/rails/engine.rb:535:in `call'
puma (6.4.3) lib/puma/configuration.rb:272:in `call'
puma (6.4.3) lib/puma/request.rb:100:in `block in handle_request'
puma (6.4.3) lib/puma/thread_pool.rb:378:in `with_force_shutdown'
puma (6.4.3) lib/puma/request.rb:99:in `handle_request'
puma (6.4.3) lib/puma/server.rb:464:in `process_client'
puma (6.4.3) lib/puma/server.rb:245:in `block in run'
puma (6.4.3) lib/puma/thread_pool.rb:155:in `block in spawn_thread'

Information for cause: PG::ConnectionBad (connection to server at "127.0.0.1", port 5432 failed: Connection refused
	Is the server running on that host and accepting TCP/IP connections?
):
  
pg (1.5.9) lib/pg/connection.rb:709:in `async_connect_or_reset'
pg (1.5.9) lib/pg/connection.rb:844:in `connect_to_hosts'
pg (1.5.9) lib/pg/connection.rb:772:in `new'
pg (1.5.9) lib/pg.rb:63:in `connect'
activerecord (8.0.0) lib/active_record/connection_adapters/postgresql_adapter.rb:58:in `new_client'
activerecord (8.0.0) lib/active_record/connection_adapters/postgresql_adapter.rb:934:in `connect'
activerecord (8.0.0) lib/active_record/connection_adapters/postgresql_adapter.rb:946:in `reconnect'
activerecord (8.0.0) lib/active_record/connection_adapters/abstract_adapter.rb:669:in `block in reconnect!'
activesupport (8.0.0) lib/active_support/concurrency/null_lock.rb:9:in `synchronize'
activerecord (8.0.0) lib/active_record/connection_adapters/abstract_adapter.rb:668:in `reconnect!'
activerecord (8.0.0) lib/active_record/connection_adapters/abstract_adapter.rb:770:in `block in verify!'
activesupport (8.0.0) lib/active_support/concurrency/null_lock.rb:9:in `synchronize'
activerecord (8.0.0) lib/active_record/connection_adapters/abstract_adapter.rb:761:in `verify!'
activerecord (8.0.0) lib/active_record/connection_adapters/abstract_adapter.rb:778:in `connect!'
activerecord (8.0.0) lib/active_record/connection_adapters/abstract_adapter.rb:984:in `block in with_raw_connection'
activesupport (8.0.0) lib/active_support/concurrency/null_lock.rb:9:in `synchronize'
activerecord (8.0.0) lib/active_record/connection_adapters/abstract_adapter.rb:983:in `with_raw_connection'
activerecord (8.0.0) lib/active_record/connection_adapters/postgresql/quoting.rb:128:in `quote_string'
activerecord (8.0.0) lib/active_record/connection_adapters/abstract/quoting.rb:76:in `quote'
activerecord (8.0.0) lib/active_record/connection_adapters/postgresql/quoting.rb:122:in `quote'
activerecord (8.0.0) lib/active_record/connection_adapters/postgresql/schema_statements.rb:1142:in `quoted_scope'
activerecord (8.0.0) lib/active_record/connection_adapters/postgresql/schema_statements.rb:1119:in `data_source_sql'
activerecord (8.0.0) lib/active_record/connection_adapters/abstract/schema_statements.rb:60:in `table_exists?'
activerecord (8.0.0) lib/active_record/schema_migration.rb:55:in `block in create_table'
activerecord (8.0.0) lib/active_record/connection_adapters/abstract/connection_pool.rb:412:in `with_connection'
activerecord (8.0.0) lib/active_record/schema_migration.rb:54:in `create_table'
activerecord (8.0.0) lib/active_record/migration.rb:1431:in `initialize'
activerecord (8.0.0) lib/active_record/migration.rb:1279:in `new'
activerecord (8.0.0) lib/active_record/migration.rb:1279:in `open'
activerecord (8.0.0) lib/active_record/migration.rb:763:in `block (2 levels) in pending_migrations'
activerecord (8.0.0) lib/active_record/migration/pending_migration_connection.rb:8:in `with_temporary_pool'
activerecord (8.0.0) lib/active_record/migration.rb:762:in `block in pending_migrations'
activerecord (8.0.0) lib/active_record/migration.rb:761:in `each'
activerecord (8.0.0) lib/active_record/migration.rb:761:in `pending_migrations'
activerecord (8.0.0) lib/active_record/migration.rb:740:in `check_pending_migrations'
activerecord (8.0.0) lib/active_record/migration.rb:660:in `block (2 levels) in call'
activesupport (8.0.0) lib/active_support/file_update_checker.rb:85:in `execute'
activerecord (8.0.0) lib/active_record/migration.rb:665:in `block in call'
activerecord (8.0.0) lib/active_record/migration.rb:657:in `synchronize'
activerecord (8.0.0) lib/active_record/migration.rb:657:in `call'
actionpack (8.0.0) lib/action_dispatch/middleware/callbacks.rb:31:in `block in call'
activesupport (8.0.0) lib/active_support/callbacks.rb:100:in `run_callbacks'
actionpack (8.0.0) lib/action_dispatch/middleware/callbacks.rb:30:in `call'
actionpack (8.0.0) lib/action_dispatch/middleware/executor.rb:16:in `call'
actionpack (8.0.0) lib/action_dispatch/middleware/actionable_exceptions.rb:18:in `call'
actionpack (8.0.0) lib/action_dispatch/middleware/debug_exceptions.rb:31:in `call'
web-console (4.2.1) lib/web_console/middleware.rb:132:in `call_app'
web-console (4.2.1) lib/web_console/middleware.rb:28:in `block in call'
web-console (4.2.1) lib/web_console/middleware.rb:17:in `catch'
web-console (4.2.1) lib/web_console/middleware.rb:17:in `call'
actionpack (8.0.0) lib/action_dispatch/middleware/show_exceptions.rb:32:in `call'
railties (8.0.0) lib/rails/rack/logger.rb:41:in `call_app'
railties (8.0.0) lib/rails/rack/logger.rb:29:in `call'
actionpack (8.0.0) lib/action_dispatch/middleware/remote_ip.rb:96:in `call'
actionpack (8.0.0) lib/action_dispatch/middleware/request_id.rb:34:in `call'
rack (3.1.8) lib/rack/method_override.rb:28:in `call'
rack (3.1.8) lib/rack/runtime.rb:24:in `call'
actionpack (8.0.0) lib/action_dispatch/middleware/server_timing.rb:61:in `block in call'
actionpack (8.0.0) lib/action_dispatch/middleware/server_timing.rb:26:in `collect_events'
actionpack (8.0.0) lib/action_dispatch/middleware/server_timing.rb:60:in `call'
actionpack (8.0.0) lib/action_dispatch/middleware/executor.rb:16:in `call'
actionpack (8.0.0) lib/action_dispatch/middleware/static.rb:27:in `call'
rack (3.1.8) lib/rack/sendfile.rb:114:in `call'
actionpack (8.0.0) lib/action_dispatch/middleware/host_authorization.rb:143:in `call'
railties (8.0.0) lib/rails/engine.rb:535:in `call'
puma (6.4.3) lib/puma/configuration.rb:272:in `call'
puma (6.4.3) lib/puma/request.rb:100:in `block in handle_request'
puma (6.4.3) lib/puma/thread_pool.rb:378:in `with_force_shutdown'
puma (6.4.3) lib/puma/request.rb:99:in `handle_request'
puma (6.4.3) lib/puma/server.rb:464:in `process_client'
puma (6.4.3) lib/puma/server.rb:245:in `block in run'
puma (6.4.3) lib/puma/thread_pool.rb:155:in `block in spawn_thread'
Started GET "/favicon.ico" for 127.0.0.1 at 2024-12-10 19:44:17 +0545
  
ActiveRecord::ConnectionNotEstablished (connection to server at "127.0.0.1", port 5432 failed: Connection refused
	Is the server running on that host and accepting TCP/IP connections?
)
Caused by: PG::ConnectionBad (connection to server at "127.0.0.1", port 5432 failed: Connection refused
	Is the server running on that host and accepting TCP/IP connections?
)

Information for: ActiveRecord::ConnectionNotEstablished (connection to server at "127.0.0.1", port 5432 failed: Connection refused
	Is the server running on that host and accepting TCP/IP connections?
):
  
activerecord (8.0.0) lib/active_record/connection_adapters/postgresql_adapter.rb:69:in `rescue in new_client'
activerecord (8.0.0) lib/active_record/connection_adapters/postgresql_adapter.rb:57:in `new_client'
activerecord (8.0.0) lib/active_record/connection_adapters/postgresql_adapter.rb:934:in `connect'
activerecord (8.0.0) lib/active_record/connection_adapters/postgresql_adapter.rb:946:in `reconnect'
activerecord (8.0.0) lib/active_record/connection_adapters/abstract_adapter.rb:669:in `block in reconnect!'
activesupport (8.0.0) lib/active_support/concurrency/null_lock.rb:9:in `synchronize'
activerecord (8.0.0) lib/active_record/connection_adapters/abstract_adapter.rb:668:in `reconnect!'
activerecord (8.0.0) lib/active_record/connection_adapters/abstract_adapter.rb:770:in `block in verify!'
activesupport (8.0.0) lib/active_support/concurrency/null_lock.rb:9:in `synchronize'
activerecord (8.0.0) lib/active_record/connection_adapters/abstract_adapter.rb:761:in `verify!'
activerecord (8.0.0) lib/active_record/connection_adapters/abstract_adapter.rb:778:in `connect!'
activerecord (8.0.0) lib/active_record/connection_adapters/abstract_adapter.rb:984:in `block in with_raw_connection'
activesupport (8.0.0) lib/active_support/concurrency/null_lock.rb:9:in `synchronize'
activerecord (8.0.0) lib/active_record/connection_adapters/abstract_adapter.rb:983:in `with_raw_connection'
activerecord (8.0.0) lib/active_record/connection_adapters/postgresql/quoting.rb:128:in `quote_string'
activerecord (8.0.0) lib/active_record/connection_adapters/abstract/quoting.rb:76:in `quote'
activerecord (8.0.0) lib/active_record/connection_adapters/postgresql/quoting.rb:122:in `quote'
activerecord (8.0.0) lib/active_record/connection_adapters/postgresql/schema_statements.rb:1142:in `quoted_scope'
activerecord (8.0.0) lib/active_record/connection_adapters/postgresql/schema_statements.rb:1119:in `data_source_sql'
activerecord (8.0.0) lib/active_record/connection_adapters/abstract/schema_statements.rb:60:in `table_exists?'
activerecord (8.0.0) lib/active_record/schema_migration.rb:55:in `block in create_table'
activerecord (8.0.0) lib/active_record/connection_adapters/abstract/connection_pool.rb:412:in `with_connection'
activerecord (8.0.0) lib/active_record/schema_migration.rb:54:in `create_table'
activerecord (8.0.0) lib/active_record/migration.rb:1431:in `initialize'
activerecord (8.0.0) lib/active_record/migration.rb:1279:in `new'
activerecord (8.0.0) lib/active_record/migration.rb:1279:in `open'
activerecord (8.0.0) lib/active_record/migration.rb:763:in `block (2 levels) in pending_migrations'
activerecord (8.0.0) lib/active_record/migration/pending_migration_connection.rb:8:in `with_temporary_pool'
activerecord (8.0.0) lib/active_record/migration.rb:762:in `block in pending_migrations'
activerecord (8.0.0) lib/active_record/migration.rb:761:in `each'
activerecord (8.0.0) lib/active_record/migration.rb:761:in `pending_migrations'
activerecord (8.0.0) lib/active_record/migration.rb:740:in `check_pending_migrations'
activerecord (8.0.0) lib/active_record/migration.rb:660:in `block (2 levels) in call'
activesupport (8.0.0) lib/active_support/file_update_checker.rb:85:in `execute'
activerecord (8.0.0) lib/active_record/migration.rb:665:in `block in call'
activerecord (8.0.0) lib/active_record/migration.rb:657:in `synchronize'
activerecord (8.0.0) lib/active_record/migration.rb:657:in `call'
actionpack (8.0.0) lib/action_dispatch/middleware/callbacks.rb:31:in `block in call'
activesupport (8.0.0) lib/active_support/callbacks.rb:100:in `run_callbacks'
actionpack (8.0.0) lib/action_dispatch/middleware/callbacks.rb:30:in `call'
actionpack (8.0.0) lib/action_dispatch/middleware/executor.rb:16:in `call'
actionpack (8.0.0) lib/action_dispatch/middleware/actionable_exceptions.rb:18:in `call'
actionpack (8.0.0) lib/action_dispatch/middleware/debug_exceptions.rb:31:in `call'
web-console (4.2.1) lib/web_console/middleware.rb:132:in `call_app'
web-console (4.2.1) lib/web_console/middleware.rb:28:in `block in call'
web-console (4.2.1) lib/web_console/middleware.rb:17:in `catch'
web-console (4.2.1) lib/web_console/middleware.rb:17:in `call'
actionpack (8.0.0) lib/action_dispatch/middleware/show_exceptions.rb:32:in `call'
railties (8.0.0) lib/rails/rack/logger.rb:41:in `call_app'
railties (8.0.0) lib/rails/rack/logger.rb:29:in `call'
actionpack (8.0.0) lib/action_dispatch/middleware/remote_ip.rb:96:in `call'
actionpack (8.0.0) lib/action_dispatch/middleware/request_id.rb:34:in `call'
rack (3.1.8) lib/rack/method_override.rb:28:in `call'
rack (3.1.8) lib/rack/runtime.rb:24:in `call'
actionpack (8.0.0) lib/action_dispatch/middleware/server_timing.rb:61:in `block in call'
actionpack (8.0.0) lib/action_dispatch/middleware/server_timing.rb:26:in `collect_events'
actionpack (8.0.0) lib/action_dispatch/middleware/server_timing.rb:60:in `call'
actionpack (8.0.0) lib/action_dispatch/middleware/executor.rb:16:in `call'
actionpack (8.0.0) lib/action_dispatch/middleware/static.rb:27:in `call'
rack (3.1.8) lib/rack/sendfile.rb:114:in `call'
actionpack (8.0.0) lib/action_dispatch/middleware/host_authorization.rb:143:in `call'
railties (8.0.0) lib/rails/engine.rb:535:in `call'
puma (6.4.3) lib/puma/configuration.rb:272:in `call'
puma (6.4.3) lib/puma/request.rb:100:in `block in handle_request'
puma (6.4.3) lib/puma/thread_pool.rb:378:in `with_force_shutdown'
puma (6.4.3) lib/puma/request.rb:99:in `handle_request'
puma (6.4.3) lib/puma/server.rb:464:in `process_client'
puma (6.4.3) lib/puma/server.rb:245:in `block in run'
puma (6.4.3) lib/puma/thread_pool.rb:155:in `block in spawn_thread'

Information for cause: PG::ConnectionBad (connection to server at "127.0.0.1", port 5432 failed: Connection refused
	Is the server running on that host and accepting TCP/IP connections?
):
  
pg (1.5.9) lib/pg/connection.rb:709:in `async_connect_or_reset'
pg (1.5.9) lib/pg/connection.rb:844:in `connect_to_hosts'
pg (1.5.9) lib/pg/connection.rb:772:in `new'
pg (1.5.9) lib/pg.rb:63:in `connect'
activerecord (8.0.0) lib/active_record/connection_adapters/postgresql_adapter.rb:58:in `new_client'
activerecord (8.0.0) lib/active_record/connection_adapters/postgresql_adapter.rb:934:in `connect'
activerecord (8.0.0) lib/active_record/connection_adapters/postgresql_adapter.rb:946:in `reconnect'
activerecord (8.0.0) lib/active_record/connection_adapters/abstract_adapter.rb:669:in `block in reconnect!'
activesupport (8.0.0) lib/active_support/concurrency/null_lock.rb:9:in `synchronize'
activerecord (8.0.0) lib/active_record/connection_adapters/abstract_adapter.rb:668:in `reconnect!'
activerecord (8.0.0) lib/active_record/connection_adapters/abstract_adapter.rb:770:in `block in verify!'
activesupport (8.0.0) lib/active_support/concurrency/null_lock.rb:9:in `synchronize'
activerecord (8.0.0) lib/active_record/connection_adapters/abstract_adapter.rb:761:in `verify!'
activerecord (8.0.0) lib/active_record/connection_adapters/abstract_adapter.rb:778:in `connect!'
activerecord (8.0.0) lib/active_record/connection_adapters/abstract_adapter.rb:984:in `block in with_raw_connection'
activesupport (8.0.0) lib/active_support/concurrency/null_lock.rb:9:in `synchronize'
activerecord (8.0.0) lib/active_record/connection_adapters/abstract_adapter.rb:983:in `with_raw_connection'
activerecord (8.0.0) lib/active_record/connection_adapters/postgresql/quoting.rb:128:in `quote_string'
activerecord (8.0.0) lib/active_record/connection_adapters/abstract/quoting.rb:76:in `quote'
activerecord (8.0.0) lib/active_record/connection_adapters/postgresql/quoting.rb:122:in `quote'
activerecord (8.0.0) lib/active_record/connection_adapters/postgresql/schema_statements.rb:1142:in `quoted_scope'
activerecord (8.0.0) lib/active_record/connection_adapters/postgresql/schema_statements.rb:1119:in `data_source_sql'
activerecord (8.0.0) lib/active_record/connection_adapters/abstract/schema_statements.rb:60:in `table_exists?'
activerecord (8.0.0) lib/active_record/schema_migration.rb:55:in `block in create_table'
activerecord (8.0.0) lib/active_record/connection_adapters/abstract/connection_pool.rb:412:in `with_connection'
activerecord (8.0.0) lib/active_record/schema_migration.rb:54:in `create_table'
activerecord (8.0.0) lib/active_record/migration.rb:1431:in `initialize'
activerecord (8.0.0) lib/active_record/migration.rb:1279:in `new'
activerecord (8.0.0) lib/active_record/migration.rb:1279:in `open'
activerecord (8.0.0) lib/active_record/migration.rb:763:in `block (2 levels) in pending_migrations'
activerecord (8.0.0) lib/active_record/migration/pending_migration_connection.rb:8:in `with_temporary_pool'
activerecord (8.0.0) lib/active_record/migration.rb:762:in `block in pending_migrations'
activerecord (8.0.0) lib/active_record/migration.rb:761:in `each'
activerecord (8.0.0) lib/active_record/migration.rb:761:in `pending_migrations'
activerecord (8.0.0) lib/active_record/migration.rb:740:in `check_pending_migrations'
activerecord (8.0.0) lib/active_record/migration.rb:660:in `block (2 levels) in call'
activesupport (8.0.0) lib/active_support/file_update_checker.rb:85:in `execute'
activerecord (8.0.0) lib/active_record/migration.rb:665:in `block in call'
activerecord (8.0.0) lib/active_record/migration.rb:657:in `synchronize'
activerecord (8.0.0) lib/active_record/migration.rb:657:in `call'
actionpack (8.0.0) lib/action_dispatch/middleware/callbacks.rb:31:in `block in call'
activesupport (8.0.0) lib/active_support/callbacks.rb:100:in `run_callbacks'
actionpack (8.0.0) lib/action_dispatch/middleware/callbacks.rb:30:in `call'
actionpack (8.0.0) lib/action_dispatch/middleware/executor.rb:16:in `call'
actionpack (8.0.0) lib/action_dispatch/middleware/actionable_exceptions.rb:18:in `call'
actionpack (8.0.0) lib/action_dispatch/middleware/debug_exceptions.rb:31:in `call'
web-console (4.2.1) lib/web_console/middleware.rb:132:in `call_app'
web-console (4.2.1) lib/web_console/middleware.rb:28:in `block in call'
web-console (4.2.1) lib/web_console/middleware.rb:17:in `catch'
web-console (4.2.1) lib/web_console/middleware.rb:17:in `call'
actionpack (8.0.0) lib/action_dispatch/middleware/show_exceptions.rb:32:in `call'
railties (8.0.0) lib/rails/rack/logger.rb:41:in `call_app'
railties (8.0.0) lib/rails/rack/logger.rb:29:in `call'
actionpack (8.0.0) lib/action_dispatch/middleware/remote_ip.rb:96:in `call'
actionpack (8.0.0) lib/action_dispatch/middleware/request_id.rb:34:in `call'
rack (3.1.8) lib/rack/method_override.rb:28:in `call'
rack (3.1.8) lib/rack/runtime.rb:24:in `call'
actionpack (8.0.0) lib/action_dispatch/middleware/server_timing.rb:61:in `block in call'
actionpack (8.0.0) lib/action_dispatch/middleware/server_timing.rb:26:in `collect_events'
actionpack (8.0.0) lib/action_dispatch/middleware/server_timing.rb:60:in `call'
actionpack (8.0.0) lib/action_dispatch/middleware/executor.rb:16:in `call'
actionpack (8.0.0) lib/action_dispatch/middleware/static.rb:27:in `call'
rack (3.1.8) lib/rack/sendfile.rb:114:in `call'
actionpack (8.0.0) lib/action_dispatch/middleware/host_authorization.rb:143:in `call'
railties (8.0.0) lib/rails/engine.rb:535:in `call'
puma (6.4.3) lib/puma/configuration.rb:272:in `call'
puma (6.4.3) lib/puma/request.rb:100:in `block in handle_request'
puma (6.4.3) lib/puma/thread_pool.rb:378:in `with_force_shutdown'
puma (6.4.3) lib/puma/request.rb:99:in `handle_request'
puma (6.4.3) lib/puma/server.rb:464:in `process_client'
puma (6.4.3) lib/puma/server.rb:245:in `block in run'
puma (6.4.3) lib/puma/thread_pool.rb:155:in `block in spawn_thread'
  [1m[35mSQL (0.5ms)[0m  [1m[35mSET search_path TO public /*application='Lifeglow'*/[0m
  [1m[35m (270.4ms)[0m  [1m[35mCREATE DATABASE "life_glow" ENCODING = 'unicode' /*application='Lifeglow'*/[0m
  [1m[35mSQL (0.4ms)[0m  [1m[35mSET search_path TO public /*application='Lifeglow'*/[0m
  [1m[35m (264.7ms)[0m  [1m[35mCREATE DATABASE "your_test_database_name" ENCODING = 'unicode' /*application='Lifeglow'*/[0m
Started GET "/" for ::1 at 2024-12-25 13:55:25 +0545
  
ActiveRecord::NoDatabaseError (We could not find your database: life_glow. Available database configurations can be found in config/database.yml.

To resolve this error:

- Did you not create the database, or did you delete it? To create the database, run:

    bin/rails db:create

- Has the database name changed? Verify that config/database.yml contains the correct database name.
)
Caused by: PG::ConnectionBad (connection to server at "127.0.0.1", port 5432 failed: FATAL:  database "life_glow" does not exist
)

Information for: ActiveRecord::NoDatabaseError (We could not find your database: life_glow. Available database configurations can be found in config/database.yml.

To resolve this error:

- Did you not create the database, or did you delete it? To create the database, run:

    bin/rails db:create

- Has the database name changed? Verify that config/database.yml contains the correct database name.
):
  
activerecord (8.0.0) lib/active_record/connection_adapters/postgresql_adapter.rb:63:in `rescue in new_client'
activerecord (8.0.0) lib/active_record/connection_adapters/postgresql_adapter.rb:57:in `new_client'
activerecord (8.0.0) lib/active_record/connection_adapters/postgresql_adapter.rb:934:in `connect'
activerecord (8.0.0) lib/active_record/connection_adapters/postgresql_adapter.rb:946:in `reconnect'
activerecord (8.0.0) lib/active_record/connection_adapters/abstract_adapter.rb:669:in `block in reconnect!'
activesupport (8.0.0) lib/active_support/concurrency/null_lock.rb:9:in `synchronize'
activerecord (8.0.0) lib/active_record/connection_adapters/abstract_adapter.rb:668:in `reconnect!'
activerecord (8.0.0) lib/active_record/connection_adapters/abstract_adapter.rb:770:in `block in verify!'
activesupport (8.0.0) lib/active_support/concurrency/null_lock.rb:9:in `synchronize'
activerecord (8.0.0) lib/active_record/connection_adapters/abstract_adapter.rb:761:in `verify!'
activerecord (8.0.0) lib/active_record/connection_adapters/abstract_adapter.rb:778:in `connect!'
activerecord (8.0.0) lib/active_record/connection_adapters/abstract_adapter.rb:984:in `block in with_raw_connection'
activesupport (8.0.0) lib/active_support/concurrency/null_lock.rb:9:in `synchronize'
activerecord (8.0.0) lib/active_record/connection_adapters/abstract_adapter.rb:983:in `with_raw_connection'
activerecord (8.0.0) lib/active_record/connection_adapters/postgresql/quoting.rb:128:in `quote_string'
activerecord (8.0.0) lib/active_record/connection_adapters/abstract/quoting.rb:76:in `quote'
activerecord (8.0.0) lib/active_record/connection_adapters/postgresql/quoting.rb:122:in `quote'
activerecord (8.0.0) lib/active_record/connection_adapters/postgresql/schema_statements.rb:1142:in `quoted_scope'
activerecord (8.0.0) lib/active_record/connection_adapters/postgresql/schema_statements.rb:1119:in `data_source_sql'
activerecord (8.0.0) lib/active_record/connection_adapters/abstract/schema_statements.rb:60:in `table_exists?'
activerecord (8.0.0) lib/active_record/schema_migration.rb:55:in `block in create_table'
activerecord (8.0.0) lib/active_record/connection_adapters/abstract/connection_pool.rb:412:in `with_connection'
activerecord (8.0.0) lib/active_record/schema_migration.rb:54:in `create_table'
activerecord (8.0.0) lib/active_record/migration.rb:1431:in `initialize'
activerecord (8.0.0) lib/active_record/migration.rb:1279:in `new'
activerecord (8.0.0) lib/active_record/migration.rb:1279:in `open'
activerecord (8.0.0) lib/active_record/migration.rb:763:in `block (2 levels) in pending_migrations'
activerecord (8.0.0) lib/active_record/migration/pending_migration_connection.rb:8:in `with_temporary_pool'
activerecord (8.0.0) lib/active_record/migration.rb:762:in `block in pending_migrations'
activerecord (8.0.0) lib/active_record/migration.rb:761:in `each'
activerecord (8.0.0) lib/active_record/migration.rb:761:in `pending_migrations'
activerecord (8.0.0) lib/active_record/migration.rb:740:in `check_pending_migrations'
activerecord (8.0.0) lib/active_record/migration.rb:660:in `block (2 levels) in call'
activesupport (8.0.0) lib/active_support/file_update_checker.rb:85:in `execute'
activerecord (8.0.0) lib/active_record/migration.rb:665:in `block in call'
activerecord (8.0.0) lib/active_record/migration.rb:657:in `synchronize'
activerecord (8.0.0) lib/active_record/migration.rb:657:in `call'
actionpack (8.0.0) lib/action_dispatch/middleware/callbacks.rb:31:in `block in call'
activesupport (8.0.0) lib/active_support/callbacks.rb:100:in `run_callbacks'
actionpack (8.0.0) lib/action_dispatch/middleware/callbacks.rb:30:in `call'
actionpack (8.0.0) lib/action_dispatch/middleware/executor.rb:16:in `call'
actionpack (8.0.0) lib/action_dispatch/middleware/actionable_exceptions.rb:18:in `call'
actionpack (8.0.0) lib/action_dispatch/middleware/debug_exceptions.rb:31:in `call'
web-console (4.2.1) lib/web_console/middleware.rb:132:in `call_app'
web-console (4.2.1) lib/web_console/middleware.rb:28:in `block in call'
web-console (4.2.1) lib/web_console/middleware.rb:17:in `catch'
web-console (4.2.1) lib/web_console/middleware.rb:17:in `call'
actionpack (8.0.0) lib/action_dispatch/middleware/show_exceptions.rb:32:in `call'
railties (8.0.0) lib/rails/rack/logger.rb:41:in `call_app'
railties (8.0.0) lib/rails/rack/logger.rb:29:in `call'
actionpack (8.0.0) lib/action_dispatch/middleware/remote_ip.rb:96:in `call'
actionpack (8.0.0) lib/action_dispatch/middleware/request_id.rb:34:in `call'
rack (3.1.8) lib/rack/method_override.rb:28:in `call'
rack (3.1.8) lib/rack/runtime.rb:24:in `call'
actionpack (8.0.0) lib/action_dispatch/middleware/server_timing.rb:61:in `block in call'
actionpack (8.0.0) lib/action_dispatch/middleware/server_timing.rb:26:in `collect_events'
actionpack (8.0.0) lib/action_dispatch/middleware/server_timing.rb:60:in `call'
actionpack (8.0.0) lib/action_dispatch/middleware/executor.rb:16:in `call'
actionpack (8.0.0) lib/action_dispatch/middleware/static.rb:27:in `call'
rack (3.1.8) lib/rack/sendfile.rb:114:in `call'
actionpack (8.0.0) lib/action_dispatch/middleware/host_authorization.rb:143:in `call'
railties (8.0.0) lib/rails/engine.rb:535:in `call'
puma (6.4.3) lib/puma/configuration.rb:272:in `call'
puma (6.4.3) lib/puma/request.rb:100:in `block in handle_request'
puma (6.4.3) lib/puma/thread_pool.rb:378:in `with_force_shutdown'
puma (6.4.3) lib/puma/request.rb:99:in `handle_request'
puma (6.4.3) lib/puma/server.rb:464:in `process_client'
puma (6.4.3) lib/puma/server.rb:245:in `block in run'
puma (6.4.3) lib/puma/thread_pool.rb:155:in `block in spawn_thread'

Information for cause: PG::ConnectionBad (connection to server at "127.0.0.1", port 5432 failed: FATAL:  database "life_glow" does not exist
):
  
pg (1.5.9) lib/pg/connection.rb:709:in `async_connect_or_reset'
pg (1.5.9) lib/pg/connection.rb:844:in `connect_to_hosts'
pg (1.5.9) lib/pg/connection.rb:772:in `new'
pg (1.5.9) lib/pg.rb:63:in `connect'
activerecord (8.0.0) lib/active_record/connection_adapters/postgresql_adapter.rb:58:in `new_client'
activerecord (8.0.0) lib/active_record/connection_adapters/postgresql_adapter.rb:934:in `connect'
activerecord (8.0.0) lib/active_record/connection_adapters/postgresql_adapter.rb:946:in `reconnect'
activerecord (8.0.0) lib/active_record/connection_adapters/abstract_adapter.rb:669:in `block in reconnect!'
activesupport (8.0.0) lib/active_support/concurrency/null_lock.rb:9:in `synchronize'
activerecord (8.0.0) lib/active_record/connection_adapters/abstract_adapter.rb:668:in `reconnect!'
activerecord (8.0.0) lib/active_record/connection_adapters/abstract_adapter.rb:770:in `block in verify!'
activesupport (8.0.0) lib/active_support/concurrency/null_lock.rb:9:in `synchronize'
activerecord (8.0.0) lib/active_record/connection_adapters/abstract_adapter.rb:761:in `verify!'
activerecord (8.0.0) lib/active_record/connection_adapters/abstract_adapter.rb:778:in `connect!'
activerecord (8.0.0) lib/active_record/connection_adapters/abstract_adapter.rb:984:in `block in with_raw_connection'
activesupport (8.0.0) lib/active_support/concurrency/null_lock.rb:9:in `synchronize'
activerecord (8.0.0) lib/active_record/connection_adapters/abstract_adapter.rb:983:in `with_raw_connection'
activerecord (8.0.0) lib/active_record/connection_adapters/postgresql/quoting.rb:128:in `quote_string'
activerecord (8.0.0) lib/active_record/connection_adapters/abstract/quoting.rb:76:in `quote'
activerecord (8.0.0) lib/active_record/connection_adapters/postgresql/quoting.rb:122:in `quote'
activerecord (8.0.0) lib/active_record/connection_adapters/postgresql/schema_statements.rb:1142:in `quoted_scope'
activerecord (8.0.0) lib/active_record/connection_adapters/postgresql/schema_statements.rb:1119:in `data_source_sql'
activerecord (8.0.0) lib/active_record/connection_adapters/abstract/schema_statements.rb:60:in `table_exists?'
activerecord (8.0.0) lib/active_record/schema_migration.rb:55:in `block in create_table'
activerecord (8.0.0) lib/active_record/connection_adapters/abstract/connection_pool.rb:412:in `with_connection'
activerecord (8.0.0) lib/active_record/schema_migration.rb:54:in `create_table'
activerecord (8.0.0) lib/active_record/migration.rb:1431:in `initialize'
activerecord (8.0.0) lib/active_record/migration.rb:1279:in `new'
activerecord (8.0.0) lib/active_record/migration.rb:1279:in `open'
activerecord (8.0.0) lib/active_record/migration.rb:763:in `block (2 levels) in pending_migrations'
activerecord (8.0.0) lib/active_record/migration/pending_migration_connection.rb:8:in `with_temporary_pool'
activerecord (8.0.0) lib/active_record/migration.rb:762:in `block in pending_migrations'
activerecord (8.0.0) lib/active_record/migration.rb:761:in `each'
activerecord (8.0.0) lib/active_record/migration.rb:761:in `pending_migrations'
activerecord (8.0.0) lib/active_record/migration.rb:740:in `check_pending_migrations'
activerecord (8.0.0) lib/active_record/migration.rb:660:in `block (2 levels) in call'
activesupport (8.0.0) lib/active_support/file_update_checker.rb:85:in `execute'
activerecord (8.0.0) lib/active_record/migration.rb:665:in `block in call'
activerecord (8.0.0) lib/active_record/migration.rb:657:in `synchronize'
activerecord (8.0.0) lib/active_record/migration.rb:657:in `call'
actionpack (8.0.0) lib/action_dispatch/middleware/callbacks.rb:31:in `block in call'
activesupport (8.0.0) lib/active_support/callbacks.rb:100:in `run_callbacks'
actionpack (8.0.0) lib/action_dispatch/middleware/callbacks.rb:30:in `call'
actionpack (8.0.0) lib/action_dispatch/middleware/executor.rb:16:in `call'
actionpack (8.0.0) lib/action_dispatch/middleware/actionable_exceptions.rb:18:in `call'
actionpack (8.0.0) lib/action_dispatch/middleware/debug_exceptions.rb:31:in `call'
web-console (4.2.1) lib/web_console/middleware.rb:132:in `call_app'
web-console (4.2.1) lib/web_console/middleware.rb:28:in `block in call'
web-console (4.2.1) lib/web_console/middleware.rb:17:in `catch'
web-console (4.2.1) lib/web_console/middleware.rb:17:in `call'
actionpack (8.0.0) lib/action_dispatch/middleware/show_exceptions.rb:32:in `call'
railties (8.0.0) lib/rails/rack/logger.rb:41:in `call_app'
railties (8.0.0) lib/rails/rack/logger.rb:29:in `call'
actionpack (8.0.0) lib/action_dispatch/middleware/remote_ip.rb:96:in `call'
actionpack (8.0.0) lib/action_dispatch/middleware/request_id.rb:34:in `call'
rack (3.1.8) lib/rack/method_override.rb:28:in `call'
rack (3.1.8) lib/rack/runtime.rb:24:in `call'
actionpack (8.0.0) lib/action_dispatch/middleware/server_timing.rb:61:in `block in call'
actionpack (8.0.0) lib/action_dispatch/middleware/server_timing.rb:26:in `collect_events'
actionpack (8.0.0) lib/action_dispatch/middleware/server_timing.rb:60:in `call'
actionpack (8.0.0) lib/action_dispatch/middleware/executor.rb:16:in `call'
actionpack (8.0.0) lib/action_dispatch/middleware/static.rb:27:in `call'
rack (3.1.8) lib/rack/sendfile.rb:114:in `call'
actionpack (8.0.0) lib/action_dispatch/middleware/host_authorization.rb:143:in `call'
railties (8.0.0) lib/rails/engine.rb:535:in `call'
puma (6.4.3) lib/puma/configuration.rb:272:in `call'
puma (6.4.3) lib/puma/request.rb:100:in `block in handle_request'
puma (6.4.3) lib/puma/thread_pool.rb:378:in `with_force_shutdown'
puma (6.4.3) lib/puma/request.rb:99:in `handle_request'
puma (6.4.3) lib/puma/server.rb:464:in `process_client'
puma (6.4.3) lib/puma/server.rb:245:in `block in run'
puma (6.4.3) lib/puma/thread_pool.rb:155:in `block in spawn_thread'
Started GET "/favicon.ico" for ::1 at 2024-12-25 13:55:26 +0545
  
ActiveRecord::NoDatabaseError (We could not find your database: life_glow. Available database configurations can be found in config/database.yml.

To resolve this error:

- Did you not create the database, or did you delete it? To create the database, run:

    bin/rails db:create

- Has the database name changed? Verify that config/database.yml contains the correct database name.
)
Caused by: PG::ConnectionBad (connection to server at "127.0.0.1", port 5432 failed: FATAL:  database "life_glow" does not exist
)

Information for: ActiveRecord::NoDatabaseError (We could not find your database: life_glow. Available database configurations can be found in config/database.yml.

To resolve this error:

- Did you not create the database, or did you delete it? To create the database, run:

    bin/rails db:create

- Has the database name changed? Verify that config/database.yml contains the correct database name.
):
  
activerecord (8.0.0) lib/active_record/connection_adapters/postgresql_adapter.rb:63:in `rescue in new_client'
activerecord (8.0.0) lib/active_record/connection_adapters/postgresql_adapter.rb:57:in `new_client'
activerecord (8.0.0) lib/active_record/connection_adapters/postgresql_adapter.rb:934:in `connect'
activerecord (8.0.0) lib/active_record/connection_adapters/postgresql_adapter.rb:946:in `reconnect'
activerecord (8.0.0) lib/active_record/connection_adapters/abstract_adapter.rb:669:in `block in reconnect!'
activesupport (8.0.0) lib/active_support/concurrency/null_lock.rb:9:in `synchronize'
activerecord (8.0.0) lib/active_record/connection_adapters/abstract_adapter.rb:668:in `reconnect!'
activerecord (8.0.0) lib/active_record/connection_adapters/abstract_adapter.rb:770:in `block in verify!'
activesupport (8.0.0) lib/active_support/concurrency/null_lock.rb:9:in `synchronize'
activerecord (8.0.0) lib/active_record/connection_adapters/abstract_adapter.rb:761:in `verify!'
activerecord (8.0.0) lib/active_record/connection_adapters/abstract_adapter.rb:778:in `connect!'
activerecord (8.0.0) lib/active_record/connection_adapters/abstract_adapter.rb:984:in `block in with_raw_connection'
activesupport (8.0.0) lib/active_support/concurrency/null_lock.rb:9:in `synchronize'
activerecord (8.0.0) lib/active_record/connection_adapters/abstract_adapter.rb:983:in `with_raw_connection'
activerecord (8.0.0) lib/active_record/connection_adapters/postgresql/quoting.rb:128:in `quote_string'
activerecord (8.0.0) lib/active_record/connection_adapters/abstract/quoting.rb:76:in `quote'
activerecord (8.0.0) lib/active_record/connection_adapters/postgresql/quoting.rb:122:in `quote'
activerecord (8.0.0) lib/active_record/connection_adapters/postgresql/schema_statements.rb:1142:in `quoted_scope'
activerecord (8.0.0) lib/active_record/connection_adapters/postgresql/schema_statements.rb:1119:in `data_source_sql'
activerecord (8.0.0) lib/active_record/connection_adapters/abstract/schema_statements.rb:60:in `table_exists?'
activerecord (8.0.0) lib/active_record/schema_migration.rb:55:in `block in create_table'
activerecord (8.0.0) lib/active_record/connection_adapters/abstract/connection_pool.rb:412:in `with_connection'
activerecord (8.0.0) lib/active_record/schema_migration.rb:54:in `create_table'
activerecord (8.0.0) lib/active_record/migration.rb:1431:in `initialize'
activerecord (8.0.0) lib/active_record/migration.rb:1279:in `new'
activerecord (8.0.0) lib/active_record/migration.rb:1279:in `open'
activerecord (8.0.0) lib/active_record/migration.rb:763:in `block (2 levels) in pending_migrations'
activerecord (8.0.0) lib/active_record/migration/pending_migration_connection.rb:8:in `with_temporary_pool'
activerecord (8.0.0) lib/active_record/migration.rb:762:in `block in pending_migrations'
activerecord (8.0.0) lib/active_record/migration.rb:761:in `each'
activerecord (8.0.0) lib/active_record/migration.rb:761:in `pending_migrations'
activerecord (8.0.0) lib/active_record/migration.rb:740:in `check_pending_migrations'
activerecord (8.0.0) lib/active_record/migration.rb:660:in `block (2 levels) in call'
activesupport (8.0.0) lib/active_support/file_update_checker.rb:85:in `execute'
activerecord (8.0.0) lib/active_record/migration.rb:665:in `block in call'
activerecord (8.0.0) lib/active_record/migration.rb:657:in `synchronize'
activerecord (8.0.0) lib/active_record/migration.rb:657:in `call'
actionpack (8.0.0) lib/action_dispatch/middleware/callbacks.rb:31:in `block in call'
activesupport (8.0.0) lib/active_support/callbacks.rb:100:in `run_callbacks'
actionpack (8.0.0) lib/action_dispatch/middleware/callbacks.rb:30:in `call'
actionpack (8.0.0) lib/action_dispatch/middleware/executor.rb:16:in `call'
actionpack (8.0.0) lib/action_dispatch/middleware/actionable_exceptions.rb:18:in `call'
actionpack (8.0.0) lib/action_dispatch/middleware/debug_exceptions.rb:31:in `call'
web-console (4.2.1) lib/web_console/middleware.rb:132:in `call_app'
web-console (4.2.1) lib/web_console/middleware.rb:28:in `block in call'
web-console (4.2.1) lib/web_console/middleware.rb:17:in `catch'
web-console (4.2.1) lib/web_console/middleware.rb:17:in `call'
actionpack (8.0.0) lib/action_dispatch/middleware/show_exceptions.rb:32:in `call'
railties (8.0.0) lib/rails/rack/logger.rb:41:in `call_app'
railties (8.0.0) lib/rails/rack/logger.rb:29:in `call'
actionpack (8.0.0) lib/action_dispatch/middleware/remote_ip.rb:96:in `call'
actionpack (8.0.0) lib/action_dispatch/middleware/request_id.rb:34:in `call'
rack (3.1.8) lib/rack/method_override.rb:28:in `call'
rack (3.1.8) lib/rack/runtime.rb:24:in `call'
actionpack (8.0.0) lib/action_dispatch/middleware/server_timing.rb:61:in `block in call'
actionpack (8.0.0) lib/action_dispatch/middleware/server_timing.rb:26:in `collect_events'
actionpack (8.0.0) lib/action_dispatch/middleware/server_timing.rb:60:in `call'
actionpack (8.0.0) lib/action_dispatch/middleware/executor.rb:16:in `call'
actionpack (8.0.0) lib/action_dispatch/middleware/static.rb:27:in `call'
rack (3.1.8) lib/rack/sendfile.rb:114:in `call'
actionpack (8.0.0) lib/action_dispatch/middleware/host_authorization.rb:143:in `call'
railties (8.0.0) lib/rails/engine.rb:535:in `call'
puma (6.4.3) lib/puma/configuration.rb:272:in `call'
puma (6.4.3) lib/puma/request.rb:100:in `block in handle_request'
puma (6.4.3) lib/puma/thread_pool.rb:378:in `with_force_shutdown'
puma (6.4.3) lib/puma/request.rb:99:in `handle_request'
puma (6.4.3) lib/puma/server.rb:464:in `process_client'
puma (6.4.3) lib/puma/server.rb:245:in `block in run'
puma (6.4.3) lib/puma/thread_pool.rb:155:in `block in spawn_thread'

Information for cause: PG::ConnectionBad (connection to server at "127.0.0.1", port 5432 failed: FATAL:  database "life_glow" does not exist
):
  
pg (1.5.9) lib/pg/connection.rb:709:in `async_connect_or_reset'
pg (1.5.9) lib/pg/connection.rb:844:in `connect_to_hosts'
pg (1.5.9) lib/pg/connection.rb:772:in `new'
pg (1.5.9) lib/pg.rb:63:in `connect'
activerecord (8.0.0) lib/active_record/connection_adapters/postgresql_adapter.rb:58:in `new_client'
activerecord (8.0.0) lib/active_record/connection_adapters/postgresql_adapter.rb:934:in `connect'
activerecord (8.0.0) lib/active_record/connection_adapters/postgresql_adapter.rb:946:in `reconnect'
activerecord (8.0.0) lib/active_record/connection_adapters/abstract_adapter.rb:669:in `block in reconnect!'
activesupport (8.0.0) lib/active_support/concurrency/null_lock.rb:9:in `synchronize'
activerecord (8.0.0) lib/active_record/connection_adapters/abstract_adapter.rb:668:in `reconnect!'
activerecord (8.0.0) lib/active_record/connection_adapters/abstract_adapter.rb:770:in `block in verify!'
activesupport (8.0.0) lib/active_support/concurrency/null_lock.rb:9:in `synchronize'
activerecord (8.0.0) lib/active_record/connection_adapters/abstract_adapter.rb:761:in `verify!'
activerecord (8.0.0) lib/active_record/connection_adapters/abstract_adapter.rb:778:in `connect!'
activerecord (8.0.0) lib/active_record/connection_adapters/abstract_adapter.rb:984:in `block in with_raw_connection'
activesupport (8.0.0) lib/active_support/concurrency/null_lock.rb:9:in `synchronize'
activerecord (8.0.0) lib/active_record/connection_adapters/abstract_adapter.rb:983:in `with_raw_connection'
activerecord (8.0.0) lib/active_record/connection_adapters/postgresql/quoting.rb:128:in `quote_string'
activerecord (8.0.0) lib/active_record/connection_adapters/abstract/quoting.rb:76:in `quote'
activerecord (8.0.0) lib/active_record/connection_adapters/postgresql/quoting.rb:122:in `quote'
activerecord (8.0.0) lib/active_record/connection_adapters/postgresql/schema_statements.rb:1142:in `quoted_scope'
activerecord (8.0.0) lib/active_record/connection_adapters/postgresql/schema_statements.rb:1119:in `data_source_sql'
activerecord (8.0.0) lib/active_record/connection_adapters/abstract/schema_statements.rb:60:in `table_exists?'
activerecord (8.0.0) lib/active_record/schema_migration.rb:55:in `block in create_table'
activerecord (8.0.0) lib/active_record/connection_adapters/abstract/connection_pool.rb:412:in `with_connection'
activerecord (8.0.0) lib/active_record/schema_migration.rb:54:in `create_table'
activerecord (8.0.0) lib/active_record/migration.rb:1431:in `initialize'
activerecord (8.0.0) lib/active_record/migration.rb:1279:in `new'
activerecord (8.0.0) lib/active_record/migration.rb:1279:in `open'
activerecord (8.0.0) lib/active_record/migration.rb:763:in `block (2 levels) in pending_migrations'
activerecord (8.0.0) lib/active_record/migration/pending_migration_connection.rb:8:in `with_temporary_pool'
activerecord (8.0.0) lib/active_record/migration.rb:762:in `block in pending_migrations'
activerecord (8.0.0) lib/active_record/migration.rb:761:in `each'
activerecord (8.0.0) lib/active_record/migration.rb:761:in `pending_migrations'
activerecord (8.0.0) lib/active_record/migration.rb:740:in `check_pending_migrations'
activerecord (8.0.0) lib/active_record/migration.rb:660:in `block (2 levels) in call'
activesupport (8.0.0) lib/active_support/file_update_checker.rb:85:in `execute'
activerecord (8.0.0) lib/active_record/migration.rb:665:in `block in call'
activerecord (8.0.0) lib/active_record/migration.rb:657:in `synchronize'
activerecord (8.0.0) lib/active_record/migration.rb:657:in `call'
actionpack (8.0.0) lib/action_dispatch/middleware/callbacks.rb:31:in `block in call'
activesupport (8.0.0) lib/active_support/callbacks.rb:100:in `run_callbacks'
actionpack (8.0.0) lib/action_dispatch/middleware/callbacks.rb:30:in `call'
actionpack (8.0.0) lib/action_dispatch/middleware/executor.rb:16:in `call'
actionpack (8.0.0) lib/action_dispatch/middleware/actionable_exceptions.rb:18:in `call'
actionpack (8.0.0) lib/action_dispatch/middleware/debug_exceptions.rb:31:in `call'
web-console (4.2.1) lib/web_console/middleware.rb:132:in `call_app'
web-console (4.2.1) lib/web_console/middleware.rb:28:in `block in call'
web-console (4.2.1) lib/web_console/middleware.rb:17:in `catch'
web-console (4.2.1) lib/web_console/middleware.rb:17:in `call'
actionpack (8.0.0) lib/action_dispatch/middleware/show_exceptions.rb:32:in `call'
railties (8.0.0) lib/rails/rack/logger.rb:41:in `call_app'
railties (8.0.0) lib/rails/rack/logger.rb:29:in `call'
actionpack (8.0.0) lib/action_dispatch/middleware/remote_ip.rb:96:in `call'
actionpack (8.0.0) lib/action_dispatch/middleware/request_id.rb:34:in `call'
rack (3.1.8) lib/rack/method_override.rb:28:in `call'
rack (3.1.8) lib/rack/runtime.rb:24:in `call'
actionpack (8.0.0) lib/action_dispatch/middleware/server_timing.rb:61:in `block in call'
actionpack (8.0.0) lib/action_dispatch/middleware/server_timing.rb:26:in `collect_events'
actionpack (8.0.0) lib/action_dispatch/middleware/server_timing.rb:60:in `call'
actionpack (8.0.0) lib/action_dispatch/middleware/executor.rb:16:in `call'
actionpack (8.0.0) lib/action_dispatch/middleware/static.rb:27:in `call'
rack (3.1.8) lib/rack/sendfile.rb:114:in `call'
actionpack (8.0.0) lib/action_dispatch/middleware/host_authorization.rb:143:in `call'
railties (8.0.0) lib/rails/engine.rb:535:in `call'
puma (6.4.3) lib/puma/configuration.rb:272:in `call'
puma (6.4.3) lib/puma/request.rb:100:in `block in handle_request'
puma (6.4.3) lib/puma/thread_pool.rb:378:in `with_force_shutdown'
puma (6.4.3) lib/puma/request.rb:99:in `handle_request'
puma (6.4.3) lib/puma/server.rb:464:in `process_client'
puma (6.4.3) lib/puma/server.rb:245:in `block in run'
puma (6.4.3) lib/puma/thread_pool.rb:155:in `block in spawn_thread'
  [1m[35mSQL (0.6ms)[0m  [1m[35mSET search_path TO public /*application='Lifeglow'*/[0m
  [1m[35m (409.0ms)[0m  [1m[35mCREATE DATABASE "life_glow" ENCODING = 'unicode' /*application='Lifeglow'*/[0m
  [1m[35mSQL (0.3ms)[0m  [1m[35mSET search_path TO public /*application='Lifeglow'*/[0m
  [1m[35m (249.3ms)[0m  [1m[35mCREATE DATABASE "your_test_database_name" ENCODING = 'unicode' /*application='Lifeglow'*/[0m
  [1m[35mSQL (1.0ms)[0m  [1m[35mCREATE EXTENSION IF NOT EXISTS "plpgsql" SCHEMA pg_catalog /*application='Lifeglow'*/[0m
  [1m[35m (0.3ms)[0m  [1m[35mDROP TABLE IF EXISTS "models" CASCADE /*application='Lifeglow'*/[0m
  [1m[35m (28.2ms)[0m  [1m[35mCREATE TABLE "models" ("id" bigserial primary key, "email" character varying DEFAULT '' NOT NULL, "encrypted_password" character varying DEFAULT '' NOT NULL, "reset_password_token" character varying, "reset_password_sent_at" timestamp(6), "remember_created_at" timestamp(6), "created_at" timestamp(6) NOT NULL, "updated_at" timestamp(6) NOT NULL) /*application='Lifeglow'*/[0m
  [1m[35m (24.8ms)[0m  [1m[35mCREATE UNIQUE INDEX "index_models_on_email" ON "models" ("email") /*application='Lifeglow'*/[0m
  [1m[35m (23.1ms)[0m  [1m[35mCREATE UNIQUE INDEX "index_models_on_reset_password_token" ON "models" ("reset_password_token") /*application='Lifeglow'*/[0m
  [1m[35m (0.7ms)[0m  [1m[35mDROP TABLE IF EXISTS "money_trackers" CASCADE /*application='Lifeglow'*/[0m
  [1m[35m (27.9ms)[0m  [1m[35mCREATE TABLE "money_trackers" ("id" bigserial primary key, "user_id" bigint NOT NULL, "amount" decimal, "transaction_type" character varying, "description" text, "created_at" timestamp(6) NOT NULL, "updated_at" timestamp(6) NOT NULL) /*application='Lifeglow'*/[0m
  [1m[35m (22.1ms)[0m  [1m[35mCREATE INDEX "index_money_trackers_on_user_id" ON "money_trackers" ("user_id") /*application='Lifeglow'*/[0m
  [1m[35m (0.5ms)[0m  [1m[35mDROP TABLE IF EXISTS "users" CASCADE /*application='Lifeglow'*/[0m
  [1m[35m (24.0ms)[0m  [1m[35mCREATE TABLE "users" ("id" bigserial primary key, "email" character varying DEFAULT '' NOT NULL, "encrypted_password" character varying DEFAULT '' NOT NULL, "reset_password_token" character varying, "reset_password_sent_at" timestamp(6), "remember_created_at" timestamp(6), "created_at" timestamp(6) NOT NULL, "updated_at" timestamp(6) NOT NULL) /*application='Lifeglow'*/[0m
  [1m[35m (23.7ms)[0m  [1m[35mCREATE UNIQUE INDEX "index_users_on_email" ON "users" ("email") /*application='Lifeglow'*/[0m
  [1m[35m (26.7ms)[0m  [1m[35mCREATE UNIQUE INDEX "index_users_on_reset_password_token" ON "users" ("reset_password_token") /*application='Lifeglow'*/[0m
  [1m[35m (22.0ms)[0m  [1m[35mALTER TABLE "money_trackers" ADD CONSTRAINT "fk_rails_fc72365df0"
FOREIGN KEY ("user_id")
  REFERENCES "users" ("id")
 /*application='Lifeglow'*/[0m
  [1m[35m (25.1ms)[0m  [1m[35mCREATE TABLE "schema_migrations" ("version" character varying NOT NULL PRIMARY KEY) /*application='Lifeglow'*/[0m
  [1m[36mActiveRecord::SchemaMigration Load (1.0ms)[0m  [1m[34mSELECT "schema_migrations"."version" FROM "schema_migrations" ORDER BY "schema_migrations"."version" ASC /*application='Lifeglow'*/[0m
  [1m[35m (6.3ms)[0m  [1m[32mINSERT INTO "schema_migrations" (version) VALUES (20241209144028) /*application='Lifeglow'*/[0m
  [1m[35m (20.2ms)[0m  [1m[32mINSERT INTO "schema_migrations" (version) VALUES
(20241203112109),
(20241201042747),
(20241121154302); /*application='Lifeglow'*/[0m
  [1m[35m (26.5ms)[0m  [1m[35mCREATE TABLE "ar_internal_metadata" ("key" character varying NOT NULL PRIMARY KEY, "value" character varying, "created_at" timestamp(6) NOT NULL, "updated_at" timestamp(6) NOT NULL) /*application='Lifeglow'*/[0m
  [1m[36mActiveRecord::InternalMetadata Load (1.9ms)[0m  [1m[34mSELECT * FROM "ar_internal_metadata" WHERE "ar_internal_metadata"."key" = 'environment' ORDER BY "ar_internal_metadata"."key" ASC LIMIT 1 /*application='Lifeglow'*/[0m
  [1m[36mActiveRecord::InternalMetadata Create (20.3ms)[0m  [1m[32mINSERT INTO "ar_internal_metadata" ("key", "value", "created_at", "updated_at") VALUES ('environment', 'development', '2024-12-25 08:10:54.919489', '2024-12-25 08:10:54.919494') RETURNING "key" /*application='Lifeglow'*/[0m
  [1m[36mActiveRecord::InternalMetadata Load (0.8ms)[0m  [1m[34mSELECT * FROM "ar_internal_metadata" WHERE "ar_internal_metadata"."key" = 'environment' ORDER BY "ar_internal_metadata"."key" ASC LIMIT 1 /*application='Lifeglow'*/[0m
  [1m[36mActiveRecord::InternalMetadata Load (0.5ms)[0m  [1m[34mSELECT * FROM "ar_internal_metadata" WHERE "ar_internal_metadata"."key" = 'schema_sha1' ORDER BY "ar_internal_metadata"."key" ASC LIMIT 1 /*application='Lifeglow'*/[0m
  [1m[36mActiveRecord::InternalMetadata Create (19.5ms)[0m  [1m[32mINSERT INTO "ar_internal_metadata" ("key", "value", "created_at", "updated_at") VALUES ('schema_sha1', '62f0841ef5bc690c527bcac45fb2dad2ad880256', '2024-12-25 08:10:54.960716', '2024-12-25 08:10:54.960766') RETURNING "key" /*application='Lifeglow'*/[0m
  [1m[35mSQL (26.2ms)[0m  [1m[35mCREATE EXTENSION IF NOT EXISTS "plpgsql" SCHEMA pg_catalog /*application='Lifeglow'*/[0m
  [1m[35m (0.5ms)[0m  [1m[35mDROP TABLE IF EXISTS "models" CASCADE /*application='Lifeglow'*/[0m
  [1m[35m (24.7ms)[0m  [1m[35mCREATE TABLE "models" ("id" bigserial primary key, "email" character varying DEFAULT '' NOT NULL, "encrypted_password" character varying DEFAULT '' NOT NULL, "reset_password_token" character varying, "reset_password_sent_at" timestamp(6), "remember_created_at" timestamp(6), "created_at" timestamp(6) NOT NULL, "updated_at" timestamp(6) NOT NULL) /*application='Lifeglow'*/[0m
  [1m[35m (7.8ms)[0m  [1m[35mCREATE UNIQUE INDEX "index_models_on_email" ON "models" ("email") /*application='Lifeglow'*/[0m
  [1m[35m (23.1ms)[0m  [1m[35mCREATE UNIQUE INDEX "index_models_on_reset_password_token" ON "models" ("reset_password_token") /*application='Lifeglow'*/[0m
  [1m[35m (0.7ms)[0m  [1m[35mDROP TABLE IF EXISTS "money_trackers" CASCADE /*application='Lifeglow'*/[0m
  [1m[35m (27.7ms)[0m  [1m[35mCREATE TABLE "money_trackers" ("id" bigserial primary key, "user_id" bigint NOT NULL, "amount" decimal, "transaction_type" character varying, "description" text, "created_at" timestamp(6) NOT NULL, "updated_at" timestamp(6) NOT NULL) /*application='Lifeglow'*/[0m
  [1m[35m (13.5ms)[0m  [1m[35mCREATE INDEX "index_money_trackers_on_user_id" ON "money_trackers" ("user_id") /*application='Lifeglow'*/[0m
  [1m[35m (0.7ms)[0m  [1m[35mDROP TABLE IF EXISTS "users" CASCADE /*application='Lifeglow'*/[0m
  [1m[35m (27.3ms)[0m  [1m[35mCREATE TABLE "users" ("id" bigserial primary key, "email" character varying DEFAULT '' NOT NULL, "encrypted_password" character varying DEFAULT '' NOT NULL, "reset_password_token" character varying, "reset_password_sent_at" timestamp(6), "remember_created_at" timestamp(6), "created_at" timestamp(6) NOT NULL, "updated_at" timestamp(6) NOT NULL) /*application='Lifeglow'*/[0m
  [1m[35m (22.7ms)[0m  [1m[35mCREATE UNIQUE INDEX "index_users_on_email" ON "users" ("email") /*application='Lifeglow'*/[0m
  [1m[35m (24.8ms)[0m  [1m[35mCREATE UNIQUE INDEX "index_users_on_reset_password_token" ON "users" ("reset_password_token") /*application='Lifeglow'*/[0m
  [1m[35m (22.7ms)[0m  [1m[35mALTER TABLE "money_trackers" ADD CONSTRAINT "fk_rails_fc72365df0"
FOREIGN KEY ("user_id")
  REFERENCES "users" ("id")
 /*application='Lifeglow'*/[0m
  [1m[35m (7.4ms)[0m  [1m[35mCREATE TABLE "schema_migrations" ("version" character varying NOT NULL PRIMARY KEY) /*application='Lifeglow'*/[0m
  [1m[36mActiveRecord::SchemaMigration Load (1.1ms)[0m  [1m[34mSELECT "schema_migrations"."version" FROM "schema_migrations" ORDER BY "schema_migrations"."version" ASC /*application='Lifeglow'*/[0m
  [1m[35m (15.6ms)[0m  [1m[32mINSERT INTO "schema_migrations" (version) VALUES (20241209144028) /*application='Lifeglow'*/[0m
  [1m[35m (20.5ms)[0m  [1m[32mINSERT INTO "schema_migrations" (version) VALUES
(20241203112109),
(20241201042747),
(20241121154302); /*application='Lifeglow'*/[0m
  [1m[35m (24.4ms)[0m  [1m[35mCREATE TABLE "ar_internal_metadata" ("key" character varying NOT NULL PRIMARY KEY, "value" character varying, "created_at" timestamp(6) NOT NULL, "updated_at" timestamp(6) NOT NULL) /*application='Lifeglow'*/[0m
  [1m[36mActiveRecord::InternalMetadata Load (1.4ms)[0m  [1m[34mSELECT * FROM "ar_internal_metadata" WHERE "ar_internal_metadata"."key" = 'environment' ORDER BY "ar_internal_metadata"."key" ASC LIMIT 1 /*application='Lifeglow'*/[0m
  [1m[36mActiveRecord::InternalMetadata Create (20.4ms)[0m  [1m[32mINSERT INTO "ar_internal_metadata" ("key", "value", "created_at", "updated_at") VALUES ('environment', 'development', '2024-12-25 08:10:55.372528', '2024-12-25 08:10:55.372534') RETURNING "key" /*application='Lifeglow'*/[0m
  [1m[36mActiveRecord::InternalMetadata Load (0.9ms)[0m  [1m[34mSELECT * FROM "ar_internal_metadata" WHERE "ar_internal_metadata"."key" = 'environment' ORDER BY "ar_internal_metadata"."key" ASC LIMIT 1 /*application='Lifeglow'*/[0m
  [1m[36mActiveRecord::InternalMetadata Update (19.5ms)[0m  [1m[33mUPDATE "ar_internal_metadata" SET "value" = 'test', "updated_at" = '2024-12-25 08:10:55.403179' WHERE "ar_internal_metadata"."key" = 'environment' /*application='Lifeglow'*/[0m
  [1m[36mActiveRecord::InternalMetadata Load (0.6ms)[0m  [1m[34mSELECT * FROM "ar_internal_metadata" WHERE "ar_internal_metadata"."key" = 'schema_sha1' ORDER BY "ar_internal_metadata"."key" ASC LIMIT 1 /*application='Lifeglow'*/[0m
  [1m[36mActiveRecord::InternalMetadata Create (20.1ms)[0m  [1m[32mINSERT INTO "ar_internal_metadata" ("key", "value", "created_at", "updated_at") VALUES ('schema_sha1', '62f0841ef5bc690c527bcac45fb2dad2ad880256', '2024-12-25 08:10:55.426609', '2024-12-25 08:10:55.426620') RETURNING "key" /*application='Lifeglow'*/[0m
  [1m[36mActiveRecord::SchemaMigration Load (1.3ms)[0m  [1m[34mSELECT "schema_migrations"."version" FROM "schema_migrations" ORDER BY "schema_migrations"."version" ASC /*application='Lifeglow'*/[0m
Started GET "/" for ::1 at 2024-12-25 13:56:05 +0545
  [1m[36mActiveRecord::SchemaMigration Load (0.8ms)[0m  [1m[34mSELECT "schema_migrations"."version" FROM "schema_migrations" ORDER BY "schema_migrations"."version" ASC /*application='Lifeglow'*/[0m
Processing by DashboardsController#index as HTML
Completed 401 Unauthorized in 41ms (ActiveRecord: 0.0ms (0 queries, 0 cached) | GC: 0.0ms)


Started GET "/signin" for ::1 at 2024-12-25 13:56:06 +0545
Processing by Devise::SessionsController#new as HTML
  Rendering layout layouts/application.html.erb
  Rendering /home/nihal/.rbenv/versions/3.3.6/lib/ruby/gems/3.3.0/gems/devise-4.9.4/app/views/devise/sessions/new.html.erb within layouts/application
  Rendered /home/nihal/.rbenv/versions/3.3.6/lib/ruby/gems/3.3.0/gems/devise-4.9.4/app/views/devise/shared/_links.html.erb (Duration: 3.9ms | GC: 0.0ms)
  Rendered /home/nihal/.rbenv/versions/3.3.6/lib/ruby/gems/3.3.0/gems/devise-4.9.4/app/views/devise/sessions/new.html.erb within layouts/application (Duration: 41.2ms | GC: 11.0ms)
Importmap skipped missing path: controllers/modal_controller.js
Importmap skipped missing path: controllers/modal_controller.js
  Rendered layout layouts/application.html.erb (Duration: 67.7ms | GC: 12.1ms)
Completed 200 OK in 165ms (Views: 91.5ms | ActiveRecord: 18.4ms (0 queries, 0 cached) | GC: 12.1ms)


Started POST "/signin" for ::1 at 2024-12-25 13:56:08 +0545
Processing by Devise::SessionsController#create as HTML
  Parameters: {"authenticity_token"=>"[FILTERED]", "user"=>{"email"=>"[FILTERED]", "password"=>"[FILTERED]", "remember_me"=>"0"}, "commit"=>"Log in"}
  [1m[36mUser Load (1.5ms)[0m  [1m[34mSELECT "users".* FROM "users" WHERE "users"."email" = 'a@gmail.com' ORDER BY "users"."id" ASC LIMIT 1 /*action='create',application='Lifeglow',controller='sessions'*/[0m
Completed 401 Unauthorized in 34ms (ActiveRecord: 1.2ms (1 query, 0 cached) | GC: 0.1ms)


Processing by Devise::SessionsController#new as HTML
  Parameters: {"authenticity_token"=>"[FILTERED]", "user"=>{"email"=>"[FILTERED]", "password"=>"[FILTERED]", "remember_me"=>"0"}, "commit"=>"Log in"}
  Rendering layout layouts/application.html.erb
  Rendering /home/nihal/.rbenv/versions/3.3.6/lib/ruby/gems/3.3.0/gems/devise-4.9.4/app/views/devise/sessions/new.html.erb within layouts/application
  Rendered /home/nihal/.rbenv/versions/3.3.6/lib/ruby/gems/3.3.0/gems/devise-4.9.4/app/views/devise/shared/_links.html.erb (Duration: 0.4ms | GC: 0.0ms)
  Rendered /home/nihal/.rbenv/versions/3.3.6/lib/ruby/gems/3.3.0/gems/devise-4.9.4/app/views/devise/sessions/new.html.erb within layouts/application (Duration: 7.3ms | GC: 0.0ms)
  Rendered layout layouts/application.html.erb (Duration: 8.3ms | GC: 0.0ms)
Completed 200 OK in 228ms (Views: 8.7ms | ActiveRecord: 0.0ms (0 queries, 0 cached) | GC: 0.1ms)


Started GET "/users/sign_up" for ::1 at 2024-12-25 13:56:14 +0545
Processing by Devise::RegistrationsController#new as HTML
  Rendering layout layouts/application.html.erb
  Rendering /home/nihal/.rbenv/versions/3.3.6/lib/ruby/gems/3.3.0/gems/devise-4.9.4/app/views/devise/registrations/new.html.erb within layouts/application
  Rendered /home/nihal/.rbenv/versions/3.3.6/lib/ruby/gems/3.3.0/gems/devise-4.9.4/app/views/devise/shared/_error_messages.html.erb (Duration: 0.4ms | GC: 0.0ms)
  Rendered /home/nihal/.rbenv/versions/3.3.6/lib/ruby/gems/3.3.0/gems/devise-4.9.4/app/views/devise/shared/_links.html.erb (Duration: 0.1ms | GC: 0.0ms)
  Rendered /home/nihal/.rbenv/versions/3.3.6/lib/ruby/gems/3.3.0/gems/devise-4.9.4/app/views/devise/registrations/new.html.erb within layouts/application (Duration: 5.4ms | GC: 0.0ms)
  Rendered layout layouts/application.html.erb (Duration: 6.3ms | GC: 0.0ms)
Completed 200 OK in 33ms (Views: 25.2ms | ActiveRecord: 0.0ms (0 queries, 0 cached) | GC: 0.0ms)


Started POST "/users" for ::1 at 2024-12-25 13:56:30 +0545
Processing by Devise::RegistrationsController#create as HTML
  Parameters: {"authenticity_token"=>"[FILTERED]", "user"=>{"email"=>"[FILTERED]", "password"=>"[FILTERED]", "password_confirmation"=>"[FILTERED]"}, "commit"=>"Sign up"}
  [1m[36mTRANSACTION (0.6ms)[0m  [1m[35mBEGIN /*action='create',application='Lifeglow',controller='registrations'*/[0m
  [1m[36mUser Exists? (2.2ms)[0m  [1m[34mSELECT 1 AS one FROM "users" WHERE "users"."email" = 'b@lifeglow.com' LIMIT 1 /*action='create',application='Lifeglow',controller='registrations'*/[0m
  [1m[36mUser Create (0.7ms)[0m  [1m[32mINSERT INTO "users" ("email", "encrypted_password", "reset_password_token", "reset_password_sent_at", "remember_created_at", "created_at", "updated_at") VALUES ('b@lifeglow.com', '$2a$12$0MbVMXHxz.h0u.dGjuWlvelkMwOQHnKjEFQXbc46PS3yQBlzVEk0O', NULL, NULL, NULL, '2024-12-25 08:11:30.258871', '2024-12-25 08:11:30.258871') RETURNING "id" /*action='create',application='Lifeglow',controller='registrations'*/[0m
  [1m[36mTRANSACTION (19.3ms)[0m  [1m[35mCOMMIT /*action='create',application='Lifeglow',controller='registrations'*/[0m
Redirected to http://localhost:3000/
Completed 303 See Other in 245ms (ActiveRecord: 22.8ms (2 queries, 0 cached) | GC: 0.1ms)


Started GET "/" for ::1 at 2024-12-25 13:56:30 +0545
Processing by DashboardsController#index as HTML
  [1m[36mUser Load (0.7ms)[0m  [1m[34mSELECT "users".* FROM "users" WHERE "users"."id" = 1 ORDER BY "users"."id" ASC LIMIT 1 /*action='index',application='Lifeglow',controller='dashboards'*/[0m
  Rendering layout layouts/application.html.erb
  Rendering dashboards/index.html.erb within layouts/application
  Rendered dashboards/index.html.erb within layouts/application (Duration: 0.8ms | GC: 0.0ms)
  Rendered layout layouts/application.html.erb (Duration: 1.4ms | GC: 0.0ms)
Completed 200 OK in 12ms (Views: 2.1ms | ActiveRecord: 0.7ms (1 query, 0 cached) | GC: 0.0ms)


Started GET "/money_trackers" for ::1 at 2024-12-25 13:56:37 +0545
Processing by MoneyTrackersController#index as HTML
  [1m[36mUser Load (2.1ms)[0m  [1m[34mSELECT "users".* FROM "users" WHERE "users"."id" = 1 ORDER BY "users"."id" ASC LIMIT 1 /*action='index',application='Lifeglow',controller='money_trackers'*/[0m
  [1m[36mMoneyTracker Sum (0.7ms)[0m  [1m[34mSELECT SUM("money_trackers"."amount") FROM "money_trackers" WHERE "money_trackers"."user_id" = 1 AND "money_trackers"."transaction_type" = 'Income' /*action='index',application='Lifeglow',controller='money_trackers'*/[0m
  ↳ app/controllers/money_trackers_controller.rb:6:in `index'
  [1m[36mMoneyTracker Sum (0.4ms)[0m  [1m[34mSELECT SUM("money_trackers"."amount") FROM "money_trackers" WHERE "money_trackers"."user_id" = 1 AND "money_trackers"."transaction_type" = 'Expense' /*action='index',application='Lifeglow',controller='money_trackers'*/[0m
  ↳ app/controllers/money_trackers_controller.rb:7:in `index'
  Rendering layout layouts/application.html.erb
  Rendering money_trackers/index.html.erb within layouts/application
  [1m[36mMoneyTracker Load (0.8ms)[0m  [1m[34mSELECT "money_trackers".* FROM "money_trackers" WHERE "money_trackers"."user_id" = 1 ORDER BY "money_trackers"."created_at" DESC /*action='index',application='Lifeglow',controller='money_trackers'*/[0m
  ↳ app/views/money_trackers/index.html.erb:32
  Rendered money_trackers/index.html.erb within layouts/application (Duration: 14.7ms | GC: 0.2ms)
  Rendered layout layouts/application.html.erb (Duration: 16.1ms | GC: 0.2ms)
Completed 200 OK in 115ms (Views: 16.1ms | ActiveRecord: 4.9ms (4 queries, 0 cached) | GC: 17.9ms)


Started POST "/money_trackers" for ::1 at 2024-12-25 13:57:14 +0545
Processing by MoneyTrackersController#create as HTML
  Parameters: {"authenticity_token"=>"[FILTERED]", "money_tracker"=>{"description"=>"Salary", "amount"=>"1000", "transaction_type"=>"Income"}, "commit"=>"Add"}
  [1m[36mUser Load (0.6ms)[0m  [1m[34mSELECT "users".* FROM "users" WHERE "users"."id" = 1 ORDER BY "users"."id" ASC LIMIT 1 /*action='create',application='Lifeglow',controller='money_trackers'*/[0m
Completed 500 Internal Server Error in 21ms (ActiveRecord: 0.6ms (1 query, 0 cached) | GC: 0.2ms)


  
NoMethodError (undefined method `date' for an instance of MoneyTracker):
  
app/controllers/money_trackers_controller.rb:13:in `create'
Started GET "/favicon.ico" for ::1 at 2024-12-25 13:57:14 +0545
  
ActionController::RoutingError (No route matches [GET] "/favicon.ico"):
  
  [1m[35m (0.4ms)[0m  [1m[34mSELECT pg_try_advisory_lock(2854896429164449215) /*application='Lifeglow'*/[0m
  [1m[36mActiveRecord::SchemaMigration Load (1.1ms)[0m  [1m[34mSELECT "schema_migrations"."version" FROM "schema_migrations" ORDER BY "schema_migrations"."version" ASC /*application='Lifeglow'*/[0m
  [1m[36mActiveRecord::InternalMetadata Load (0.9ms)[0m  [1m[34mSELECT * FROM "ar_internal_metadata" WHERE "ar_internal_metadata"."key" = 'environment' ORDER BY "ar_internal_metadata"."key" ASC LIMIT 1 /*application='Lifeglow'*/[0m
Migrating to AddDateToMoneyTrackers (20241225081519)
  [1m[36mTRANSACTION (0.5ms)[0m  [1m[35mBEGIN /*application='Lifeglow'*/[0m
  [1m[35m (2.5ms)[0m  [1m[35mALTER TABLE "money_trackers" ADD "date" date /*application='Lifeglow'*/[0m
  [1m[36mActiveRecord::SchemaMigration Create (0.6ms)[0m  [1m[32mINSERT INTO "schema_migrations" ("version") VALUES ('20241225081519') RETURNING "version" /*application='Lifeglow'*/[0m
  [1m[36mTRANSACTION (19.3ms)[0m  [1m[35mCOMMIT /*application='Lifeglow'*/[0m
  [1m[35m (0.4ms)[0m  [1m[34mSELECT pg_advisory_unlock(2854896429164449215) /*application='Lifeglow'*/[0m
  [1m[36mActiveRecord::SchemaMigration Load (0.3ms)[0m  [1m[34mSELECT "schema_migrations"."version" FROM "schema_migrations" ORDER BY "schema_migrations"."version" ASC /*application='Lifeglow'*/[0m
Started POST "/money_trackers" for ::1 at 2024-12-25 14:02:05 +0545
  [1m[36mActiveRecord::SchemaMigration Load (1.2ms)[0m  [1m[34mSELECT "schema_migrations"."version" FROM "schema_migrations" ORDER BY "schema_migrations"."version" ASC /*application='Lifeglow'*/[0m
Processing by MoneyTrackersController#create as HTML
  Parameters: {"authenticity_token"=>"[FILTERED]", "money_tracker"=>{"description"=>"Salary", "amount"=>"1000", "transaction_type"=>"Income"}, "commit"=>"Add"}
  [1m[36mUser Load (0.5ms)[0m  [1m[34mSELECT "users".* FROM "users" WHERE "users"."id" = 1 ORDER BY "users"."id" ASC LIMIT 1 /*action='create',application='Lifeglow',controller='money_trackers'*/[0m
Redirected to http://localhost:3000/money_trackers
Completed 302 Found in 88ms (ActiveRecord: 34.9ms (1 query, 0 cached) | GC: 0.0ms)


Started GET "/money_trackers" for ::1 at 2024-12-25 14:02:05 +0545
Processing by MoneyTrackersController#index as HTML
  [1m[36mUser Load (1.1ms)[0m  [1m[34mSELECT "users".* FROM "users" WHERE "users"."id" = 1 ORDER BY "users"."id" ASC LIMIT 1 /*action='index',application='Lifeglow',controller='money_trackers'*/[0m
  [1m[36mMoneyTracker Sum (0.7ms)[0m  [1m[34mSELECT SUM("money_trackers"."amount") FROM "money_trackers" WHERE "money_trackers"."user_id" = 1 AND "money_trackers"."transaction_type" = 'Income' /*action='index',application='Lifeglow',controller='money_trackers'*/[0m
  ↳ app/controllers/money_trackers_controller.rb:6:in `index'
  [1m[36mMoneyTracker Sum (0.3ms)[0m  [1m[34mSELECT SUM("money_trackers"."amount") FROM "money_trackers" WHERE "money_trackers"."user_id" = 1 AND "money_trackers"."transaction_type" = 'Expense' /*action='index',application='Lifeglow',controller='money_trackers'*/[0m
  ↳ app/controllers/money_trackers_controller.rb:7:in `index'
  Rendering layout layouts/application.html.erb
  Rendering money_trackers/index.html.erb within layouts/application
  [1m[36mMoneyTracker Load (2.3ms)[0m  [1m[34mSELECT "money_trackers".* FROM "money_trackers" WHERE "money_trackers"."user_id" = 1 ORDER BY "money_trackers"."created_at" DESC /*action='index',application='Lifeglow',controller='money_trackers'*/[0m
  ↳ app/views/money_trackers/index.html.erb:32
  Rendered money_trackers/index.html.erb within layouts/application (Duration: 21.5ms | GC: 11.3ms)
  Rendered layout layouts/application.html.erb (Duration: 23.3ms | GC: 11.3ms)
Completed 500 Internal Server Error in 47ms (ActiveRecord: 2.2ms (4 queries, 0 cached) | GC: 11.3ms)


  
ActionView::Template::Error (undefined local variable or method `form' for an instance of #<Class:0x00007699d720f520>)
Caused by: NameError (undefined local variable or method `form' for an instance of #<Class:0x00007699d720f520>)

Information for: ActionView::Template::Error (undefined local variable or method `form' for an instance of #<Class:0x00007699d720f520>):
    62:           <%= f.select :transaction_type, ["Income", "Expense"], {}, class: "w-full border border-gray-300 rounded px-3 py-2" %>
    63:         </div>
    64:         <div>
    65:             <%= form.label :date, "Transaction Date" %>
    66:             <%= form.date_field :date, class: "form-control" %>
    67:         </div>
    68: 
  
app/views/money_trackers/index.html.erb:65
app/views/money_trackers/index.html.erb:51

Information for cause: NameError (undefined local variable or method `form' for an instance of #<Class:0x00007699d720f520>):
  
app/views/money_trackers/index.html.erb:65
app/views/money_trackers/index.html.erb:51
Started GET "/favicon.ico" for ::1 at 2024-12-25 14:02:06 +0545
  
ActionController::RoutingError (No route matches [GET] "/favicon.ico"):
  
Started GET "/money_trackers" for ::1 at 2024-12-25 14:02:27 +0545
Processing by MoneyTrackersController#index as HTML
  [1m[36mUser Load (0.6ms)[0m  [1m[34mSELECT "users".* FROM "users" WHERE "users"."id" = 1 ORDER BY "users"."id" ASC LIMIT 1 /*action='index',application='Lifeglow',controller='money_trackers'*/[0m
  [1m[36mMoneyTracker Sum (0.5ms)[0m  [1m[34mSELECT SUM("money_trackers"."amount") FROM "money_trackers" WHERE "money_trackers"."user_id" = 1 AND "money_trackers"."transaction_type" = 'Income' /*action='index',application='Lifeglow',controller='money_trackers'*/[0m
  ↳ app/controllers/money_trackers_controller.rb:6:in `index'
  [1m[36mMoneyTracker Sum (0.6ms)[0m  [1m[34mSELECT SUM("money_trackers"."amount") FROM "money_trackers" WHERE "money_trackers"."user_id" = 1 AND "money_trackers"."transaction_type" = 'Expense' /*action='index',application='Lifeglow',controller='money_trackers'*/[0m
  ↳ app/controllers/money_trackers_controller.rb:7:in `index'
  Rendering layout layouts/application.html.erb
  Rendering money_trackers/index.html.erb within layouts/application
  [1m[36mMoneyTracker Load (0.6ms)[0m  [1m[34mSELECT "money_trackers".* FROM "money_trackers" WHERE "money_trackers"."user_id" = 1 ORDER BY "money_trackers"."created_at" DESC /*action='index',application='Lifeglow',controller='money_trackers'*/[0m
  ↳ app/views/money_trackers/index.html.erb:32
  Rendered money_trackers/index.html.erb within layouts/application (Duration: 32.9ms | GC: 0.0ms)
Importmap skipped missing path: controllers/modal_controller.js
Importmap skipped missing path: controllers/modal_controller.js
  Rendered layout layouts/application.html.erb (Duration: 42.1ms | GC: 3.5ms)
Completed 200 OK in 111ms (Views: 43.5ms | ActiveRecord: 8.3ms (4 queries, 0 cached) | GC: 4.0ms)


Started POST "/money_trackers" for ::1 at 2024-12-25 14:02:46 +0545
Processing by MoneyTrackersController#create as HTML
  Parameters: {"authenticity_token"=>"[FILTERED]", "money_tracker"=>{"amount"=>"1000", "description"=>"salary", "transaction_type"=>"Income", "date"=>"2024-12-25"}, "commit"=>"Add"}
  [1m[36mUser Load (1.0ms)[0m  [1m[34mSELECT "users".* FROM "users" WHERE "users"."id" = 1 ORDER BY "users"."id" ASC LIMIT 1 /*action='create',application='Lifeglow',controller='money_trackers'*/[0m
  [1m[36mTRANSACTION (0.7ms)[0m  [1m[35mBEGIN /*action='create',application='Lifeglow',controller='money_trackers'*/[0m
  ↳ app/controllers/money_trackers_controller.rb:13:in `create'
  [1m[36mMoneyTracker Create (3.2ms)[0m  [1m[32mINSERT INTO "money_trackers" ("user_id", "amount", "transaction_type", "description", "created_at", "updated_at", "date") VALUES (1, 1000.0, 'Income', 'salary', '2024-12-25 08:17:46.753982', '2024-12-25 08:17:46.753982', '2024-12-25') RETURNING "id" /*action='create',application='Lifeglow',controller='money_trackers'*/[0m
  ↳ app/controllers/money_trackers_controller.rb:13:in `create'
  [1m[36mTRANSACTION (17.5ms)[0m  [1m[35mCOMMIT /*action='create',application='Lifeglow',controller='money_trackers'*/[0m
  ↳ app/controllers/money_trackers_controller.rb:13:in `create'
Redirected to http://localhost:3000/money_trackers
Completed 302 Found in 43ms (ActiveRecord: 22.4ms (2 queries, 0 cached) | GC: 0.2ms)


Started GET "/money_trackers" for ::1 at 2024-12-25 14:02:46 +0545
Processing by MoneyTrackersController#index as HTML
  [1m[36mUser Load (0.6ms)[0m  [1m[34mSELECT "users".* FROM "users" WHERE "users"."id" = 1 ORDER BY "users"."id" ASC LIMIT 1 /*action='index',application='Lifeglow',controller='money_trackers'*/[0m
  [1m[36mMoneyTracker Sum (0.5ms)[0m  [1m[34mSELECT SUM("money_trackers"."amount") FROM "money_trackers" WHERE "money_trackers"."user_id" = 1 AND "money_trackers"."transaction_type" = 'Income' /*action='index',application='Lifeglow',controller='money_trackers'*/[0m
  ↳ app/controllers/money_trackers_controller.rb:6:in `index'
  [1m[36mMoneyTracker Sum (0.5ms)[0m  [1m[34mSELECT SUM("money_trackers"."amount") FROM "money_trackers" WHERE "money_trackers"."user_id" = 1 AND "money_trackers"."transaction_type" = 'Expense' /*action='index',application='Lifeglow',controller='money_trackers'*/[0m
  ↳ app/controllers/money_trackers_controller.rb:7:in `index'
  Rendering layout layouts/application.html.erb
  Rendering money_trackers/index.html.erb within layouts/application
  [1m[36mMoneyTracker Load (0.4ms)[0m  [1m[34mSELECT "money_trackers".* FROM "money_trackers" WHERE "money_trackers"."user_id" = 1 ORDER BY "money_trackers"."created_at" DESC /*action='index',application='Lifeglow',controller='money_trackers'*/[0m
  ↳ app/views/money_trackers/index.html.erb:32
  Rendered money_trackers/index.html.erb within layouts/application (Duration: 3.8ms | GC: 0.0ms)
  Rendered layout layouts/application.html.erb (Duration: 4.8ms | GC: 0.0ms)
Completed 200 OK in 21ms (Views: 4.6ms | ActiveRecord: 2.0ms (4 queries, 0 cached) | GC: 0.0ms)


Started POST "/money_trackers" for ::1 at 2024-12-25 14:03:06 +0545
Processing by MoneyTrackersController#create as HTML
  Parameters: {"authenticity_token"=>"[FILTERED]", "money_tracker"=>{"amount"=>"500", "description"=>"kharcha", "transaction_type"=>"Expense", "date"=>"2024-12-25"}, "commit"=>"Add"}
  [1m[36mUser Load (0.6ms)[0m  [1m[34mSELECT "users".* FROM "users" WHERE "users"."id" = 1 ORDER BY "users"."id" ASC LIMIT 1 /*action='create',application='Lifeglow',controller='money_trackers'*/[0m
  [1m[36mTRANSACTION (0.3ms)[0m  [1m[35mBEGIN /*action='create',application='Lifeglow',controller='money_trackers'*/[0m
  ↳ app/controllers/money_trackers_controller.rb:13:in `create'
  [1m[36mMoneyTracker Create (1.2ms)[0m  [1m[32mINSERT INTO "money_trackers" ("user_id", "amount", "transaction_type", "description", "created_at", "updated_at", "date") VALUES (1, 500.0, 'Expense', 'kharcha', '2024-12-25 08:18:06.065699', '2024-12-25 08:18:06.065699', '2024-12-25') RETURNING "id" /*action='create',application='Lifeglow',controller='money_trackers'*/[0m
  ↳ app/controllers/money_trackers_controller.rb:13:in `create'
  [1m[36mTRANSACTION (19.3ms)[0m  [1m[35mCOMMIT /*action='create',application='Lifeglow',controller='money_trackers'*/[0m
  ↳ app/controllers/money_trackers_controller.rb:13:in `create'
Redirected to http://localhost:3000/money_trackers
Completed 302 Found in 42ms (ActiveRecord: 21.3ms (2 queries, 0 cached) | GC: 0.4ms)


Started GET "/money_trackers" for ::1 at 2024-12-25 14:03:06 +0545
Processing by MoneyTrackersController#index as HTML
  [1m[36mUser Load (0.6ms)[0m  [1m[34mSELECT "users".* FROM "users" WHERE "users"."id" = 1 ORDER BY "users"."id" ASC LIMIT 1 /*action='index',application='Lifeglow',controller='money_trackers'*/[0m
  [1m[36mMoneyTracker Sum (0.5ms)[0m  [1m[34mSELECT SUM("money_trackers"."amount") FROM "money_trackers" WHERE "money_trackers"."user_id" = 1 AND "money_trackers"."transaction_type" = 'Income' /*action='index',application='Lifeglow',controller='money_trackers'*/[0m
  ↳ app/controllers/money_trackers_controller.rb:6:in `index'
  [1m[36mMoneyTracker Sum (0.3ms)[0m  [1m[34mSELECT SUM("money_trackers"."amount") FROM "money_trackers" WHERE "money_trackers"."user_id" = 1 AND "money_trackers"."transaction_type" = 'Expense' /*action='index',application='Lifeglow',controller='money_trackers'*/[0m
  ↳ app/controllers/money_trackers_controller.rb:7:in `index'
  Rendering layout layouts/application.html.erb
  Rendering money_trackers/index.html.erb within layouts/application
  [1m[36mMoneyTracker Load (0.5ms)[0m  [1m[34mSELECT "money_trackers".* FROM "money_trackers" WHERE "money_trackers"."user_id" = 1 ORDER BY "money_trackers"."created_at" DESC /*action='index',application='Lifeglow',controller='money_trackers'*/[0m
  ↳ app/views/money_trackers/index.html.erb:32
  Rendered money_trackers/index.html.erb within layouts/application (Duration: 6.2ms | GC: 0.0ms)
  Rendered layout layouts/application.html.erb (Duration: 6.7ms | GC: 0.0ms)
Completed 200 OK in 18ms (Views: 6.4ms | ActiveRecord: 1.9ms (4 queries, 0 cached) | GC: 0.0ms)


Started GET "/money_trackers" for ::1 at 2024-12-25 14:05:27 +0545
  [1m[36mActiveRecord::SchemaMigration Load (1.1ms)[0m  [1m[34mSELECT "schema_migrations"."version" FROM "schema_migrations" ORDER BY "schema_migrations"."version" ASC /*application='Lifeglow'*/[0m
Processing by MoneyTrackersController#index as HTML
  [1m[36mUser Load (0.9ms)[0m  [1m[34mSELECT "users".* FROM "users" WHERE "users"."id" = 1 ORDER BY "users"."id" ASC LIMIT 1 /*action='index',application='Lifeglow',controller='money_trackers'*/[0m
  [1m[36mMoneyTracker Sum (0.9ms)[0m  [1m[34mSELECT SUM("money_trackers"."amount") FROM "money_trackers" WHERE "money_trackers"."user_id" = 1 AND "money_trackers"."transaction_type" = 'Income' /*action='index',application='Lifeglow',controller='money_trackers'*/[0m
  ↳ app/controllers/money_trackers_controller.rb:6:in `index'
  [1m[36mMoneyTracker Sum (0.7ms)[0m  [1m[34mSELECT SUM("money_trackers"."amount") FROM "money_trackers" WHERE "money_trackers"."user_id" = 1 AND "money_trackers"."transaction_type" = 'Expense' /*action='index',application='Lifeglow',controller='money_trackers'*/[0m
  ↳ app/controllers/money_trackers_controller.rb:7:in `index'
  Rendering layout layouts/application.html.erb
  Rendering money_trackers/index.html.erb within layouts/application
  [1m[36mMoneyTracker Load (0.6ms)[0m  [1m[34mSELECT "money_trackers".* FROM "money_trackers" WHERE "money_trackers"."user_id" = 1 ORDER BY "money_trackers"."created_at" DESC /*action='index',application='Lifeglow',controller='money_trackers'*/[0m
  ↳ app/views/money_trackers/index.html.erb:32
  Rendered money_trackers/index.html.erb within layouts/application (Duration: 12.2ms | GC: 0.0ms)
Importmap skipped missing path: controllers/modal_controller.js
Importmap skipped missing path: controllers/modal_controller.js
  Rendered layout layouts/application.html.erb (Duration: 34.8ms | GC: 13.5ms)
Completed 200 OK in 131ms (Views: 37.1ms | ActiveRecord: 37.0ms (4 queries, 0 cached) | GC: 13.5ms)


